- 1131516020 2005.11.08 R45-M1-NA-C:J11-U01 2005-11-08-22.00.20.534248 R45-M1-NA-C:J11-U01 RAS KERNEL INFO ddr: Unable to steer rank=0, symbol=21 - rank is already steering symbol 255. Due to multiple symbols being over the correctable error threshold, consider replacing the card
- 1131725490 2005.11.11 R77-M0-NC-I:J18-U01 2005-11-11-08.11.30.684103 R77-M0-NC-I:J18-U01 RAS KERNEL INFO ciod: generated 1 core files for program /g/g20/valone1/SPaSM-shock/SPaSM_mpi
- 1131725490 2005.11.11 R77-M1-N4-I:J18-U11 2005-11-11-08.11.30.751718 R77-M1-N4-I:J18-U11 RAS KERNEL INFO ciod: generated 1 core files for program /g/g20/valone1/SPaSM-shock/SPaSM_mpi
- 1131739567 2005.11.11 R65-M1-N6-C:J17-U01 2005-11-11-12.06.07.374830 R65-M1-N6-C:J17-U01 RAS KERNEL INFO 1 ddr errors(s) detected and corrected on rank 0, symbol 15, bit 7
- 1131739567 2005.11.11 R06-M1-N6-C:J15-U01 2005-11-11-12.06.07.513647 R06-M1-N6-C:J15-U01 RAS KERNEL INFO 1 torus receiver x+ input pipe error(s) (dcr 0x02ec) detected and corrected
- 1131739567 2005.11.11 R20-M1-N4-C:J09-U01 2005-11-11-12.06.07.614669 R20-M1-N4-C:J09-U01 RAS KERNEL INFO 1 tree receiver 2 in re-synch state event(s) (dcr 0x019a) detected
- 1131739567 2005.11.11 R30-M0-N7-C:J09-U01 2005-11-11-12.06.07.728509 R30-M0-N7-C:J09-U01 RAS KERNEL INFO 1 ddr errors(s) detected and corrected on rank 0, symbol 26, bit 3
- 1131739567 2005.11.11 R35-M0-N0-C:J07-U01 2005-11-11-12.06.07.848330 R35-M0-N0-C:J07-U01 RAS KERNEL INFO 1 ddr errors(s) detected and corrected on rank 0, symbol 12, bit 7
- 1131739567 2005.11.11 R55-M0-N9-C:J06-U11 2005-11-11-12.06.07.949674 R55-M0-N9-C:J06-U11 RAS KERNEL INFO 2 tree receiver 1 in re-synch state event(s) (dcr 0x0185) detected
- 1131739568 2005.11.11 R65-M1-N6-C:J17-U01 2005-11-11-12.06.08.213270 R65-M1-N6-C:J17-U01 RAS KERNEL INFO CE sym 15, at 0x0ea34280, mask 0x01
- 1131739568 2005.11.11 R06-M1-N6-C:J15-U01 2005-11-11-12.06.08.293858 R06-M1-N6-C:J15-U01 RAS KERNEL INFO 1 torus receiver x- input pipe error(s) (dcr 0x02ed) detected and corrected
- 1131739568 2005.11.11 R30-M0-N7-C:J09-U01 2005-11-11-12.06.08.396479 R30-M0-N7-C:J09-U01 RAS KERNEL INFO CE sym 26, at 0x07a95e80, mask 0x10
- 1131739568 2005.11.11 R35-M0-N0-C:J07-U01 2005-11-11-12.06.08.497949 R35-M0-N0-C:J07-U01 RAS KERNEL INFO CE sym 12, at 0x1682ed20, mask 0x01
- 1131739568 2005.11.11 R55-M0-N9-C:J06-U11 2005-11-11-12.06.08.599826 R55-M0-N9-C:J06-U11 RAS KERNEL INFO 2 tree receiver 2 in re-synch state event(s) (dcr 0x019a) detected
- 1131739568 2005.11.11 R65-M1-N6-C:J17-U01 2005-11-11-12.06.08.867673 R65-M1-N6-C:J17-U01 RAS KERNEL INFO total of 1 ddr error(s) detected and corrected
- 1131739568 2005.11.11 R06-M1-N6-C:J15-U01 2005-11-11-12.06.08.958800 R06-M1-N6-C:J15-U01 RAS KERNEL INFO 1 torus receiver y+ input pipe error(s) (dcr 0x02ee) detected and corrected
- 1131739569 2005.11.11 R30-M0-N7-C:J09-U01 2005-11-11-12.06.09.077740 R30-M0-N7-C:J09-U01 RAS KERNEL INFO total of 1 ddr error(s) detected and corrected
- 1131739569 2005.11.11 R35-M0-N0-C:J07-U01 2005-11-11-12.06.09.186694 R35-M0-N0-C:J07-U01 RAS KERNEL INFO total of 1 ddr error(s) detected and corrected
- 1131739569 2005.11.11 R06-M1-N6-C:J15-U01 2005-11-11-12.06.09.456600 R06-M1-N6-C:J15-U01 RAS KERNEL INFO 1 torus receiver y- input pipe error(s) (dcr 0x02ef) detected and corrected
- 1131739569 2005.11.11 R06-M1-N6-C:J15-U01 2005-11-11-12.06.09.705310 R06-M1-N6-C:J15-U01 RAS KERNEL INFO 1 torus receiver z+ input pipe error(s) (dcr 0x02f0) detected and corrected
- 1131739569 2005.11.11 R06-M1-N6-C:J15-U01 2005-11-11-12.06.09.957512 R06-M1-N6-C:J15-U01 RAS KERNEL INFO 1 torus receiver z- input pipe error(s) (dcr 0x02f1) detected and corrected
- 1131739570 2005.11.11 R06-M1-N6-C:J15-U01 2005-11-11-12.06.10.208600 R06-M1-N6-C:J15-U01 RAS KERNEL INFO 1 tree receiver 0 in re-synch state event(s) (dcr 0x01bc) detected
- 1131739570 2005.11.11 R06-M1-N6-C:J15-U01 2005-11-11-12.06.10.459342 R06-M1-N6-C:J15-U01 RAS KERNEL INFO 1 tree receiver 2 in re-synch state event(s) (dcr 0x019a) detected
KERNMC 1131766120 2005.11.11 R55-M0-NC-C:J06-U11 2005-11-11-19.28.40.049438 R55-M0-NC-C:J06-U11 RAS KERNEL FATAL machine check interrupt (bit=0x1d): L2 dcache unit data parity error
- 1131766120 2005.11.11 R55-M0-NC-C:J06-U11 2005-11-11-19.28.40.172337 R55-M0-NC-C:J06-U11 RAS KERNEL FATAL instruction address: 0x00212190
- 1131766120 2005.11.11 R55-M0-NC-C:J06-U11 2005-11-11-19.28.40.401981 R55-M0-NC-C:J06-U11 RAS KERNEL FATAL machine check status register: 0x91800000
- 1131766120 2005.11.11 R55-M0-NC-C:J06-U11 2005-11-11-19.28.40.561986 R55-M0-NC-C:J06-U11 RAS KERNEL FATAL summary...........................1
- 1131766120 2005.11.11 R55-M0-NC-C:J06-U11 2005-11-11-19.28.40.724308 R55-M0-NC-C:J06-U11 RAS KERNEL FATAL instruction plb error.............0
- 1131766120 2005.11.11 R55-M0-NC-C:J06-U11 2005-11-11-19.28.40.886695 R55-M0-NC-C:J06-U11 RAS KERNEL FATAL data read plb error...............0
- 1131766121 2005.11.11 R55-M0-NC-C:J06-U11 2005-11-11-19.28.41.052884 R55-M0-NC-C:J06-U11 RAS KERNEL FATAL data write plb error..............1
- 1131766121 2005.11.11 R55-M0-NC-C:J06-U11 2005-11-11-19.28.41.214322 R55-M0-NC-C:J06-U11 RAS KERNEL FATAL tlb error.........................0
- 1131766121 2005.11.11 R55-M0-NC-C:J06-U11 2005-11-11-19.28.41.388235 R55-M0-NC-C:J06-U11 RAS KERNEL FATAL i-cache parity error..............0
- 1131766121 2005.11.11 R55-M0-NC-C:J06-U11 2005-11-11-19.28.41.567672 R55-M0-NC-C:J06-U11 RAS KERNEL FATAL d-cache search parity error.......0
- 1131766121 2005.11.11 R55-M0-NC-C:J06-U11 2005-11-11-19.28.41.729428 R55-M0-NC-C:J06-U11 RAS KERNEL FATAL d-cache flush parity error........1
- 1131766121 2005.11.11 R55-M0-NC-C:J06-U11 2005-11-11-19.28.41.897369 R55-M0-NC-C:J06-U11 RAS KERNEL FATAL imprecise machine check...........1
- 1131766122 2005.11.11 R55-M0-NC-C:J06-U11 2005-11-11-19.28.42.073812 R55-M0-NC-C:J06-U11 RAS KERNEL FATAL machine state register: 0x0002f900
- 1131766122 2005.11.11 R55-M0-NC-C:J06-U11 2005-11-11-19.28.42.243132 R55-M0-NC-C:J06-U11 RAS KERNEL FATAL wait state enable.................0
- 1131766122 2005.11.11 R55-M0-NC-C:J06-U11 2005-11-11-19.28.42.405580 R55-M0-NC-C:J06-U11 RAS KERNEL FATAL critical input interrupt enable...1
- 1131766122 2005.11.11 R55-M0-NC-C:J06-U11 2005-11-11-19.28.42.571545 R55-M0-NC-C:J06-U11 RAS KERNEL FATAL external input interrupt enable...1
- 1131766122 2005.11.11 R55-M0-NC-C:J06-U11 2005-11-11-19.28.42.728553 R55-M0-NC-C:J06-U11 RAS KERNEL FATAL problem state (0=sup,1=usr).......1
- 1131766122 2005.11.11 R55-M0-NC-C:J06-U11 2005-11-11-19.28.42.884617 R55-M0-NC-C:J06-U11 RAS KERNEL FATAL floating point instr. enabled.....1
- 1131766123 2005.11.11 R55-M0-NC-C:J06-U11 2005-11-11-19.28.43.049535 R55-M0-NC-C:J06-U11 RAS KERNEL FATAL machine check enable..............1
- 1131766123 2005.11.11 R55-M0-NC-C:J06-U11 2005-11-11-19.28.43.208095 R55-M0-NC-C:J06-U11 RAS KERNEL FATAL floating pt ex mode 0 enable......1
- 1131766123 2005.11.11 R55-M0-NC-C:J06-U11 2005-11-11-19.28.43.361830 R55-M0-NC-C:J06-U11 RAS KERNEL FATAL debug wait enable.................0
- 1131766123 2005.11.11 R55-M0-NC-C:J06-U11 2005-11-11-19.28.43.537777 R55-M0-NC-C:J06-U11 RAS KERNEL FATAL debug interrupt enable............0
- 1131766123 2005.11.11 R55-M0-NC-C:J06-U11 2005-11-11-19.28.43.710003 R55-M0-NC-C:J06-U11 RAS KERNEL FATAL floating pt ex mode 1 enable......1
- 1131766123 2005.11.11 R55-M0-NC-C:J06-U11 2005-11-11-19.28.43.870145 R55-M0-NC-C:J06-U11 RAS KERNEL FATAL instruction address space.........0
- 1131766124 2005.11.11 R55-M0-NC-C:J06-U11 2005-11-11-19.28.44.035992 R55-M0-NC-C:J06-U11 RAS KERNEL FATAL data address space................0
- 1131766124 2005.11.11 R55-M0-NC-C:J06-U11 2005-11-11-19.28.44.200687 R55-M0-NC-C:J06-U11 RAS KERNEL FATAL core configuration register: 0x00002000
- 1131766124 2005.11.11 R55-M0-NC-C:J06-U11 2005-11-11-19.28.44.471908 R55-M0-NC-C:J06-U11 RAS KERNEL FATAL disable store gathering..................0
- 1131766125 2005.11.11 R55-M0-NC-C:J06-U11 2005-11-11-19.28.45.124955 R55-M0-NC-C:J06-U11 RAS KERNEL FATAL disable apu instruction broadcast........0
- 1131766125 2005.11.11 R65-M1-N6-C:J17-U01 2005-11-11-19.28.45.471177 R65-M1-N6-C:J17-U01 RAS KERNEL INFO 1 ddr errors(s) detected and corrected on rank 0, symbol 15, bit 7
- 1131766125 2005.11.11 R50-M0-N1-C:J09-U11 2005-11-11-19.28.45.557113 R50-M0-N1-C:J09-U11 RAS KERNEL INFO 1 ddr errors(s) detected and corrected on rank 0, symbol 3, bit 6
- 1131766126 2005.11.11 R55-M0-NC-C:J06-U11 2005-11-11-19.28.46.699006 R55-M0-NC-C:J06-U11 RAS KERNEL FATAL disable trace broadcast..................0
- 1131766127 2005.11.11 R65-M1-N6-C:J17-U01 2005-11-11-19.28.47.141518 R65-M1-N6-C:J17-U01 RAS KERNEL INFO CE sym 15, at 0x0ea34280, mask 0x01
- 1131766127 2005.11.11 R50-M0-N1-C:J09-U11 2005-11-11-19.28.47.218048 R50-M0-N1-C:J09-U11 RAS KERNEL INFO CE sym 3, at 0x0164f840, mask 0x02
- 1131766127 2005.11.11 R46-M0-ND-C:J05-U01 2005-11-11-19.28.47.338119 R46-M0-ND-C:J05-U01 RAS KERNEL INFO 2 ddr errors(s) detected and corrected on rank 0, symbol 21, bit 0
- 1131766127 2005.11.11 R63-M1-NA-C:J14-U11 2005-11-11-19.28.47.440164 R63-M1-NA-C:J14-U11 RAS KERNEL INFO 1 ddr errors(s) detected and corrected on rank 0, symbol 30, bit 7
- 1131766127 2005.11.11 R74-M1-ND-C:J16-U11 2005-11-11-19.28.47.553069 R74-M1-ND-C:J16-U11 RAS KERNEL INFO 1 ddr errors(s) detected and corrected on rank 0, symbol 12, bit 2
- 1131766127 2005.11.11 R72-M0-N2-C:J12-U11 2005-11-11-19.28.47.666968 R72-M0-N2-C:J12-U11 RAS KERNEL INFO 18 ddr errors(s) detected and corrected on rank 0, symbol 7, bit 3
- 1131766130 2005.11.11 R55-M0-N9-C:J06-U11 2005-11-11-19.28.50.371310 R55-M0-N9-C:J06-U11 RAS KERNEL INFO 5 tree receiver 1 in re-synch state event(s) (dcr 0x0185) detected
- 1131766130 2005.11.11 R55-M0-N9-C:J06-U11 2005-11-11-19.28.50.426756 R55-M0-N9-C:J06-U11 RAS KERNEL INFO 9 tree receiver 2 in re-synch state event(s) (dcr 0x019a) detected
- 1131766130 2005.11.11 R55-M0-NC-C:J06-U11 2005-11-11-19.28.50.600932 R55-M0-NC-C:J06-U11 RAS KERNEL FATAL guaranteed instruction cache block touch.0
- 1131766130 2005.11.11 R74-M1-NB-C:J02-U11 2005-11-11-19.28.50.740723 R74-M1-NB-C:J02-U11 RAS KERNEL INFO 1 ddr errors(s) detected and corrected on rank 0, symbol 1, bit 6
- 1131766131 2005.11.11 R65-M1-N6-C:J17-U01 2005-11-11-19.28.51.370023 R65-M1-N6-C:J17-U01 RAS KERNEL INFO total of 1 ddr error(s) detected and corrected
- 1131766131 2005.11.11 R50-M0-N1-C:J09-U11 2005-11-11-19.28.51.455917 R50-M0-N1-C:J09-U11 RAS KERNEL INFO total of 1 ddr error(s) detected and corrected
- 1131766131 2005.11.11 R46-M0-ND-C:J05-U01 2005-11-11-19.28.51.583120 R46-M0-ND-C:J05-U01 RAS KERNEL INFO CE sym 21, at 0x11058500, mask 0x80
- 1131766131 2005.11.11 R63-M1-NA-C:J14-U11 2005-11-11-19.28.51.706058 R63-M1-NA-C:J14-U11 RAS KERNEL INFO CE sym 30, at 0x006f0e80, mask 0x01
- 1131766131 2005.11.11 R74-M1-ND-C:J16-U11 2005-11-11-19.28.51.820440 R74-M1-ND-C:J16-U11 RAS KERNEL INFO CE sym 12, at 0x1205fd60, mask 0x20
- 1131766131 2005.11.11 R72-M0-N2-C:J12-U11 2005-11-11-19.28.51.939874 R72-M0-N2-C:J12-U11 RAS KERNEL INFO CE sym 7, at 0x0149b9c0, mask 0x10
- 1131766135 2005.11.11 R55-M0-N9-C:J06-U11 2005-11-11-19.28.55.965109 R55-M0-N9-C:J06-U11 RAS KERNEL INFO 9 tree receiver 2 in re-synch state event(s) (dcr 0x019a) detected
- 1131766136 2005.11.11 R74-M1-NB-C:J02-U11 2005-11-11-19.28.56.047671 R74-M1-NB-C:J02-U11 RAS KERNEL INFO CE sym 1, at 0x01d7eaa0, mask 0x02
- 1131766136 2005.11.11 R55-M0-NC-C:J06-U11 2005-11-11-19.28.56.171880 R55-M0-NC-C:J06-U11 RAS KERNEL FATAL guaranteed data cache block touch........1
- 1131766136 2005.11.11 R46-M0-ND-C:J05-U01 2005-11-11-19.28.56.694931 R46-M0-ND-C:J05-U01 RAS KERNEL INFO CE sym 21, at 0x11058500, mask 0x80
- 1131766136 2005.11.11 R63-M1-NA-C:J14-U11 2005-11-11-19.28.56.771905 R63-M1-NA-C:J14-U11 RAS KERNEL INFO total of 1 ddr error(s) detected and corrected
- 1131766136 2005.11.11 R74-M1-ND-C:J16-U11 2005-11-11-19.28.56.890180 R74-M1-ND-C:J16-U11 RAS KERNEL INFO total of 1 ddr error(s) detected and corrected
- 1131766136 2005.11.11 R72-M0-N2-C:J12-U11 2005-11-11-19.28.56.993268 R72-M0-N2-C:J12-U11 RAS KERNEL INFO CE sym 7, at 0x0149b9c0, mask 0x10
- 1131766140 2005.11.11 R74-M1-NB-C:J02-U11 2005-11-11-19.29.00.782773 R74-M1-NB-C:J02-U11 RAS KERNEL INFO total of 1 ddr error(s) detected and corrected
- 1131766140 2005.11.11 R55-M0-NC-C:J06-U11 2005-11-11-19.29.00.922451 R55-M0-NC-C:J06-U11 RAS KERNEL FATAL force load/store alignment...............0
- 1131766141 2005.11.11 R46-M0-ND-C:J05-U01 2005-11-11-19.29.01.430403 R46-M0-ND-C:J05-U01 RAS KERNEL INFO total of 2 ddr error(s) detected and corrected
- 1131766141 2005.11.11 R72-M0-N2-C:J12-U11 2005-11-11-19.29.01.497807 R72-M0-N2-C:J12-U11 RAS KERNEL INFO CE sym 7, at 0x0149b9c0, mask 0x10
- 1131766145 2005.11.11 R55-M0-NC-C:J06-U11 2005-11-11-19.29.05.011777 R55-M0-NC-C:J06-U11 RAS KERNEL FATAL icache prefetch depth....................0
- 1131766145 2005.11.11 R72-M0-N2-C:J12-U11 2005-11-11-19.29.05.594305 R72-M0-N2-C:J12-U11 RAS KERNEL INFO CE sym 7, at 0x0149b9c0, mask 0x10
- 1131766149 2005.11.11 R55-M0-NC-C:J06-U11 2005-11-11-19.29.09.898983 R55-M0-NC-C:J06-U11 RAS KERNEL FATAL icache prefetch threshold................0
- 1131766150 2005.11.11 R72-M0-N2-C:J12-U11 2005-11-11-19.29.10.473856 R72-M0-N2-C:J12-U11 RAS KERNEL INFO CE sym 7, at 0x0149b9c0, mask 0x10
- 1131766156 2005.11.11 R55-M0-NC-C:J06-U11 2005-11-11-19.29.16.166299 R55-M0-NC-C:J06-U11 RAS KERNEL FATAL general purpose registers:
- 1131766156 2005.11.11 R72-M0-N2-C:J12-U11 2005-11-11-19.29.16.652543 R72-M0-N2-C:J12-U11 RAS KERNEL INFO CE sym 7, at 0x0149b9c0, mask 0x10
- 1131766161 2005.11.11 R55-M0-NC-C:J06-U11 2005-11-11-19.29.21.038541 R55-M0-NC-C:J06-U11 RAS KERNEL FATAL 0:00001570 1:0fea0410 2:1eeeeeee 3:bfd7a9d5
- 1131766161 2005.11.11 R72-M0-N2-C:J12-U11 2005-11-11-19.29.21.648373 R72-M0-N2-C:J12-U11 RAS KERNEL INFO CE sym 7, at 0x0149b9c0, mask 0x10
- 1131766165 2005.11.11 R55-M0-NC-C:J06-U11 2005-11-11-19.29.25.012226 R55-M0-NC-C:J06-U11 RAS KERNEL FATAL 4:3fe00000 5:00000000 6:4337ffff 7:ffffffff
- 1131766165 2005.11.11 R72-M0-N2-C:J12-U11 2005-11-11-19.29.25.365757 R72-M0-N2-C:J12-U11 RAS KERNEL INFO CE sym 7, at 0x0149b9c0, mask 0x10
- 1131766166 2005.11.11 R55-M0-NC-C:J06-U11 2005-11-11-19.29.26.244843 R55-M0-NC-C:J06-U11 RAS KERNEL FATAL 8:0025fee0 9:00260000 10:00261520 11:002627d0
- 1131766166 2005.11.11 R72-M0-N2-C:J12-U11 2005-11-11-19.29.26.477413 R72-M0-N2-C:J12-U11 RAS KERNEL INFO CE sym 7, at 0x0149b9c0, mask 0x10
- 1131766166 2005.11.11 R55-M0-NC-C:J06-U11 2005-11-11-19.29.26.645401 R55-M0-NC-C:J06-U11 RAS KERNEL FATAL 12:00014b2b 13:1eeeeeee 14:00225188 15:00dc4aa0
- 1131766166 2005.11.11 R72-M0-N2-C:J12-U11 2005-11-11-19.29.26.815015 R72-M0-N2-C:J12-U11 RAS KERNEL INFO CE sym 7, at 0x0149b9c0, mask 0x10
- 1131766166 2005.11.11 R55-M0-NC-C:J06-U11 2005-11-11-19.29.26.884941 R55-M0-NC-C:J06-U11 RAS KERNEL FATAL 16:0022533c 17:09b191b8 18:00e93868 19:09139198
- 1131766167 2005.11.11 R72-M0-N2-C:J12-U11 2005-11-11-19.29.27.052980 R72-M0-N2-C:J12-U11 RAS KERNEL INFO CE sym 7, at 0x0149b9c0, mask 0x10
- 1131766167 2005.11.11 R55-M0-NC-C:J06-U11 2005-11-11-19.29.27.117196 R55-M0-NC-C:J06-U11 RAS KERNEL FATAL 20:000007c6 21:000a0c00 22:0000b2ac 23:0915d5ac
- 1131766167 2005.11.11 R72-M0-N2-C:J12-U11 2005-11-11-19.29.27.291189 R72-M0-N2-C:J12-U11 RAS KERNEL INFO CE sym 7, at 0x0149b9c0, mask 0x10
- 1131766167 2005.11.11 R55-M0-NC-C:J06-U11 2005-11-11-19.29.27.349683 R55-M0-NC-C:J06-U11 RAS KERNEL FATAL 24:0915d5a8 25:002a0000 26:00000198 27:00000000
- 1131766167 2005.11.11 R72-M0-N2-C:J12-U11 2005-11-11-19.29.27.524960 R72-M0-N2-C:J12-U11 RAS KERNEL INFO CE sym 7, at 0x0149b9c0, mask 0x10
- 1131766167 2005.11.11 R55-M0-NC-C:J06-U11 2005-11-11-19.29.27.583070 R55-M0-NC-C:J06-U11 RAS KERNEL FATAL 28:0fea04c8 29:00368af0 30:0fea04d0 31:0036a3a0
- 1131766167 2005.11.11 R72-M0-N2-C:J12-U11 2005-11-11-19.29.27.764502 R72-M0-N2-C:J12-U11 RAS KERNEL INFO CE sym 7, at 0x0149b9c0, mask 0x10
- 1131766167 2005.11.11 R55-M0-NC-C:J06-U11 2005-11-11-19.29.27.830909 R55-M0-NC-C:J06-U11 RAS KERNEL FATAL special purpose registers:
- 1131766168 2005.11.11 R72-M0-N2-C:J12-U11 2005-11-11-19.29.28.008384 R72-M0-N2-C:J12-U11 RAS KERNEL INFO CE sym 7, at 0x0149b9c0, mask 0x10
- 1131766168 2005.11.11 R55-M0-NC-C:J06-U11 2005-11-11-19.29.28.073560 R55-M0-NC-C:J06-U11 RAS KERNEL FATAL lr:0020e208 cr:84404422 xer:00000002 ctr:00143838
- 1131766168 2005.11.11 R72-M0-N2-C:J12-U11 2005-11-11-19.29.28.254211 R72-M0-N2-C:J12-U11 RAS KERNEL INFO CE sym 7, at 0x0149b9c0, mask 0x10
KERNRTSP 1131766168 2005.11.11 R55-M0-NC-C:J06-U11 2005-11-11-19.29.28.318610 R55-M0-NC-C:J06-U11 RAS KERNEL FATAL rts panic! - stopping execution
- 1131766168 2005.11.11 R72-M0-N2-C:J12-U11 2005-11-11-19.29.28.497870 R72-M0-N2-C:J12-U11 RAS KERNEL INFO CE sym 7, at 0x0149b9c0, mask 0x10
- 1131766168 2005.11.11 R72-M0-N2-C:J12-U11 2005-11-11-19.29.28.647902 R72-M0-N2-C:J12-U11 RAS KERNEL INFO CE sym 7, at 0x0149b9c0, mask 0x10
- 1131766168 2005.11.11 R72-M0-N2-C:J12-U11 2005-11-11-19.29.28.795535 R72-M0-N2-C:J12-U11 RAS KERNEL INFO total of 18 ddr error(s) detected and corrected
KERNMC 1131972434 2005.11.14 R07-M1-N2-C:J17-U01 2005-11-14-04.47.14.461346 R07-M1-N2-C:J17-U01 RAS KERNEL FATAL machine check interrupt (bit=0x06): L3 major internal error
- 1131972434 2005.11.14 R07-M1-N2-C:J17-U01 2005-11-14-04.47.14.700770 R07-M1-N2-C:J17-U01 RAS KERNEL FATAL instruction address: 0x00292544
- 1131972434 2005.11.14 R07-M1-N2-C:J17-U01 2005-11-14-04.47.14.955742 R07-M1-N2-C:J17-U01 RAS KERNEL FATAL machine check status register: 0xa0000000
- 1131972435 2005.11.14 R07-M1-N2-C:J17-U01 2005-11-14-04.47.15.212862 R07-M1-N2-C:J17-U01 RAS KERNEL FATAL summary...........................1
- 1131972435 2005.11.14 R07-M1-N2-C:J17-U01 2005-11-14-04.47.15.470462 R07-M1-N2-C:J17-U01 RAS KERNEL FATAL instruction plb error.............0
- 1131972435 2005.11.14 R07-M1-N2-C:J17-U01 2005-11-14-04.47.15.727004 R07-M1-N2-C:J17-U01 RAS KERNEL FATAL data read plb error...............1
- 1131972435 2005.11.14 R07-M1-N2-C:J17-U01 2005-11-14-04.47.15.984476 R07-M1-N2-C:J17-U01 RAS KERNEL FATAL data write plb error..............0
- 1131972436 2005.11.14 R07-M1-N2-C:J17-U01 2005-11-14-04.47.16.240562 R07-M1-N2-C:J17-U01 RAS KERNEL FATAL tlb error.........................0
- 1131972436 2005.11.14 R07-M1-N2-C:J17-U01 2005-11-14-04.47.16.497956 R07-M1-N2-C:J17-U01 RAS KERNEL FATAL i-cache parity error..............0
- 1131972436 2005.11.14 R07-M1-N2-C:J17-U01 2005-11-14-04.47.16.760788 R07-M1-N2-C:J17-U01 RAS KERNEL FATAL d-cache search parity error.......0
- 1131972437 2005.11.14 R07-M1-N2-C:J17-U01 2005-11-14-04.47.17.012465 R07-M1-N2-C:J17-U01 RAS KERNEL FATAL d-cache flush parity error........0
- 1131972437 2005.11.14 R07-M1-N2-C:J17-U01 2005-11-14-04.47.17.269535 R07-M1-N2-C:J17-U01 RAS KERNEL FATAL imprecise machine check...........0
- 1131972437 2005.11.14 R07-M1-N2-C:J17-U01 2005-11-14-04.47.17.525782 R07-M1-N2-C:J17-U01 RAS KERNEL FATAL machine state register: 0x0002f900
- 1131972437 2005.11.14 R07-M1-N2-C:J17-U01 2005-11-14-04.47.17.819787 R07-M1-N2-C:J17-U01 RAS KERNEL FATAL wait state enable.................0
- 1131972438 2005.11.14 R07-M1-N2-C:J17-U01 2005-11-14-04.47.18.079205 R07-M1-N2-C:J17-U01 RAS KERNEL FATAL critical input interrupt enable...1
- 1131972438 2005.11.14 R07-M1-N2-C:J17-U01 2005-11-14-04.47.18.343898 R07-M1-N2-C:J17-U01 RAS KERNEL FATAL external input interrupt enable...1
- 1131972438 2005.11.14 R07-M1-N2-C:J17-U01 2005-11-14-04.47.18.626568 R07-M1-N2-C:J17-U01 RAS KERNEL FATAL problem state (0=sup,1=usr).......1
- 1131972438 2005.11.14 R07-M1-N2-C:J17-U01 2005-11-14-04.47.18.893231 R07-M1-N2-C:J17-U01 RAS KERNEL FATAL floating point instr. enabled.....1
- 1131972439 2005.11.14 R07-M1-N2-C:J17-U01 2005-11-14-04.47.19.157293 R07-M1-N2-C:J17-U01 RAS KERNEL FATAL machine check enable..............1
- 1131972439 2005.11.14 R07-M1-N2-C:J17-U01 2005-11-14-04.47.19.427433 R07-M1-N2-C:J17-U01 RAS KERNEL FATAL floating pt ex mode 0 enable......1
- 1131972439 2005.11.14 R07-M1-N2-C:J17-U01 2005-11-14-04.47.19.784452 R07-M1-N2-C:J17-U01 RAS KERNEL FATAL debug wait enable.................0
- 1131972440 2005.11.14 R07-M1-N2-C:J17-U01 2005-11-14-04.47.20.407215 R07-M1-N2-C:J17-U01 RAS KERNEL FATAL debug interrupt enable............0
- 1131972441 2005.11.14 R07-M1-N2-C:J17-U01 2005-11-14-04.47.21.570870 R07-M1-N2-C:J17-U01 RAS KERNEL FATAL floating pt ex mode 1 enable......1
- 1131972443 2005.11.14 R07-M1-N2-C:J17-U01 2005-11-14-04.47.23.870292 R07-M1-N2-C:J17-U01 RAS KERNEL FATAL instruction address space.........0
- 1131972448 2005.11.14 R07-M1-N2-C:J17-U01 2005-11-14-04.47.28.556198 R07-M1-N2-C:J17-U01 RAS KERNEL FATAL data address space................0
- 1131972457 2005.11.14 R07-M1-N2-C:J17-U01 2005-11-14-04.47.37.031651 R07-M1-N2-C:J17-U01 RAS KERNEL FATAL core configuration register: 0x40002000
- 1131972466 2005.11.14 R07-M1-N2-C:J17-U01 2005-11-14-04.47.46.946037 R07-M1-N2-C:J17-U01 RAS KERNEL FATAL disable store gathering..................0
- 1131972481 2005.11.14 R07-M1-N2-C:J17-U01 2005-11-14-04.48.01.823305 R07-M1-N2-C:J17-U01 RAS KERNEL FATAL disable apu instruction broadcast........0
- 1132012896 2005.11.14 R30-M0-N7-C:J09-U01 2005-11-14-16.01.36.862116 R30-M0-N7-C:J09-U01 RAS KERNEL INFO 1 ddr errors(s) detected and corrected on rank 0, symbol 26, bit 3
- 1132012897 2005.11.14 R30-M0-N7-C:J09-U01 2005-11-14-16.01.37.167892 R30-M0-N7-C:J09-U01 RAS KERNEL INFO CE sym 26, at 0x07a95e80, mask 0x10
- 1132012897 2005.11.14 R30-M0-N7-C:J09-U01 2005-11-14-16.01.37.422268 R30-M0-N7-C:J09-U01 RAS KERNEL INFO total of 1 ddr error(s) detected and corrected
- 1132013078 2005.11.14 R03-M0-N3-C:J02-U11 2005-11-14-16.04.38.866321 R03-M0-N3-C:J02-U11 RAS KERNEL INFO 1 ddr errors(s) detected and corrected on rank 0, symbol 33, bit 0
- 1132013079 2005.11.14 R35-M1-NA-C:J09-U01 2005-11-14-16.04.39.181710 R35-M1-NA-C:J09-U01 RAS KERNEL INFO 2 L3 EDRAM error(s) (dcr 0x0157) detected and corrected
- 1132013079 2005.11.14 R06-M0-NB-C:J16-U01 2005-11-14-16.04.39.274351 R06-M0-NB-C:J16-U01 RAS KERNEL INFO 3 ddr errors(s) detected and corrected on rank 0, symbol 22, bit 2
- 1132013079 2005.11.14 R03-M0-N3-C:J02-U11 2005-11-14-16.04.39.361932 R03-M0-N3-C:J02-U11 RAS KERNEL INFO CE sym 33, at 0x00dbd200, mask 0x80
- 1132013079 2005.11.14 R06-M0-NB-C:J16-U01 2005-11-14-16.04.39.630666 R06-M0-NB-C:J16-U01 RAS KERNEL INFO CE sym 22, at 0x009c14e0, mask 0x20
- 1132013079 2005.11.14 R03-M0-N3-C:J02-U11 2005-11-14-16.04.39.714002 R03-M0-N3-C:J02-U11 RAS KERNEL INFO total of 1 ddr error(s) detected and corrected
- 1132013079 2005.11.14 R06-M0-NB-C:J16-U01 2005-11-14-16.04.39.982162 R06-M0-NB-C:J16-U01 RAS KERNEL INFO CE sym 22, at 0x009c14e0, mask 0x20
- 1132013080 2005.11.14 R06-M0-NB-C:J16-U01 2005-11-14-16.04.40.226115 R06-M0-NB-C:J16-U01 RAS KERNEL INFO CE sym 22, at 0x009c14e0, mask 0x20
- 1132013080 2005.11.14 R06-M0-NB-C:J16-U01 2005-11-14-16.04.40.476129 R06-M0-NB-C:J16-U01 RAS KERNEL INFO total of 3 ddr error(s) detected and corrected
- 1132016362 2005.11.14 R30-M0-N7-C:J09-U01 2005-11-14-16.59.22.867295 R30-M0-N7-C:J09-U01 RAS KERNEL INFO 1 ddr errors(s) detected and corrected on rank 0, symbol 26, bit 3
- 1132016363 2005.11.14 R30-M0-N7-C:J09-U01 2005-11-14-16.59.23.116539 R30-M0-N7-C:J09-U01 RAS KERNEL INFO CE sym 26, at 0x07a95e80, mask 0x10
- 1132016363 2005.11.14 R30-M0-N7-C:J09-U01 2005-11-14-16.59.23.372261 R30-M0-N7-C:J09-U01 RAS KERNEL INFO total of 1 ddr error(s) detected and corrected
- 1132035097 2005.11.14 R54-M1-N0-I:J18-U01 2005-11-14-22.11.37.073159 R54-M1-N0-I:J18-U01 RAS KERNEL INFO ciod: generated 1 core files for program /g/g13/ikuo/BGL/JGH_SHOCK/cpmd.x
- 1132035097 2005.11.14 R54-M0-N4-I:J18-U11 2005-11-14-22.11.37.141890 R54-M0-N4-I:J18-U11 RAS KERNEL INFO ciod: generated 4 core files for program /g/g13/ikuo/BGL/JGH_SHOCK/cpmd.x
- 1132035097 2005.11.14 R54-M0-N4-I:J18-U01 2005-11-14-22.11.37.243411 R54-M0-N4-I:J18-U01 RAS KERNEL INFO ciod: generated 8 core files for program /g/g13/ikuo/BGL/JGH_SHOCK/cpmd.x
- 1132035097 2005.11.14 R54-M0-N0-I:J18-U01 2005-11-14-22.11.37.345643 R54-M0-N0-I:J18-U01 RAS KERNEL INFO ciod: generated 3 core files for program /g/g13/ikuo/BGL/JGH_SHOCK/cpmd.x
- 1132035097 2005.11.14 R51-M1-N0-I:J18-U01 2005-11-14-22.11.37.368465 R51-M1-N0-I:J18-U01 RAS KERNEL INFO ciod: generated 8 core files for program /g/g13/ikuo/BGL/JGH_SHOCK/cpmd.x
- 1132035097 2005.11.14 R55-M0-N0-I:J18-U11 2005-11-14-22.11.37.495108 R55-M0-N0-I:J18-U11 RAS KERNEL INFO ciod: generated 4 core files for program /g/g13/ikuo/BGL/JGH_SHOCK/cpmd.x
- 1132035097 2005.11.14 R55-M0-N0-I:J18-U01 2005-11-14-22.11.37.692321 R55-M0-N0-I:J18-U01 RAS KERNEL INFO ciod: generated 1 core files for program /g/g13/ikuo/BGL/JGH_SHOCK/cpmd.x
- 1132035097 2005.11.14 R55-M0-NC-I:J18-U01 2005-11-14-22.11.37.715688 R55-M0-NC-I:J18-U01 RAS KERNEL INFO ciod: generated 5 core files for program /g/g13/ikuo/BGL/JGH_SHOCK/cpmd.x
- 1132035097 2005.11.14 R51-M1-N8-I:J18-U01 2005-11-14-22.11.37.739454 R51-M1-N8-I:J18-U01 RAS KERNEL INFO ciod: generated 15 core files for program /g/g13/ikuo/BGL/JGH_SHOCK/cpmd.x
- 1132035097 2005.11.14 R50-M0-NC-I:J18-U01 2005-11-14-22.11.37.763359 R50-M0-NC-I:J18-U01 RAS KERNEL INFO ciod: generated 1 core files for program /g/g13/ikuo/BGL/JGH_SHOCK/cpmd.x
- 1132035097 2005.11.14 R51-M0-N8-I:J18-U11 2005-11-14-22.11.37.787249 R51-M0-N8-I:J18-U11 RAS KERNEL INFO ciod: generated 1 core files for program /g/g13/ikuo/BGL/JGH_SHOCK/cpmd.x
- 1132035097 2005.11.14 R51-M0-N8-I:J18-U01 2005-11-14-22.11.37.811273 R51-M0-N8-I:J18-U01 RAS KERNEL INFO ciod: generated 5 core files for program /g/g13/ikuo/BGL/JGH_SHOCK/cpmd.x
- 1132035097 2005.11.14 R50-M1-NC-I:J18-U11 2005-11-14-22.11.37.835408 R50-M1-NC-I:J18-U11 RAS KERNEL INFO ciod: generated 1 core files for program /g/g13/ikuo/BGL/JGH_SHOCK/cpmd.x
- 1132035097 2005.11.14 R55-M1-N8-I:J18-U11 2005-11-14-22.11.37.865204 R55-M1-N8-I:J18-U11 RAS KERNEL INFO ciod: generated 1 core files for program /g/g13/ikuo/BGL/JGH_SHOCK/cpmd.x
- 1132035097 2005.11.14 R50-M0-N8-I:J18-U11 2005-11-14-22.11.37.889553 R50-M0-N8-I:J18-U11 RAS KERNEL INFO ciod: generated 5 core files for program /g/g13/ikuo/BGL/JGH_SHOCK/cpmd.x
- 1132035097 2005.11.14 R50-M0-N4-I:J18-U11 2005-11-14-22.11.37.991508 R50-M0-N4-I:J18-U11 RAS KERNEL INFO ciod: generated 3 core files for program /g/g13/ikuo/BGL/JGH_SHOCK/cpmd.x
- 1132035098 2005.11.14 R50-M0-N4-I:J18-U01 2005-11-14-22.11.38.093102 R50-M0-N4-I:J18-U01 RAS KERNEL INFO ciod: generated 8 core files for program /g/g13/ikuo/BGL/JGH_SHOCK/cpmd.x
- 1132035098 2005.11.14 R54-M0-NC-I:J18-U01 2005-11-14-22.11.38.116872 R54-M0-NC-I:J18-U01 RAS KERNEL INFO ciod: generated 6 core files for program /g/g13/ikuo/BGL/JGH_SHOCK/cpmd.x
- 1132035098 2005.11.14 R54-M0-N8-I:J18-U01 2005-11-14-22.11.38.140506 R54-M0-N8-I:J18-U01 RAS KERNEL INFO ciod: generated 1 core files for program /g/g13/ikuo/BGL/JGH_SHOCK/cpmd.x
APPTORUS 1132035291 2005.11.14 R51-M1-NA-C:J03-U11 2005-11-14-22.14.51.776166 R51-M1-NA-C:J03-U11 RAS APP FATAL external input interrupt (unit=0x02 bit=0x00): uncorrectable torus error
APPTORUS 1132035291 2005.11.14 R51-M1-NA-C:J07-U11 2005-11-14-22.14.51.877527 R51-M1-NA-C:J07-U11 RAS APP FATAL external input interrupt (unit=0x02 bit=0x00): uncorrectable torus error
APPTORUS 1132035291 2005.11.14 R55-M1-N2-C:J08-U01 2005-11-14-22.14.51.907100 R55-M1-N2-C:J08-U01 RAS APP FATAL external input interrupt (unit=0x02 bit=0x00): uncorrectable torus error
APPTORUS 1132035291 2005.11.14 R51-M1-N1-C:J14-U11 2005-11-14-22.14.51.930813 R51-M1-N1-C:J14-U11 RAS APP FATAL external input interrupt (unit=0x02 bit=0x00): uncorrectable torus error
APPTORUS 1132035291 2005.11.14 R51-M1-N1-C:J08-U01 2005-11-14-22.14.51.967542 R51-M1-N1-C:J08-U01 RAS APP FATAL external input interrupt (unit=0x02 bit=0x00): uncorrectable torus error
- 1132035292 2005.11.14 R51-M1-NA-C:J03-U11 2005-11-14-22.14.52.009409 R51-M1-NA-C:J03-U11 RAS APP FATAL Torus non-recoverable error DCRs follow.
- 1132035292 2005.11.14 R51-M1-NA-C:J07-U11 2005-11-14-22.14.52.079476 R51-M1-NA-C:J07-U11 RAS APP FATAL Torus non-recoverable error DCRs follow.
- 1132035292 2005.11.14 R55-M0-N9-C:J06-U11 2005-11-14-22.14.52.105369 R55-M0-N9-C:J06-U11 RAS KERNEL INFO 1 tree receiver 1 in re-synch state event(s) (dcr 0x0185) detected
- 1132035292 2005.11.14 R55-M1-N2-C:J08-U01 2005-11-14-22.14.52.186742 R55-M1-N2-C:J08-U01 RAS APP FATAL Torus non-recoverable error DCRs follow.
- 1132035292 2005.11.14 R51-M1-N1-C:J14-U11 2005-11-14-22.14.52.203721 R51-M1-N1-C:J14-U11 RAS APP FATAL Torus non-recoverable error DCRs follow.
- 1132035292 2005.11.14 R51-M1-N1-C:J08-U01 2005-11-14-22.14.52.221336 R51-M1-N1-C:J08-U01 RAS APP FATAL Torus non-recoverable error DCRs follow.
- 1132035292 2005.11.14 R51-M1-NA-C:J03-U11 2005-11-14-22.14.52.272859 R51-M1-NA-C:J03-U11 RAS APP FATAL DCR 0x2DC : 0x00000000
- 1132035292 2005.11.14 R51-M1-NA-C:J07-U11 2005-11-14-22.14.52.336189 R51-M1-NA-C:J07-U11 RAS APP FATAL DCR 0x2DC : 0x00000000
- 1132035292 2005.11.14 R55-M0-N9-C:J06-U11 2005-11-14-22.14.52.353323 R55-M0-N9-C:J06-U11 RAS KERNEL INFO 1 tree receiver 2 in re-synch state event(s) (dcr 0x019a) detected
- 1132035292 2005.11.14 R55-M1-N2-C:J08-U01 2005-11-14-22.14.52.365071 R55-M1-N2-C:J08-U01 RAS APP FATAL DCR 0x2DC : 0x00000000
- 1132035292 2005.11.14 R51-M1-N1-C:J14-U11 2005-11-14-22.14.52.378239 R51-M1-N1-C:J14-U11 RAS APP FATAL DCR 0x2DC : 0x00000000
- 1132035292 2005.11.14 R51-M1-N1-C:J08-U01 2005-11-14-22.14.52.395100 R51-M1-N1-C:J08-U01 RAS APP FATAL DCR 0x2DC : 0x00000000
- 1132035292 2005.11.14 R51-M1-NA-C:J03-U11 2005-11-14-22.14.52.445794 R51-M1-NA-C:J03-U11 RAS APP FATAL DCR 0x2DD : 0x00000000
- 1132035292 2005.11.14 R51-M1-NA-C:J07-U11 2005-11-14-22.14.52.515387 R51-M1-NA-C:J07-U11 RAS APP FATAL DCR 0x2DD : 0x00000000
- 1132035292 2005.11.14 R55-M1-N2-C:J08-U01 2005-11-14-22.14.52.532767 R55-M1-N2-C:J08-U01 RAS APP FATAL DCR 0x2DD : 0x00000000
- 1132035292 2005.11.14 R51-M1-N1-C:J14-U11 2005-11-14-22.14.52.544915 R51-M1-N1-C:J14-U11 RAS APP FATAL DCR 0x2DD : 0x00000000
- 1132035292 2005.11.14 R51-M1-N1-C:J08-U01 2005-11-14-22.14.52.563595 R51-M1-N1-C:J08-U01 RAS APP FATAL DCR 0x2DD : 0x00000000
- 1132035292 2005.11.14 R51-M1-NA-C:J03-U11 2005-11-14-22.14.52.616968 R51-M1-NA-C:J03-U11 RAS APP FATAL DCR 0x2DE : 0x00000000
- 1132035292 2005.11.14 R51-M1-NA-C:J07-U11 2005-11-14-22.14.52.700900 R51-M1-NA-C:J07-U11 RAS APP FATAL DCR 0x2DE : 0x00000000
- 1132035292 2005.11.14 R55-M1-N2-C:J08-U01 2005-11-14-22.14.52.718484 R55-M1-N2-C:J08-U01 RAS APP FATAL DCR 0x2DE : 0x00000000
- 1132035292 2005.11.14 R51-M1-N1-C:J14-U11 2005-11-14-22.14.52.736147 R51-M1-N1-C:J14-U11 RAS APP FATAL DCR 0x2DE : 0x00000000
- 1132035292 2005.11.14 R51-M1-N1-C:J08-U01 2005-11-14-22.14.52.748117 R51-M1-N1-C:J08-U01 RAS APP FATAL DCR 0x2DE : 0x00000000
- 1132035292 2005.11.14 R51-M1-NA-C:J03-U11 2005-11-14-22.14.52.786072 R51-M1-NA-C:J03-U11 RAS APP FATAL DCR 0x2DF : 0x00000000
- 1132035292 2005.11.14 R51-M1-NA-C:J07-U11 2005-11-14-22.14.52.862780 R51-M1-NA-C:J07-U11 RAS APP FATAL DCR 0x2DF : 0x00000000
- 1132035292 2005.11.14 R55-M1-N2-C:J08-U01 2005-11-14-22.14.52.880544 R55-M1-N2-C:J08-U01 RAS APP FATAL DCR 0x2DF : 0x00000000
- 1132035292 2005.11.14 R51-M1-N1-C:J14-U11 2005-11-14-22.14.52.898674 R51-M1-N1-C:J14-U11 RAS APP FATAL DCR 0x2DF : 0x00000000
- 1132035292 2005.11.14 R51-M1-N1-C:J08-U01 2005-11-14-22.14.52.916472 R51-M1-N1-C:J08-U01 RAS APP FATAL DCR 0x2DF : 0x00000000
- 1132035292 2005.11.14 R51-M1-NA-C:J03-U11 2005-11-14-22.14.52.972021 R51-M1-NA-C:J03-U11 RAS APP FATAL DCR 0x2E0 : 0x00000000
- 1132035293 2005.11.14 R51-M1-NA-C:J07-U11 2005-11-14-22.14.53.048454 R51-M1-NA-C:J07-U11 RAS APP FATAL DCR 0x2E0 : 0x00000000
- 1132035293 2005.11.14 R55-M1-N2-C:J08-U01 2005-11-14-22.14.53.066630 R55-M1-N2-C:J08-U01 RAS APP FATAL DCR 0x2E0 : 0x00000000
- 1132035293 2005.11.14 R51-M1-N1-C:J14-U11 2005-11-14-22.14.53.084691 R51-M1-N1-C:J14-U11 RAS APP FATAL DCR 0x2E0 : 0x00000000
- 1132035293 2005.11.14 R51-M1-N1-C:J08-U01 2005-11-14-22.14.53.102185 R51-M1-N1-C:J08-U01 RAS APP FATAL DCR 0x2E0 : 0x00000000
- 1132035293 2005.11.14 R51-M1-NA-C:J03-U11 2005-11-14-22.14.53.146268 R51-M1-NA-C:J03-U11 RAS APP FATAL DCR 0x2E1 : 0x00000000
- 1132035293 2005.11.14 R51-M1-NA-C:J07-U11 2005-11-14-22.14.53.221655 R51-M1-NA-C:J07-U11 RAS APP FATAL DCR 0x2E1 : 0x00000000
- 1132035293 2005.11.14 R55-M1-N2-C:J08-U01 2005-11-14-22.14.53.240122 R55-M1-N2-C:J08-U01 RAS APP FATAL DCR 0x2E1 : 0x00000000
- 1132035293 2005.11.14 R51-M1-N1-C:J14-U11 2005-11-14-22.14.53.257095 R51-M1-N1-C:J14-U11 RAS APP FATAL DCR 0x2E1 : 0x00000000
- 1132035293 2005.11.14 R51-M1-N1-C:J08-U01 2005-11-14-22.14.53.269072 R51-M1-N1-C:J08-U01 RAS APP FATAL DCR 0x2E1 : 0x00000000
- 1132035293 2005.11.14 R51-M1-NA-C:J03-U11 2005-11-14-22.14.53.330760 R51-M1-NA-C:J03-U11 RAS APP FATAL DCR 0x2E2 : 0x00000000
- 1132035293 2005.11.14 R51-M1-NA-C:J07-U11 2005-11-14-22.14.53.407545 R51-M1-NA-C:J07-U11 RAS APP FATAL DCR 0x2E2 : 0x00000000
- 1132035293 2005.11.14 R55-M1-N2-C:J08-U01 2005-11-14-22.14.53.425190 R55-M1-N2-C:J08-U01 RAS APP FATAL DCR 0x2E2 : 0x00000000
- 1132035293 2005.11.14 R51-M1-N1-C:J14-U11 2005-11-14-22.14.53.443320 R51-M1-N1-C:J14-U11 RAS APP FATAL DCR 0x2E2 : 0x00000000
- 1132035293 2005.11.14 R51-M1-N1-C:J08-U01 2005-11-14-22.14.53.461158 R51-M1-N1-C:J08-U01 RAS APP FATAL DCR 0x2E2 : 0x00000000
- 1132035293 2005.11.14 R51-M1-NA-C:J03-U11 2005-11-14-22.14.53.504608 R51-M1-NA-C:J03-U11 RAS APP FATAL DCR 0x2E3 : 0x00000000
- 1132035293 2005.11.14 R51-M1-NA-C:J07-U11 2005-11-14-22.14.53.580919 R51-M1-NA-C:J07-U11 RAS APP FATAL DCR 0x2E3 : 0x00000000
- 1132035293 2005.11.14 R55-M1-N2-C:J08-U01 2005-11-14-22.14.53.599102 R55-M1-N2-C:J08-U01 RAS APP FATAL DCR 0x2E3 : 0x00000000
- 1132035293 2005.11.14 R51-M1-N1-C:J14-U11 2005-11-14-22.14.53.616722 R51-M1-N1-C:J14-U11 RAS APP FATAL DCR 0x2E3 : 0x00000000
- 1132035293 2005.11.14 R51-M1-N1-C:J08-U01 2005-11-14-22.14.53.634654 R51-M1-N1-C:J08-U01 RAS APP FATAL DCR 0x2E3 : 0x00000000
- 1132035293 2005.11.14 R51-M1-NA-C:J03-U11 2005-11-14-22.14.53.684186 R51-M1-NA-C:J03-U11 RAS APP FATAL DCR 0x2E4 : 0x00000000
- 1132035293 2005.11.14 R51-M1-NA-C:J07-U11 2005-11-14-22.14.53.760487 R51-M1-NA-C:J07-U11 RAS APP FATAL DCR 0x2E4 : 0x00000000
- 1132035293 2005.11.14 R55-M1-N2-C:J08-U01 2005-11-14-22.14.53.778364 R55-M1-N2-C:J08-U01 RAS APP FATAL DCR 0x2E4 : 0x00000800
- 1132035293 2005.11.14 R51-M1-N1-C:J14-U11 2005-11-14-22.14.53.797072 R51-M1-N1-C:J14-U11 RAS APP FATAL DCR 0x2E4 : 0x00000000
- 1132035293 2005.11.14 R51-M1-N1-C:J08-U01 2005-11-14-22.14.53.814507 R51-M1-N1-C:J08-U01 RAS APP FATAL DCR 0x2E4 : 0x00080800
- 1132035293 2005.11.14 R51-M1-NA-C:J03-U11 2005-11-14-22.14.53.857898 R51-M1-NA-C:J03-U11 RAS APP FATAL DCR 0x2E5 : 0x00000800
- 1132035293 2005.11.14 R51-M1-NA-C:J07-U11 2005-11-14-22.14.53.945843 R51-M1-NA-C:J07-U11 RAS APP FATAL DCR 0x2E5 : 0x00080000
- 1132035293 2005.11.14 R55-M1-N2-C:J08-U01 2005-11-14-22.14.53.963814 R55-M1-N2-C:J08-U01 RAS APP FATAL DCR 0x2E5 : 0x00000000
- 1132035293 2005.11.14 R51-M1-N1-C:J14-U11 2005-11-14-22.14.53.981830 R51-M1-N1-C:J14-U11 RAS APP FATAL DCR 0x2E5 : 0x00080000
- 1132035293 2005.11.14 R51-M1-N1-C:J08-U01 2005-11-14-22.14.53.999871 R51-M1-N1-C:J08-U01 RAS APP FATAL DCR 0x2E5 : 0x00000000
- 1132035294 2005.11.14 R51-M1-NA-C:J03-U11 2005-11-14-22.14.54.061361 R51-M1-NA-C:J03-U11 RAS APP FATAL DCR 0x2E6 : 0x00000000
- 1132035294 2005.11.14 R51-M1-NA-C:J07-U11 2005-11-14-22.14.54.137534 R51-M1-NA-C:J07-U11 RAS APP FATAL DCR 0x2E6 : 0x00000000
- 1132035294 2005.11.14 R55-M1-N2-C:J08-U01 2005-11-14-22.14.54.155339 R55-M1-N2-C:J08-U01 RAS APP FATAL DCR 0x2E6 : 0x00000000
- 1132035294 2005.11.14 R51-M1-N1-C:J14-U11 2005-11-14-22.14.54.173343 R51-M1-N1-C:J14-U11 RAS APP FATAL DCR 0x2E6 : 0x00000000
- 1132035294 2005.11.14 R51-M1-N1-C:J08-U01 2005-11-14-22.14.54.191352 R51-M1-N1-C:J08-U01 RAS APP FATAL DCR 0x2E6 : 0x00000000
- 1132035294 2005.11.14 R51-M1-NA-C:J03-U11 2005-11-14-22.14.54.234925 R51-M1-NA-C:J03-U11 RAS APP FATAL DCR 0x2E7 : 0x00000000
- 1132035294 2005.11.14 R51-M1-NA-C:J07-U11 2005-11-14-22.14.54.310968 R51-M1-NA-C:J07-U11 RAS APP FATAL DCR 0x2E7 : 0x00000000
- 1132035294 2005.11.14 R55-M1-N2-C:J08-U01 2005-11-14-22.14.54.328186 R55-M1-N2-C:J08-U01 RAS APP FATAL DCR 0x2E7 : 0x00000000
- 1132035294 2005.11.14 R51-M1-N1-C:J14-U11 2005-11-14-22.14.54.346919 R51-M1-N1-C:J14-U11 RAS APP FATAL DCR 0x2E7 : 0x00000000
- 1132035294 2005.11.14 R51-M1-N1-C:J08-U01 2005-11-14-22.14.54.364878 R51-M1-N1-C:J08-U01 RAS APP FATAL DCR 0x2E7 : 0x00000000
- 1132035294 2005.11.14 R51-M1-NA-C:J03-U11 2005-11-14-22.14.54.414312 R51-M1-NA-C:J03-U11 RAS APP FATAL DCR 0x2E8 : 0x00000000
- 1132035294 2005.11.14 R51-M1-NA-C:J07-U11 2005-11-14-22.14.54.490695 R51-M1-NA-C:J07-U11 RAS APP FATAL DCR 0x2E8 : 0x00000000
- 1132035294 2005.11.14 R55-M1-N2-C:J08-U01 2005-11-14-22.14.54.508524 R55-M1-N2-C:J08-U01 RAS APP FATAL DCR 0x2E8 : 0x00000000
- 1132035294 2005.11.14 R51-M1-N1-C:J14-U11 2005-11-14-22.14.54.526179 R51-M1-N1-C:J14-U11 RAS APP FATAL DCR 0x2E8 : 0x00000000
- 1132035294 2005.11.14 R51-M1-N1-C:J08-U01 2005-11-14-22.14.54.543805 R51-M1-N1-C:J08-U01 RAS APP FATAL DCR 0x2E8 : 0x00000000
- 1132035295 2005.11.14 R54-M1-N0-I:J18-U01 2005-11-14-22.14.55.613571 R54-M1-N0-I:J18-U01 RAS KERNEL INFO ciod: generated 5 core files for program /g/g13/ikuo/BGL/JGH_SHOCK/cpmd.x
- 1132035295 2005.11.14 R54-M0-N4-I:J18-U11 2005-11-14-22.14.55.684541 R54-M0-N4-I:J18-U11 RAS KERNEL INFO ciod: generated 4 core files for program /g/g13/ikuo/BGL/JGH_SHOCK/cpmd.x
- 1132035295 2005.11.14 R51-M1-N0-I:J18-U01 2005-11-14-22.14.55.780124 R51-M1-N0-I:J18-U01 RAS KERNEL INFO ciod: generated 1 core files for program /g/g13/ikuo/BGL/JGH_SHOCK/cpmd.x
- 1132035295 2005.11.14 R55-M0-N0-I:J18-U11 2005-11-14-22.14.55.803690 R55-M0-N0-I:J18-U11 RAS KERNEL INFO ciod: generated 1 core files for program /g/g13/ikuo/BGL/JGH_SHOCK/cpmd.x
- 1132035295 2005.11.14 R55-M0-N8-I:J18-U11 2005-11-14-22.14.55.840189 R55-M0-N8-I:J18-U11 RAS KERNEL INFO ciod: generated 3 core files for program /g/g13/ikuo/BGL/JGH_SHOCK/cpmd.x
- 1132035295 2005.11.14 R55-M0-NC-I:J18-U01 2005-11-14-22.14.55.869659 R55-M0-NC-I:J18-U01 RAS KERNEL INFO ciod: generated 3 core files for program /g/g13/ikuo/BGL/JGH_SHOCK/cpmd.x
- 1132035295 2005.11.14 R50-M0-NC-I:J18-U01 2005-11-14-22.14.55.893301 R50-M0-NC-I:J18-U01 RAS KERNEL INFO ciod: generated 1 core files for program /g/g13/ikuo/BGL/JGH_SHOCK/cpmd.x
- 1132035295 2005.11.14 R51-M0-N8-I:J18-U11 2005-11-14-22.14.55.917222 R51-M0-N8-I:J18-U11 RAS KERNEL INFO ciod: generated 1 core files for program /g/g13/ikuo/BGL/JGH_SHOCK/cpmd.x
- 1132035295 2005.11.14 R50-M0-N4-I:J18-U11 2005-11-14-22.14.55.941242 R50-M0-N4-I:J18-U11 RAS KERNEL INFO ciod: generated 7 core files for program /g/g13/ikuo/BGL/JGH_SHOCK/cpmd.x
- 1132035295 2005.11.14 R54-M0-NC-I:J18-U11 2005-11-14-22.14.55.971170 R54-M0-NC-I:J18-U11 RAS KERNEL INFO ciod: generated 5 core files for program /g/g13/ikuo/BGL/JGH_SHOCK/cpmd.x
- 1132035295 2005.11.14 R54-M0-NC-I:J18-U01 2005-11-14-22.14.55.995153 R54-M0-NC-I:J18-U01 RAS KERNEL INFO ciod: generated 1 core files for program /g/g13/ikuo/BGL/JGH_SHOCK/cpmd.x
- 1132035296 2005.11.14 R54-M0-N8-I:J18-U11 2005-11-14-22.14.56.024997 R54-M0-N8-I:J18-U11 RAS KERNEL INFO ciod: generated 1 core files for program /g/g13/ikuo/BGL/JGH_SHOCK/cpmd.x
- 1132035705 2005.11.14 R55-M0-N9-C:J06-U11 2005-11-14-22.21.45.486218 R55-M0-N9-C:J06-U11 RAS KERNEL INFO 1 tree receiver 2 in re-synch state event(s) (dcr 0x019a) detected
- 1132035706 2005.11.14 R55-M1-NC-I:J18-U01 2005-11-14-22.21.46.650736 R55-M1-NC-I:J18-U01 RAS KERNEL INFO ciod: generated 1 core files for program /g/g13/ikuo/BGL/JGH_SHOCK/cpmd.x
- 1132035706 2005.11.14 R55-M1-N4-I:J18-U11 2005-11-14-22.21.46.720800 R55-M1-N4-I:J18-U11 RAS KERNEL INFO ciod: generated 2 core files for program /g/g13/ikuo/BGL/JGH_SHOCK/cpmd.x
- 1132035706 2005.11.14 R55-M0-N0-I:J18-U11 2005-11-14-22.21.46.840192 R55-M0-N0-I:J18-U11 RAS KERNEL INFO ciod: generated 11 core files for program /g/g13/ikuo/BGL/JGH_SHOCK/cpmd.x
- 1132035706 2005.11.14 R51-M1-NC-I:J18-U11 2005-11-14-22.21.46.954014 R51-M1-NC-I:J18-U11 RAS KERNEL INFO ciod: generated 2 core files for program /g/g13/ikuo/BGL/JGH_SHOCK/cpmd.x
- 1132035706 2005.11.14 R51-M1-NC-I:J18-U01 2005-11-14-22.21.46.977314 R51-M1-NC-I:J18-U01 RAS KERNEL INFO ciod: generated 1 core files for program /g/g13/ikuo/BGL/JGH_SHOCK/cpmd.x
- 1132035707 2005.11.14 R51-M1-N4-I:J18-U01 2005-11-14-22.21.47.001377 R51-M1-N4-I:J18-U01 RAS KERNEL INFO ciod: generated 1 core files for program /g/g13/ikuo/BGL/JGH_SHOCK/cpmd.x
- 1132035707 2005.11.14 R55-M0-N4-I:J18-U01 2005-11-14-22.21.47.025023 R55-M0-N4-I:J18-U01 RAS KERNEL INFO ciod: generated 1 core files for program /g/g13/ikuo/BGL/JGH_SHOCK/cpmd.x
- 1132035707 2005.11.14 R55-M0-N8-I:J18-U11 2005-11-14-22.21.47.048935 R55-M0-N8-I:J18-U11 RAS KERNEL INFO ciod: generated 6 core files for program /g/g13/ikuo/BGL/JGH_SHOCK/cpmd.x
- 1132035707 2005.11.14 R55-M1-N0-I:J18-U01 2005-11-14-22.21.47.078911 R55-M1-N0-I:J18-U01 RAS KERNEL INFO ciod: generated 1 core files for program /g/g13/ikuo/BGL/JGH_SHOCK/cpmd.x
- 1132035707 2005.11.14 R51-M0-N4-I:J18-U11 2005-11-14-22.21.47.102784 R51-M0-N4-I:J18-U11 RAS KERNEL INFO ciod: generated 1 core files for program /g/g13/ikuo/BGL/JGH_SHOCK/cpmd.x
- 1132035707 2005.11.14 R51-M0-N4-I:J18-U01 2005-11-14-22.21.47.126626 R51-M0-N4-I:J18-U01 RAS KERNEL INFO ciod: generated 10 core files for program /g/g13/ikuo/BGL/JGH_SHOCK/cpmd.x
- 1132035707 2005.11.14 R51-M0-N0-I:J18-U11 2005-11-14-22.21.47.150511 R51-M0-N0-I:J18-U11 RAS KERNEL INFO ciod: generated 4 core files for program /g/g13/ikuo/BGL/JGH_SHOCK/cpmd.x
- 1132035707 2005.11.14 R51-M0-N8-I:J18-U11 2005-11-14-22.21.47.192509 R51-M0-N8-I:J18-U11 RAS KERNEL INFO ciod: generated 1 core files for program /g/g13/ikuo/BGL/JGH_SHOCK/cpmd.x
- 1132035707 2005.11.14 R51-M0-NC-I:J18-U11 2005-11-14-22.21.47.216514 R51-M0-NC-I:J18-U11 RAS KERNEL INFO ciod: generated 2 core files for program /g/g13/ikuo/BGL/JGH_SHOCK/cpmd.x
- 1132035707 2005.11.14 R51-M0-NC-I:J18-U01 2005-11-14-22.21.47.240675 R51-M0-NC-I:J18-U01 RAS KERNEL INFO ciod: generated 1 core files for program /g/g13/ikuo/BGL/JGH_SHOCK/cpmd.x
- 1132035707 2005.11.14 R50-M0-N0-I:J18-U01 2005-11-14-22.21.47.264243 R50-M0-N0-I:J18-U01 RAS KERNEL INFO ciod: generated 39 core files for program /g/g13/ikuo/BGL/JGH_SHOCK/cpmd.x
KERNSOCK 1132057073 2005.11.15 R46-M1-NC-I:J18-U11 2005-11-15-04.17.53.642642 R46-M1-NC-I:J18-U11 RAS KERNEL FATAL MailboxMonitor::serviceMailboxes() lib_ido_error: -1019 socket closed
KERNSOCK 1132057073 2005.11.15 R52-M1-NC-I:J18-U11 2005-11-15-04.17.53.648460 R52-M1-NC-I:J18-U11 RAS KERNEL FATAL MailboxMonitor::serviceMailboxes() lib_ido_error: -1019 socket closed
KERNSOCK 1132057073 2005.11.15 R60-M1-NC-I:J18-U11 2005-11-15-04.17.53.654400 R60-M1-NC-I:J18-U11 RAS KERNEL FATAL MailboxMonitor::serviceMailboxes() lib_ido_error: -1019 socket closed
KERNSOCK 1132057073 2005.11.15 R42-M0-NC-I:J18-U11 2005-11-15-04.17.53.677064 R42-M0-NC-I:J18-U11 RAS KERNEL FATAL MailboxMonitor::serviceMailboxes() lib_ido_error: -1019 socket closed
KERNSOCK 1132057073 2005.11.15 R56-M1-NC-I:J18-U11 2005-11-15-04.17.53.687134 R56-M1-NC-I:J18-U11 RAS KERNEL FATAL MailboxMonitor::serviceMailboxes() lib_ido_error: -1019 socket closed
KERNSOCK 1132057073 2005.11.15 R00-M0-NC-I:J18-U11 2005-11-15-04.17.53.705311 R00-M0-NC-I:J18-U11 RAS KERNEL FATAL MailboxMonitor::serviceMailboxes() lib_ido_error: -1019 socket closed
KERNSOCK 1132057073 2005.11.15 R46-M0-NC-I:J18-U11 2005-11-15-04.17.53.726552 R46-M0-NC-I:J18-U11 RAS KERNEL FATAL MailboxMonitor::serviceMailboxes() lib_ido_error: -1019 socket closed
KERNSOCK 1132057073 2005.11.15 R47-M1-NC-I:J18-U11 2005-11-15-04.17.53.732124 R47-M1-NC-I:J18-U11 RAS KERNEL FATAL MailboxMonitor::serviceMailboxes() lib_ido_error: -1019 socket closed
KERNSOCK 1132057073 2005.11.15 R50-M1-NC-I:J18-U11 2005-11-15-04.17.53.881974 R50-M1-NC-I:J18-U11 RAS KERNEL FATAL MailboxMonitor::serviceMailboxes() lib_ido_error: -1019 socket closed
KERNSOCK 1132057073 2005.11.15 R40-M0-NC-I:J18-U11 2005-11-15-04.17.53.881981 R40-M0-NC-I:J18-U11 RAS KERNEL FATAL MailboxMonitor::serviceMailboxes() lib_ido_error: -1019 socket closed
KERNSOCK 1132057073 2005.11.15 R70-M0-NC-I:J18-U11 2005-11-15-04.17.53.908197 R70-M0-NC-I:J18-U11 RAS KERNEL FATAL MailboxMonitor::serviceMailboxes() lib_ido_error: -1019 socket closed
KERNSOCK 1132057073 2005.11.15 R43-M1-NC-I:J18-U11 2005-11-15-04.17.53.920413 R43-M1-NC-I:J18-U11 RAS KERNEL FATAL MailboxMonitor::serviceMailboxes() lib_ido_error: -1019 socket closed
KERNMC 1132189350 2005.11.16 R51-M1-NC-C:J05-U01 2005-11-16-17.02.30.987187 R51-M1-NC-C:J05-U01 RAS KERNEL FATAL machine check interrupt
- 1132189351 2005.11.16 R51-M1-NC-C:J05-U01 2005-11-16-17.02.31.029770 R51-M1-NC-C:J05-U01 RAS KERNEL FATAL instruction address: 0x00017500
- 1132189351 2005.11.16 R51-M1-NC-C:J05-U01 2005-11-16-17.02.31.132649 R51-M1-NC-C:J05-U01 RAS KERNEL FATAL machine check status register: 0x81000000
- 1132189351 2005.11.16 R51-M1-NC-C:J05-U01 2005-11-16-17.02.31.234545 R51-M1-NC-C:J05-U01 RAS KERNEL FATAL summary...........................1
- 1132189351 2005.11.16 R51-M1-NC-C:J05-U01 2005-11-16-17.02.31.336128 R51-M1-NC-C:J05-U01 RAS KERNEL FATAL instruction plb error.............0
- 1132189351 2005.11.16 R51-M1-NC-C:J05-U01 2005-11-16-17.02.31.440578 R51-M1-NC-C:J05-U01 RAS KERNEL FATAL data read plb error...............0
- 1132189351 2005.11.16 R51-M1-NC-C:J05-U01 2005-11-16-17.02.31.477913 R51-M1-NC-C:J05-U01 RAS KERNEL FATAL data write plb error..............0
- 1132189351 2005.11.16 R51-M1-NC-C:J05-U01 2005-11-16-17.02.31.582600 R51-M1-NC-C:J05-U01 RAS KERNEL FATAL tlb error.........................0
- 1132189351 2005.11.16 R51-M1-NC-C:J05-U01 2005-11-16-17.02.31.682187 R51-M1-NC-C:J05-U01 RAS KERNEL FATAL i-cache parity error..............0
- 1132189351 2005.11.16 R51-M1-NC-C:J05-U01 2005-11-16-17.02.31.796758 R51-M1-NC-C:J05-U01 RAS KERNEL FATAL d-cache search parity error.......0
- 1132189351 2005.11.16 R51-M1-NC-C:J05-U01 2005-11-16-17.02.31.897785 R51-M1-NC-C:J05-U01 RAS KERNEL FATAL d-cache flush parity error........1
- 1132189351 2005.11.16 R51-M1-NC-C:J05-U01 2005-11-16-17.02.31.999920 R51-M1-NC-C:J05-U01 RAS KERNEL FATAL imprecise machine check...........0
- 1132189352 2005.11.16 R51-M1-NC-C:J05-U01 2005-11-16-17.02.32.101125 R51-M1-NC-C:J05-U01 RAS KERNEL FATAL machine state register: 0x00003000
- 1132189352 2005.11.16 R51-M1-NC-C:J05-U01 2005-11-16-17.02.32.215994 R51-M1-NC-C:J05-U01 RAS KERNEL FATAL wait state enable.................0
- 1132189352 2005.11.16 R51-M1-NC-C:J05-U01 2005-11-16-17.02.32.330782 R51-M1-NC-C:J05-U01 RAS KERNEL FATAL critical input interrupt enable...0
- 1132189352 2005.11.16 R51-M1-NC-C:J05-U01 2005-11-16-17.02.32.443044 R51-M1-NC-C:J05-U01 RAS KERNEL FATAL external input interrupt enable...0
- 1132189352 2005.11.16 R51-M1-NC-C:J05-U01 2005-11-16-17.02.32.580677 R51-M1-NC-C:J05-U01 RAS KERNEL FATAL problem state (0=sup,1=usr).......0
- 1132189352 2005.11.16 R51-M1-NC-C:J05-U01 2005-11-16-17.02.32.708475 R51-M1-NC-C:J05-U01 RAS KERNEL FATAL floating point instr. enabled.....1
- 1132189352 2005.11.16 R51-M1-NC-C:J05-U01 2005-11-16-17.02.32.827387 R51-M1-NC-C:J05-U01 RAS KERNEL FATAL machine check enable..............1
- 1132189352 2005.11.16 R51-M1-NC-C:J05-U01 2005-11-16-17.02.32.948334 R51-M1-NC-C:J05-U01 RAS KERNEL FATAL floating pt ex mode 0 enable......0
- 1132189353 2005.11.16 R51-M1-NC-C:J05-U01 2005-11-16-17.02.33.136143 R51-M1-NC-C:J05-U01 RAS KERNEL FATAL debug wait enable.................0
- 1132189353 2005.11.16 R51-M1-NC-C:J05-U01 2005-11-16-17.02.33.292141 R51-M1-NC-C:J05-U01 RAS KERNEL FATAL debug interrupt enable............0
- 1132189353 2005.11.16 R51-M1-NC-C:J05-U01 2005-11-16-17.02.33.412941 R51-M1-NC-C:J05-U01 RAS KERNEL FATAL floating pt ex mode 1 enable......0
- 1132189353 2005.11.16 R51-M1-NC-C:J05-U01 2005-11-16-17.02.33.532320 R51-M1-NC-C:J05-U01 RAS KERNEL FATAL instruction address space.........0
- 1132189353 2005.11.16 R51-M1-NC-C:J05-U01 2005-11-16-17.02.33.663318 R51-M1-NC-C:J05-U01 RAS KERNEL FATAL data address space................0
- 1132189353 2005.11.16 R51-M1-NC-C:J05-U01 2005-11-16-17.02.33.785986 R51-M1-NC-C:J05-U01 RAS KERNEL FATAL core configuration register: 0x00002000
- 1132189353 2005.11.16 R51-M1-NC-C:J05-U01 2005-11-16-17.02.33.902952 R51-M1-NC-C:J05-U01 RAS KERNEL FATAL disable store gathering..................0
- 1132189354 2005.11.16 R51-M1-NC-C:J05-U01 2005-11-16-17.02.34.033230 R51-M1-NC-C:J05-U01 RAS KERNEL FATAL disable apu instruction broadcast........0
- 1132189354 2005.11.16 R51-M1-NC-C:J05-U01 2005-11-16-17.02.34.066231 R51-M1-NC-C:J05-U01 RAS KERNEL FATAL disable trace broadcast..................0
- 1132189354 2005.11.16 R51-M1-NC-C:J05-U01 2005-11-16-17.02.34.211439 R51-M1-NC-C:J05-U01 RAS KERNEL FATAL guaranteed instruction cache block touch.0
- 1132189354 2005.11.16 R51-M1-NC-C:J05-U01 2005-11-16-17.02.34.858271 R51-M1-NC-C:J05-U01 RAS KERNEL FATAL guaranteed data cache block touch........1
- 1132189355 2005.11.16 R51-M1-NC-C:J05-U01 2005-11-16-17.02.35.562381 R51-M1-NC-C:J05-U01 RAS KERNEL FATAL force load/store alignment...............0
- 1132189356 2005.11.16 R51-M1-NC-C:J05-U01 2005-11-16-17.02.36.184583 R51-M1-NC-C:J05-U01 RAS KERNEL FATAL icache prefetch depth....................0
- 1132189356 2005.11.16 R51-M1-NC-C:J05-U01 2005-11-16-17.02.36.821424 R51-M1-NC-C:J05-U01 RAS KERNEL FATAL icache prefetch threshold................0
- 1132189357 2005.11.16 R51-M1-NC-C:J05-U01 2005-11-16-17.02.37.374877 R51-M1-NC-C:J05-U01 RAS KERNEL FATAL general purpose registers:
- 1132189357 2005.11.16 R51-M1-NC-C:J05-U01 2005-11-16-17.02.37.507015 R51-M1-NC-C:J05-U01 RAS KERNEL FATAL 0:00000000 1:000c5fb0 2:1eeeeeee 3:000c65b0
- 1132189357 2005.11.16 R51-M1-NC-C:J05-U01 2005-11-16-17.02.37.885038 R51-M1-NC-C:J05-U01 RAS KERNEL FATAL 4:000c5fd8 5:000c65b0 6:000001b2 7:000c9464
- 1132189358 2005.11.16 R51-M1-NC-C:J05-U01 2005-11-16-17.02.38.055529 R51-M1-NC-C:J05-U01 RAS KERNEL FATAL 8:000c8880 9:00000400 10:c000a7c0 11:c0018000
- 1132189358 2005.11.16 R51-M1-NC-C:J05-U01 2005-11-16-17.02.38.299307 R51-M1-NC-C:J05-U01 RAS KERNEL FATAL 12:065315e0 13:1eeeeeee 14:00000000 15:004f0170
- 1132189358 2005.11.16 R51-M1-NC-C:J05-U01 2005-11-16-17.02.38.495077 R51-M1-NC-C:J05-U01 RAS KERNEL FATAL 16:0001f403 17:0000000d 18:00000004 19:011171a4
- 1132189358 2005.11.16 R51-M1-NC-C:J05-U01 2005-11-16-17.02.38.613586 R51-M1-NC-C:J05-U01 RAS KERNEL FATAL 20:000001b2 21:0a5e3800 22:000001b2 23:00000000
- 1132189358 2005.11.16 R51-M1-NC-C:J05-U01 2005-11-16-17.02.38.724395 R51-M1-NC-C:J05-U01 RAS KERNEL FATAL 24:00000000 25:00000008 26:000c65b0 27:000c9cd0
- 1132189358 2005.11.16 R51-M1-NC-C:J05-U01 2005-11-16-17.02.38.836227 R51-M1-NC-C:J05-U01 RAS KERNEL FATAL 28:00000000 29:000000e3 30:000c5fd8 31:00000001
- 1132189358 2005.11.16 R51-M1-NC-C:J05-U01 2005-11-16-17.02.38.933837 R51-M1-NC-C:J05-U01 RAS KERNEL FATAL special purpose registers:
- 1132189359 2005.11.16 R51-M1-NC-C:J05-U01 2005-11-16-17.02.39.032881 R51-M1-NC-C:J05-U01 RAS KERNEL FATAL lr:0000fb68 cr:84422222 xer:20000002 ctr:000002c2
KERNRTSP 1132189359 2005.11.16 R51-M1-NC-C:J05-U01 2005-11-16-17.02.39.142073 R51-M1-NC-C:J05-U01 RAS KERNEL FATAL rts panic! - stopping execution
- 1132191510 2005.11.16 R57-M0-NE-C:J07-U11 2005-11-16-17.38.30.793751 R57-M0-NE-C:J07-U11 RAS KERNEL INFO 1 ddr errors(s) detected and corrected on rank 0, symbol 26, bit 1
- 1132191510 2005.11.16 R57-M0-NE-C:J07-U11 2005-11-16-17.38.30.868027 R57-M0-NE-C:J07-U11 RAS KERNEL INFO CE sym 26, at 0x181355e0, mask 0x40
- 1132191510 2005.11.16 R56-M0-NE-C:J06-U01 2005-11-16-17.38.30.968189 R56-M0-NE-C:J06-U01 RAS KERNEL INFO 1 ddr errors(s) detected and corrected on rank 0, symbol 7, bit 1
- 1132191511 2005.11.16 R57-M0-NE-C:J07-U11 2005-11-16-17.38.31.071419 R57-M0-NE-C:J07-U11 RAS KERNEL INFO total of 1 ddr error(s) detected and corrected
- 1132191511 2005.11.16 R56-M0-NE-C:J06-U01 2005-11-16-17.38.31.167147 R56-M0-NE-C:J06-U01 RAS KERNEL INFO CE sym 7, at 0x13d2c720, mask 0x40
- 1132191511 2005.11.16 R56-M0-NE-C:J06-U01 2005-11-16-17.38.31.200881 R56-M0-NE-C:J06-U01 RAS KERNEL INFO total of 1 ddr error(s) detected and corrected
- 1132193605 2005.11.16 R51-M0-ND-C:J16-U11 2005-11-16-18.13.25.605787 R51-M0-ND-C:J16-U11 RAS KERNEL INFO 1 torus receiver z+ input pipe error(s) (dcr 0x02f0) detected and corrected
- 1132193605 2005.11.16 R55-M0-N9-C:J06-U11 2005-11-16-18.13.25.660994 R55-M0-N9-C:J06-U11 RAS KERNEL INFO 1 tree receiver 1 in re-synch state event(s) (dcr 0x0185) detected
- 1132193605 2005.11.16 R55-M0-N9-C:J06-U11 2005-11-16-18.13.25.701559 R55-M0-N9-C:J06-U11 RAS KERNEL INFO 2 tree receiver 2 in re-synch state event(s) (dcr 0x019a) detected
- 1132237204 2005.11.17 R20-M1-NB-C:J09-U01 2005-11-17-06.20.04.936683 R20-M1-NB-C:J09-U01 RAS KERNEL INFO ddr: activating redundant bit steering for next allocation: rank=0 symbol=9
- 1132243577 2005.11.17 - 2005-11-17-08.06.17.297393 RAS KERNEL FATAL Kill job 49628 timed out. Block freed.
KERNSOCK 1132243578 2005.11.17 R00-M0-NC-I:J18-U11 2005-11-17-08.06.18.368783 R00-M0-NC-I:J18-U11 RAS KERNEL FATAL idoproxy communication failure: socket closed
- 1132243668 2005.11.17 NULL 2005-11-17-08.07.48.702009 NULL RAS BGLMASTER INFO BGLMaster has been started: ./BGLMaster --consoleip 127.0.0.1 --consoleport 32035 --configfile bglmaster.init --autorestart y
- 1132243669 2005.11.17 NULL 2005-11-17-08.07.49.262484 NULL RAS MMCS INFO idoproxydb has been started: $Name: V1R1M2_255_2005 $ Input parameters: -enableflush -loguserinfo db.properties BlueGene1
- 1132243669 2005.11.17 NULL 2005-11-17-08.07.49.446782 NULL RAS MMCS INFO ciodb has been restarted.
- 1132243669 2005.11.17 NULL 2005-11-17-08.07.49.452130 NULL RAS MMCS INFO mmcs_db_server has been started: ./mmcs_db_server --useDatabase BGL --dbproperties serverdb.properties --iolog /bgl/BlueLight/logs/BGL --reconnect-blocks all --shutdown-timeout 120
- 1132243706 2005.11.17 R73-M1-N7 2005-11-17-08.08.26.100446 R73-M1-N7 NULL HARDWARE WARNING PrepareForService is being done on this part (mLctn(R73-M1-N7), mCardSernum(203231503833343000000000594c31304b34333230303247), mLp(FF:F2:9F:16:D5:C9:00:0D:60:E9:2A:36), mIp(10.7.0.57), mType(4)) by root
- 1132243723 2005.11.17 R36-M1-N0 2005-11-17-08.08.43.960461 R36-M1-N0 NULL HARDWARE WARNING PrepareForService is being done on this part (mLctn(R36-M1-N0), mCardSernum(203231503833343000000000594c31304b3433343530334b), mLp(FF:F2:9F:16:C8:53:00:0D:60:E9:37:AC), mIp(10.3.0.81), mType(4)) by root
- 1132243758 2005.11.17 UNKNOWN_LOCATION 2005-11-17-08.09.18.000295 UNKNOWN_LOCATION NULL CMCS INFO Starting SystemController
- 1132243761 2005.11.17 UNKNOWN_LOCATION 2005-11-17-08.09.21.611522 UNKNOWN_LOCATION NULL CMCS INFO Controlling BG/L rows [ 0 1 2 3 4 5 6 7 ]
- 1132243761 2005.11.17 UNKNOWN_LOCATION 2005-11-17-08.09.21.735586 UNKNOWN_LOCATION NULL CMCS INFO Running as background command
- 1132243780 2005.11.17 R36-M1-N0 2005-11-17-08.09.40.652400 R36-M1-N0 NULL HARDWARE WARNING PrepareForService shutting down NodeCard(mLctn(R36-M1-N0), mCardSernum(203231503833343000000000594c31304b3433343530334b), mLp(FF:F2:9F:16:C8:53:00:0D:60:E9:37:AC), mIp(10.3.0.81), mType(4)) as part of Service Action 584
- 1132243780 2005.11.17 R73-M1-N7 2005-11-17-08.09.40.658426 R73-M1-N7 NULL HARDWARE WARNING PrepareForService shutting down NodeCard(mLctn(R73-M1-N7), mCardSernum(203231503833343000000000594c31304b34333230303247), mLp(FF:F2:9F:16:D5:C9:00:0D:60:E9:2A:36), mIp(10.7.0.57), mType(4)) as part of Service Action 583
- 1132276875 2005.11.17 R74-M0-NE-C:J04-U11 2005-11-17-17.21.15.182569 R74-M0-NE-C:J04-U11 RAS KERNEL INFO 4 torus receiver y+ input pipe error(s) (dcr 0x02ee) detected and corrected
- 1132455001 2005.11.19 R14-M1-NC-C:J10-U11 2005-11-19-18.50.01.918633 R14-M1-NC-C:J10-U11 RAS KERNEL INFO CE sym 21, at 0x11ffa800, mask 0x01
- 1132455002 2005.11.19 R02-M0-NC-C:J12-U01 2005-11-19-18.50.02.568098 R02-M0-NC-C:J12-U01 RAS KERNEL INFO CE sym 35, at 0x0a3b9f80, mask 0x10
- 1132455003 2005.11.19 R06-M1-N0-C:J14-U01 2005-11-19-18.50.03.500419 R06-M1-N0-C:J14-U01 RAS KERNEL INFO CE sym 33, at 0x11e3a080, mask 0x02
- 1132455003 2005.11.19 R10-M0-N0-C:J15-U11 2005-11-19-18.50.03.720940 R10-M0-N0-C:J15-U11 RAS KERNEL INFO CE sym 19, at 0x1205b220, mask 0x10
- 1132455003 2005.11.19 R35-M0-N0-C:J07-U01 2005-11-19-18.50.03.818704 R35-M0-N0-C:J07-U01 RAS KERNEL INFO total of 1 ddr error(s) detected and corrected
- 1132455003 2005.11.19 R06-M1-N8-C:J05-U11 2005-11-19-18.50.03.921066 R06-M1-N8-C:J05-U11 RAS KERNEL INFO CE sym 33, at 0x11f3be20, mask 0x01
- 1132455004 2005.11.19 R17-M0-N8-C:J05-U01 2005-11-19-18.50.04.022525 R17-M0-N8-C:J05-U01 RAS KERNEL INFO total of 1 ddr error(s) detected and corrected
- 1132455004 2005.11.19 R55-M0-N9-C:J06-U11 2005-11-19-18.50.04.130433 R55-M0-N9-C:J06-U11 RAS KERNEL INFO 2 torus receiver y+ input pipe error(s) (dcr 0x02ee) detected and corrected
- 1132455004 2005.11.19 R55-M0-N9-C:J06-U11 2005-11-19-18.50.04.215919 R55-M0-N9-C:J06-U11 RAS KERNEL INFO 2 torus receiver y- input pipe error(s) (dcr 0x02ef) detected and corrected
- 1132455004 2005.11.19 R24-M0-N2-C:J08-U11 2005-11-19-18.50.04.332777 R24-M0-N2-C:J08-U11 RAS KERNEL INFO CE sym 20, at 0x019f73e0, mask 0x20
- 1132455004 2005.11.19 R51-M0-N5-C:J06-U01 2005-11-19-18.50.04.438488 R51-M0-N5-C:J06-U01 RAS KERNEL INFO CE sym 35, at 0x01e6e960, mask 0x01
- 1132455004 2005.11.19 R10-M0-NE-C:J02-U11 2005-11-19-18.50.04.542716 R10-M0-NE-C:J02-U11 RAS KERNEL INFO CE sym 34, at 0x1a164360, mask 0x40
- 1132455004 2005.11.19 R01-M1-N1-C:J04-U01 2005-11-19-18.50.04.649291 R01-M1-N1-C:J04-U01 RAS KERNEL INFO CE sym 19, at 0x121a6a60, mask 0x01
- 1132455005 2005.11.19 R26-M1-N3-C:J13-U11 2005-11-19-18.50.05.689226 R26-M1-N3-C:J13-U11 RAS KERNEL INFO total of 1 ddr error(s) detected and corrected
- 1132455005 2005.11.19 R47-M1-N3-C:J17-U01 2005-11-19-18.50.05.783220 R47-M1-N3-C:J17-U01 RAS KERNEL FATAL floating point instr. enabled.....1
- 1132455005 2005.11.19 R34-M1-N9-C:J13-U01 2005-11-19-18.50.05.901911 R34-M1-N9-C:J13-U01 RAS KERNEL INFO total of 1 ddr error(s) detected and corrected
- 1132455006 2005.11.19 R61-M0-ND-C:J13-U11 2005-11-19-18.50.06.014879 R61-M0-ND-C:J13-U11 RAS KERNEL INFO total of 1 ddr error(s) detected and corrected
- 1132455006 2005.11.19 R16-M0-N1-C:J13-U11 2005-11-19-18.50.06.123641 R16-M0-N1-C:J13-U11 RAS KERNEL INFO CE sym 16, at 0x0209a760, mask 0x80
- 1132455006 2005.11.19 R51-M1-NA-C:J05-U11 2005-11-19-18.50.06.231469 R51-M1-NA-C:J05-U11 RAS KERNEL INFO total of 1 ddr error(s) detected and corrected
- 1132455006 2005.11.19 R63-M1-NE-C:J09-U01 2005-11-19-18.50.06.344555 R63-M1-NE-C:J09-U01 RAS KERNEL INFO total of 2 ddr error(s) detected and corrected
- 1132455006 2005.11.19 R74-M1-ND-C:J16-U11 2005-11-19-18.50.06.467329 R74-M1-ND-C:J16-U11 RAS KERNEL INFO total of 1 ddr error(s) detected and corrected
- 1132455006 2005.11.19 R07-M0-NA-C:J10-U01 2005-11-19-18.50.06.573068 R07-M0-NA-C:J10-U01 RAS KERNEL INFO total of 1 ddr error(s) detected and corrected
- 1132455008 2005.11.19 R20-M0-NC-C:J16-U01 2005-11-19-18.50.08.629269 R20-M0-NC-C:J16-U01 RAS KERNEL INFO CE sym 23, at 0x0210f640, mask 0x80
- 1132455009 2005.11.19 R22-M0-N4-C:J10-U01 2005-11-19-18.50.09.014288 R22-M0-N4-C:J10-U01 RAS KERNEL INFO CE sym 27, at 0x1236bae0, mask 0x02
- 1132455013 2005.11.19 R14-M1-NC-C:J10-U11 2005-11-19-18.50.13.541416 R14-M1-NC-C:J10-U11 RAS KERNEL INFO CE sym 21, at 0x11ffa800, mask 0x01
- 1132455014 2005.11.19 R02-M0-NC-C:J12-U01 2005-11-19-18.50.14.184439 R02-M0-NC-C:J12-U01 RAS KERNEL INFO CE sym 35, at 0x0a3b9f80, mask 0x10
- 1132455015 2005.11.19 R06-M1-N0-C:J14-U01 2005-11-19-18.50.15.096610 R06-M1-N0-C:J14-U01 RAS KERNEL INFO total of 1 ddr error(s) detected and corrected
- 1132455015 2005.11.19 R10-M0-N0-C:J15-U11 2005-11-19-18.50.15.343602 R10-M0-N0-C:J15-U11 RAS KERNEL INFO CE sym 19, at 0x1205b220, mask 0x10
- 1132455015 2005.11.19 R06-M1-N8-C:J05-U11 2005-11-19-18.50.15.447581 R06-M1-N8-C:J05-U11 RAS KERNEL INFO CE sym 33, at 0x11f3be20, mask 0x01
- 1132455015 2005.11.19 R55-M0-N9-C:J06-U11 2005-11-19-18.50.15.555440 R55-M0-N9-C:J06-U11 RAS KERNEL INFO 2 torus receiver z+ input pipe error(s) (dcr 0x02f0) detected and corrected
- 1132455015 2005.11.19 R55-M0-N9-C:J06-U11 2005-11-19-18.50.15.647161 R55-M0-N9-C:J06-U11 RAS KERNEL INFO 6 torus receiver z- input pipe error(s) (dcr 0x02f1) detected and corrected
- 1132455015 2005.11.19 R24-M0-N2-C:J08-U11 2005-11-19-18.50.15.753958 R24-M0-N2-C:J08-U11 RAS KERNEL INFO CE sym 20, at 0x019f73e0, mask 0x20
- 1132455015 2005.11.19 R51-M0-N5-C:J06-U01 2005-11-19-18.50.15.862323 R51-M0-N5-C:J06-U01 RAS KERNEL INFO total of 1 ddr error(s) detected and corrected
- 1132455015 2005.11.19 R10-M0-NE-C:J02-U11 2005-11-19-18.50.15.970086 R10-M0-NE-C:J02-U11 RAS KERNEL INFO total of 1 ddr error(s) detected and corrected
- 1132455016 2005.11.19 R01-M1-N1-C:J04-U01 2005-11-19-18.50.16.083619 R01-M1-N1-C:J04-U01 RAS KERNEL INFO total of 1 ddr error(s) detected and corrected
- 1132455017 2005.11.19 R47-M1-N3-C:J17-U01 2005-11-19-18.50.17.130310 R47-M1-N3-C:J17-U01 RAS KERNEL FATAL machine check enable..............1
- 1132455017 2005.11.19 R16-M0-N1-C:J13-U11 2005-11-19-18.50.17.465699 R16-M0-N1-C:J13-U11 RAS KERNEL INFO CE sym 16, at 0x0209a760, mask 0x80
- 1132455019 2005.11.19 R20-M0-NC-C:J16-U01 2005-11-19-18.50.19.720451 R20-M0-NC-C:J16-U01 RAS KERNEL INFO CE sym 23, at 0x0210f640, mask 0x80
- 1132455020 2005.11.19 R22-M0-N4-C:J10-U01 2005-11-19-18.50.20.145530 R22-M0-N4-C:J10-U01 RAS KERNEL INFO total of 2 ddr error(s) detected and corrected
- 1132455025 2005.11.19 R14-M1-NC-C:J10-U11 2005-11-19-18.50.25.994292 R14-M1-NC-C:J10-U11 RAS KERNEL INFO CE sym 21, at 0x11ffa800, mask 0x01
- 1132455027 2005.11.19 R02-M0-NC-C:J12-U01 2005-11-19-18.50.27.045146 R02-M0-NC-C:J12-U01 RAS KERNEL INFO CE sym 35, at 0x0a3b9f80, mask 0x10
- 1132455029 2005.11.19 R10-M0-N0-C:J15-U11 2005-11-19-18.50.29.156439 R10-M0-N0-C:J15-U11 RAS KERNEL INFO total of 2 ddr error(s) detected and corrected
- 1132455029 2005.11.19 R06-M1-N8-C:J05-U11 2005-11-19-18.50.29.316912 R06-M1-N8-C:J05-U11 RAS KERNEL INFO total of 3 ddr error(s) detected and corrected
- 1132455029 2005.11.19 R55-M0-N9-C:J06-U11 2005-11-19-18.50.29.406672 R55-M0-N9-C:J06-U11 RAS KERNEL INFO 24 tree receiver 1 in re-synch state event(s) (dcr 0x0185) detected
- 1132455029 2005.11.19 R55-M0-N9-C:J06-U11 2005-11-19-18.50.29.479827 R55-M0-N9-C:J06-U11 RAS KERNEL INFO 31 tree receiver 2 in re-synch state event(s) (dcr 0x019a) detected
- 1132455029 2005.11.19 R24-M0-N2-C:J08-U11 2005-11-19-18.50.29.569974 R24-M0-N2-C:J08-U11 RAS KERNEL INFO CE sym 20, at 0x019f73e0, mask 0x20
- 1132455030 2005.11.19 R47-M1-N3-C:J17-U01 2005-11-19-18.50.30.549260 R47-M1-N3-C:J17-U01 RAS KERNEL FATAL floating pt ex mode 0 enable......1
- 1132455030 2005.11.19 R16-M0-N1-C:J13-U11 2005-11-19-18.50.30.641617 R16-M0-N1-C:J13-U11 RAS KERNEL INFO total of 4 ddr error(s) detected and corrected
- 1132455034 2005.11.19 R20-M0-NC-C:J16-U01 2005-11-19-18.50.34.466720 R20-M0-NC-C:J16-U01 RAS KERNEL INFO CE sym 23, at 0x0210f640, mask 0x80
- 1132455041 2005.11.19 R14-M1-NC-C:J10-U11 2005-11-19-18.50.41.317698 R14-M1-NC-C:J10-U11 RAS KERNEL INFO CE sym 21, at 0x11ffa800, mask 0x01
- 1132455042 2005.11.19 R02-M0-NC-C:J12-U01 2005-11-19-18.50.42.018012 R02-M0-NC-C:J12-U01 RAS KERNEL INFO CE sym 35, at 0x0a3b9f80, mask 0x10
- 1132455043 2005.11.19 R55-M0-N9-C:J06-U11 2005-11-19-18.50.43.448378 R55-M0-N9-C:J06-U11 RAS KERNEL INFO 31 tree receiver 2 in re-synch state event(s) (dcr 0x019a) detected
- 1132455043 2005.11.19 R24-M0-N2-C:J08-U11 2005-11-19-18.50.43.585146 R24-M0-N2-C:J08-U11 RAS KERNEL INFO CE sym 20, at 0x019f73e0, mask 0x20
- 1132455044 2005.11.19 R47-M1-N3-C:J17-U01 2005-11-19-18.50.44.565169 R47-M1-N3-C:J17-U01 RAS KERNEL FATAL debug wait enable.................0
- 1132455046 2005.11.19 R20-M0-NC-C:J16-U01 2005-11-19-18.50.46.925845 R20-M0-NC-C:J16-U01 RAS KERNEL INFO CE sym 23, at 0x0210f640, mask 0x80
- 1132455052 2005.11.19 R14-M1-NC-C:J10-U11 2005-11-19-18.50.52.695895 R14-M1-NC-C:J10-U11 RAS KERNEL INFO CE sym 21, at 0x11ffa800, mask 0x01
- 1132455053 2005.11.19 R02-M0-NC-C:J12-U01 2005-11-19-18.50.53.437295 R02-M0-NC-C:J12-U01 RAS KERNEL INFO CE sym 35, at 0x0a3b9f80, mask 0x10
- 1132455054 2005.11.19 R24-M0-N2-C:J08-U11 2005-11-19-18.50.54.718620 R24-M0-N2-C:J08-U11 RAS KERNEL INFO CE sym 20, at 0x019f73e0, mask 0x20
- 1132455055 2005.11.19 R47-M1-N3-C:J17-U01 2005-11-19-18.50.55.574195 R47-M1-N3-C:J17-U01 RAS KERNEL FATAL debug interrupt enable............0
- 1132455057 2005.11.19 R20-M0-NC-C:J16-U01 2005-11-19-18.50.57.477139 R20-M0-NC-C:J16-U01 RAS KERNEL INFO CE sym 23, at 0x0210f640, mask 0x80
- 1132455060 2005.11.19 R14-M1-NC-C:J10-U11 2005-11-19-18.51.00.279023 R14-M1-NC-C:J10-U11 RAS KERNEL INFO CE sym 21, at 0x11ffa800, mask 0x01
- 1132455060 2005.11.19 R02-M0-NC-C:J12-U01 2005-11-19-18.51.00.608751 R02-M0-NC-C:J12-U01 RAS KERNEL INFO CE sym 35, at 0x0a3b9f80, mask 0x10
- 1132455060 2005.11.19 R24-M0-N2-C:J08-U11 2005-11-19-18.51.00.932317 R24-M0-N2-C:J08-U11 RAS KERNEL INFO CE sym 20, at 0x019f73e0, mask 0x20
- 1132455061 2005.11.19 R47-M1-N3-C:J17-U01 2005-11-19-18.51.01.387753 R47-M1-N3-C:J17-U01 RAS KERNEL FATAL floating pt ex mode 1 enable......1
- 1132455061 2005.11.19 R20-M0-NC-C:J16-U01 2005-11-19-18.51.01.732545 R20-M0-NC-C:J16-U01 RAS KERNEL INFO CE sym 23, at 0x0210f640, mask 0x80
- 1132455063 2005.11.19 R14-M1-NC-C:J10-U11 2005-11-19-18.51.03.079502 R14-M1-NC-C:J10-U11 RAS KERNEL INFO CE sym 21, at 0x11ffa800, mask 0x01
- 1132455063 2005.11.19 R02-M0-NC-C:J12-U01 2005-11-19-18.51.03.294178 R02-M0-NC-C:J12-U01 RAS KERNEL INFO CE sym 35, at 0x0a3b9f80, mask 0x10
- 1132455063 2005.11.19 R24-M0-N2-C:J08-U11 2005-11-19-18.51.03.517278 R24-M0-N2-C:J08-U11 RAS KERNEL INFO total of 6 ddr error(s) detected and corrected
- 1132455063 2005.11.19 R47-M1-N3-C:J17-U01 2005-11-19-18.51.03.787926 R47-M1-N3-C:J17-U01 RAS KERNEL FATAL instruction address space.........0
- 1132455063 2005.11.19 R20-M0-NC-C:J16-U01 2005-11-19-18.51.03.882784 R20-M0-NC-C:J16-U01 RAS KERNEL INFO CE sym 23, at 0x0210f640, mask 0x80
- 1132455064 2005.11.19 R14-M1-NC-C:J10-U11 2005-11-19-18.51.04.013638 R14-M1-NC-C:J10-U11 RAS KERNEL INFO total of 8 ddr error(s) detected and corrected
- 1132455064 2005.11.19 R02-M0-NC-C:J12-U01 2005-11-19-18.51.04.114862 R02-M0-NC-C:J12-U01 RAS KERNEL INFO CE sym 35, at 0x0a3b9f80, mask 0x10
- 1132455064 2005.11.19 R47-M1-N3-C:J17-U01 2005-11-19-18.51.04.370735 R47-M1-N3-C:J17-U01 RAS KERNEL FATAL data address space................0
- 1132455064 2005.11.19 R20-M0-NC-C:J16-U01 2005-11-19-18.51.04.451704 R20-M0-NC-C:J16-U01 RAS KERNEL INFO total of 8 ddr error(s) detected and corrected
- 1132455064 2005.11.19 R02-M0-NC-C:J12-U01 2005-11-19-18.51.04.549476 R02-M0-NC-C:J12-U01 RAS KERNEL INFO CE sym 35, at 0x0a3b9f80, mask 0x10
- 1132455064 2005.11.19 R47-M1-N3-C:J17-U01 2005-11-19-18.51.04.809438 R47-M1-N3-C:J17-U01 RAS KERNEL FATAL core configuration register: 0x00002000
- 1132455064 2005.11.19 R02-M0-NC-C:J12-U01 2005-11-19-18.51.04.915919 R02-M0-NC-C:J12-U01 RAS KERNEL INFO CE sym 35, at 0x0a3b9f80, mask 0x10
- 1132455065 2005.11.19 R47-M1-N3-C:J17-U01 2005-11-19-18.51.05.178400 R47-M1-N3-C:J17-U01 RAS KERNEL FATAL disable store gathering..................0
- 1132455065 2005.11.19 R02-M0-NC-C:J12-U01 2005-11-19-18.51.05.271138 R02-M0-NC-C:J12-U01 RAS KERNEL INFO CE sym 35, at 0x0a3b9f80, mask 0x10
- 1132455065 2005.11.19 R47-M1-N3-C:J17-U01 2005-11-19-18.51.05.536264 R47-M1-N3-C:J17-U01 RAS KERNEL FATAL disable apu instruction broadcast........0
- 1132455065 2005.11.19 R02-M0-NC-C:J12-U01 2005-11-19-18.51.05.623914 R02-M0-NC-C:J12-U01 RAS KERNEL INFO CE sym 35, at 0x0a3b9f80, mask 0x10
- 1132455065 2005.11.19 R47-M1-N3-C:J17-U01 2005-11-19-18.51.05.878422 R47-M1-N3-C:J17-U01 RAS KERNEL FATAL disable trace broadcast..................0
- 1132455065 2005.11.19 R02-M0-NC-C:J12-U01 2005-11-19-18.51.05.952952 R02-M0-NC-C:J12-U01 RAS KERNEL INFO CE sym 35, at 0x0a3b9f80, mask 0x10
- 1132455066 2005.11.19 R47-M1-N3-C:J17-U01 2005-11-19-18.51.06.217562 R47-M1-N3-C:J17-U01 RAS KERNEL FATAL guaranteed instruction cache block touch.0
- 1132455066 2005.11.19 R02-M0-NC-C:J12-U01 2005-11-19-18.51.06.304830 R02-M0-NC-C:J12-U01 RAS KERNEL INFO CE sym 35, at 0x0a3b9f80, mask 0x10
- 1132455066 2005.11.19 R47-M1-N3-C:J17-U01 2005-11-19-18.51.06.553016 R47-M1-N3-C:J17-U01 RAS KERNEL FATAL guaranteed data cache block touch........1
- 1132455066 2005.11.19 R02-M0-NC-C:J12-U01 2005-11-19-18.51.06.635052 R02-M0-NC-C:J12-U01 RAS KERNEL INFO total of 14 ddr error(s) detected and corrected
- 1132455066 2005.11.19 R47-M1-N3-C:J17-U01 2005-11-19-18.51.06.885948 R47-M1-N3-C:J17-U01 RAS KERNEL FATAL force load/store alignment...............0
- 1132455067 2005.11.19 R47-M1-N3-C:J17-U01 2005-11-19-18.51.07.125342 R47-M1-N3-C:J17-U01 RAS KERNEL FATAL icache prefetch depth....................0
- 1132455067 2005.11.19 R47-M1-N3-C:J17-U01 2005-11-19-18.51.07.371746 R47-M1-N3-C:J17-U01 RAS KERNEL FATAL icache prefetch threshold................0
- 1132455067 2005.11.19 R47-M1-N3-C:J17-U01 2005-11-19-18.51.07.670203 R47-M1-N3-C:J17-U01 RAS KERNEL FATAL general purpose registers:
- 1132455067 2005.11.19 R47-M1-N3-C:J17-U01 2005-11-19-18.51.07.926494 R47-M1-N3-C:J17-U01 RAS KERNEL FATAL 0:00000010 1:0fea03d0 2:1eeeeeee 3:00000050
- 1132455068 2005.11.19 R47-M1-N3-C:J17-U01 2005-11-19-18.51.08.176889 R47-M1-N3-C:J17-U01 RAS KERNEL FATAL 4:ffffffe0 5:01bb8190 6:0a1ab860 7:00000018
- 1132455068 2005.11.19 R47-M1-N3-C:J17-U01 2005-11-19-18.51.08.436358 R47-M1-N3-C:J17-U01 RAS KERNEL FATAL 8:01bb8348 9:00000028 10:ffffffe8 11:01bb8290
- 1132455068 2005.11.19 R47-M1-N3-C:J17-U01 2005-11-19-18.51.08.687691 R47-M1-N3-C:J17-U01 RAS KERNEL FATAL 12:01bb81c8 13:1eeeeeee 14:0000fff3 15:0fee1024
- 1132455068 2005.11.19 R47-M1-N3-C:J17-U01 2005-11-19-18.51.08.925885 R47-M1-N3-C:J17-U01 RAS KERNEL FATAL 16:00000075 17:000000c1 18:000000c2 19:0fea0700
- 1132455069 2005.11.19 R47-M1-N3-C:J17-U01 2005-11-19-18.51.09.171729 R47-M1-N3-C:J17-U01 RAS KERNEL FATAL 20:0000012a 21:0022536c 22:0a175ec0 23:01bb80c0
- 1132455069 2005.11.19 R47-M1-N3-C:J17-U01 2005-11-19-18.51.09.416724 R47-M1-N3-C:J17-U01 RAS KERNEL FATAL 24:01e73000 25:00368a80 26:01c4dc00 27:0a1ab840
- 1132455069 2005.11.19 R47-M1-N3-C:J17-U01 2005-11-19-18.51.09.675127 R47-M1-N3-C:J17-U01 RAS KERNEL FATAL 28:01bb9e00 29:0a175ec0 30:00000008 31:003b7710
- 1132455069 2005.11.19 R47-M1-N3-C:J17-U01 2005-11-19-18.51.09.941856 R47-M1-N3-C:J17-U01 RAS KERNEL FATAL special purpose registers:
- 1132455070 2005.11.19 R47-M1-N3-C:J17-U01 2005-11-19-18.51.10.189610 R47-M1-N3-C:J17-U01 RAS KERNEL FATAL lr:0014ae24 cr:2a404828 xer:20000002 ctr:0014ac7c
KERNRTSP 1132455070 2005.11.19 R47-M1-N3-C:J17-U01 2005-11-19-18.51.10.434873 R47-M1-N3-C:J17-U01 RAS KERNEL FATAL rts panic! - stopping execution
- 1132462554 2005.11.19 R45-M0-NC-C:J15-U11 2005-11-19-20.55.54.398570 R45-M0-NC-C:J15-U11 RAS KERNEL INFO ddr: activating redundant bit steering for next allocation: rank=0 symbol=4
- 1132462592 2005.11.19 R45-M0-NC-C:J15-U11 2005-11-19-20.56.32.300790 R45-M0-NC-C:J15-U11 RAS KERNEL INFO ddr: Unable to steer rank=0, symbol=4 - rank is already steering symbol 255. Due to multiple symbols being over the correctable error threshold, consider replacing the card
APPTO 1132604435 2005.11.21 R02-M1-NC-I:J18-U01 2005-11-21-12.20.35.518676 R02-M1-NC-I:J18-U01 RAS APP FATAL ciod: Error reading message prefix on CioStream socket to 172.16.96.116:52567, Connection timed out
APPTO 1132604435 2005.11.21 R35-M0-N4-I:J18-U01 2005-11-21-12.20.35.874121 R35-M0-N4-I:J18-U01 RAS APP FATAL ciod: Error reading message prefix on CioStream socket to 172.16.96.116:52662, Connection timed out
APPTO 1132604446 2005.11.21 R77-M1-N4-I:J18-U01 2005-11-21-12.20.46.264496 R77-M1-N4-I:J18-U01 RAS APP FATAL ciod: Error reading message prefix on CioStream socket to 172.16.96.116:53462, Connection timed out
APPTO 1132604446 2005.11.21 R77-M1-N8-I:J18-U01 2005-11-21-12.20.46.420121 R77-M1-N8-I:J18-U01 RAS APP FATAL ciod: Error reading message prefix on CioStream socket to 172.16.96.116:53464, Connection timed out
APPTO 1132604446 2005.11.21 R54-M1-N8-I:J18-U11 2005-11-21-12.20.46.568927 R54-M1-N8-I:J18-U11 RAS APP FATAL ciod: Error reading message prefix on CioStream socket to 172.16.96.116:53329, Connection timed out
APPTO 1132604446 2005.11.21 R44-M1-N8-I:J18-U01 2005-11-21-12.20.46.682863 R44-M1-N8-I:J18-U01 RAS APP FATAL ciod: Error reading message prefix on CioStream socket to 172.16.96.116:53496, Connection timed out
APPTO 1132604446 2005.11.21 R44-M0-N0-I:J18-U01 2005-11-21-12.20.46.796348 R44-M0-N0-I:J18-U01 RAS APP FATAL ciod: Error reading message prefix on CioStream socket to 172.16.96.116:53490, Connection timed out
APPTO 1132604446 2005.11.21 R55-M1-N0-I:J18-U01 2005-11-21-12.20.46.915688 R55-M1-N0-I:J18-U01 RAS APP FATAL ciod: Error reading message prefix on CioStream socket to 172.16.96.116:53348, Connection timed out
APPTO 1132604447 2005.11.21 R43-M1-NC-I:J18-U01 2005-11-21-12.20.47.035435 R43-M1-NC-I:J18-U01 RAS APP FATAL ciod: Error reading message prefix on CioStream socket to 172.16.96.116:53484, Connection timed out
APPTO 1132604447 2005.11.21 R26-M0-N4-I:J18-U01 2005-11-21-12.20.47.149019 R26-M0-N4-I:J18-U01 RAS APP FATAL ciod: Error reading message prefix on CioStream socket to 172.16.96.116:52994, Connection timed out
APPTO 1132604447 2005.11.21 R37-M0-NC-I:J18-U01 2005-11-21-12.20.47.268811 R37-M0-NC-I:J18-U01 RAS APP FATAL ciod: Error reading message prefix on CioStream socket to 172.16.96.116:52694, Connection timed out
APPTO 1132604447 2005.11.21 R20-M0-N0-I:J18-U01 2005-11-21-12.20.47.382599 R20-M0-N0-I:J18-U01 RAS APP FATAL ciod: Error reading message prefix on CioStream socket to 172.16.96.116:52772, Connection timed out
APPTO 1132604447 2005.11.21 R72-M1-NC-I:J18-U11 2005-11-21-12.20.47.490364 R72-M1-NC-I:J18-U11 RAS APP FATAL ciod: Error reading message prefix on CioStream socket to 172.16.96.116:53157, Connection timed out
APPTO 1132604447 2005.11.21 R26-M1-N0-I:J18-U01 2005-11-21-12.20.47.586009 R26-M1-N0-I:J18-U01 RAS APP FATAL ciod: Error reading message prefix on CioStream socket to 172.16.96.116:53002, Connection timed out
APPTO 1132604447 2005.11.21 R22-M0-N4-I:J18-U11 2005-11-21-12.20.47.689115 R22-M0-N4-I:J18-U11 RAS APP FATAL ciod: Error reading message prefix on CioStream socket to 172.16.96.116:52929, Connection timed out
APPTO 1132604447 2005.11.21 R67-M0-N8-I:J18-U01 2005-11-21-12.20.47.789835 R67-M0-N8-I:J18-U01 RAS APP FATAL ciod: Error reading message prefix on CioStream socket to 172.16.96.116:53432, Connection timed out
APPTO 1132604447 2005.11.21 R66-M1-N8-I:J18-U11 2005-11-21-12.20.47.885439 R66-M1-N8-I:J18-U11 RAS APP FATAL ciod: Error reading message prefix on CioStream socket to 172.16.96.116:53417, Connection timed out
APPTO 1132604447 2005.11.21 R24-M1-N8-I:J18-U11 2005-11-21-12.20.47.993041 R24-M1-N8-I:J18-U11 RAS APP FATAL ciod: Error reading message prefix on CioStream socket to 172.16.96.116:52971, Connection timed out
APPTO 1132604448 2005.11.21 R52-M1-N8-I:J18-U11 2005-11-21-12.20.48.101013 R52-M1-N8-I:J18-U11 RAS APP FATAL ciod: Error reading message prefix on CioStream socket to 172.16.96.116:53097, Connection timed out
APPTO 1132604448 2005.11.21 R50-M1-NC-I:J18-U11 2005-11-21-12.20.48.208386 R50-M1-NC-I:J18-U11 RAS APP FATAL ciod: Error reading message prefix on CioStream socket to 172.16.96.116:53229, Connection timed out
APPTO 1132604448 2005.11.21 R21-M1-N0-I:J18-U01 2005-11-21-12.20.48.316245 R21-M1-N0-I:J18-U01 RAS APP FATAL ciod: Error reading message prefix on CioStream socket to 172.16.96.116:52924, Connection timed out
APPTO 1132604448 2005.11.21 R66-M0-N4-I:J18-U01 2005-11-21-12.20.48.429935 R66-M0-N4-I:J18-U01 RAS APP FATAL ciod: Error reading message prefix on CioStream socket to 172.16.96.116:53398, Connection timed out
APPTO 1132604448 2005.11.21 R42-M1-NC-I:J18-U01 2005-11-21-12.20.48.537360 R42-M1-NC-I:J18-U01 RAS APP FATAL ciod: Error reading message prefix on CioStream socket to 172.16.96.116:53106, Connection timed out
APPTO 1132604448 2005.11.21 R34-M1-NC-I:J18-U01 2005-11-21-12.20.48.657077 R34-M1-NC-I:J18-U01 RAS APP FATAL ciod: Error reading message prefix on CioStream socket to 172.16.96.116:52660, Connection timed out
APPTO 1132604448 2005.11.21 R21-M0-N0-I:J18-U01 2005-11-21-12.20.48.764974 R21-M0-N0-I:J18-U01 RAS APP FATAL ciod: Error reading message prefix on CioStream socket to 172.16.96.116:52916, Connection timed out
APPTO 1132604448 2005.11.21 R20-M1-N4-I:J18-U01 2005-11-21-12.20.48.872707 R20-M1-N4-I:J18-U01 RAS APP FATAL ciod: Error reading message prefix on CioStream socket to 172.16.96.116:52774, Connection timed out
APPTO 1132604448 2005.11.21 R10-M0-NC-I:J18-U11 2005-11-21-12.20.48.980385 R10-M0-NC-I:J18-U11 RAS APP FATAL ciod: Error reading message prefix on CioStream socket to 172.16.96.116:52789, Connection timed out
APPTO 1132604449 2005.11.21 R10-M0-NC-I:J18-U01 2005-11-21-12.20.49.087888 R10-M0-NC-I:J18-U01 RAS APP FATAL ciod: Error reading message prefix on CioStream socket to 172.16.96.116:52788, Connection timed out
APPTO 1132604449 2005.11.21 R64-M0-N4-I:J18-U01 2005-11-21-12.20.49.189653 R64-M0-N4-I:J18-U01 RAS APP FATAL ciod: Error reading message prefix on CioStream socket to 172.16.96.116:53190, Connection timed out
APPTO 1132604449 2005.11.21 R30-M0-NC-I:J18-U01 2005-11-21-12.20.49.297406 R30-M0-NC-I:J18-U01 RAS APP FATAL ciod: Error reading message prefix on CioStream socket to 172.16.96.116:53026, Connection timed out
APPTO 1132604449 2005.11.21 R65-M0-NC-I:J18-U11 2005-11-21-12.20.49.411757 R65-M0-NC-I:J18-U11 RAS APP FATAL ciod: Error reading message prefix on CioStream socket to 172.16.96.116:53245, Connection timed out
APPTO 1132604449 2005.11.21 R61-M0-N8-I:J18-U11 2005-11-21-12.20.49.518912 R61-M0-N8-I:J18-U11 RAS APP FATAL ciod: Error reading message prefix on CioStream socket to 172.16.96.116:52743, Connection timed out
APPTO 1132604449 2005.11.21 R76-M0-NC-I:J18-U01 2005-11-21-12.20.49.633654 R76-M0-NC-I:J18-U01 RAS APP FATAL ciod: Error reading message prefix on CioStream socket to 172.16.96.116:53426, Connection timed out
APPTO 1132604449 2005.11.21 R76-M1-NC-I:J18-U11 2005-11-21-12.20.49.741768 R76-M1-NC-I:J18-U11 RAS APP FATAL ciod: Error reading message prefix on CioStream socket to 172.16.96.116:53445, Connection timed out
APPTO 1132604449 2005.11.21 R70-M1-N8-I:J18-U01 2005-11-21-12.20.49.842431 R70-M1-N8-I:J18-U01 RAS APP FATAL ciod: Error reading message prefix on CioStream socket to 172.16.96.116:52736, Connection timed out
APPTO 1132604449 2005.11.21 R70-M1-N4-I:J18-U01 2005-11-21-12.20.49.943196 R70-M1-N4-I:J18-U01 RAS APP FATAL ciod: Error reading message prefix on CioStream socket to 172.16.96.116:52734, Connection timed out
APPTO 1132604450 2005.11.21 R72-M0-N8-I:J18-U01 2005-11-21-12.20.50.046030 R72-M0-N8-I:J18-U01 RAS APP FATAL ciod: Error reading message prefix on CioStream socket to 172.16.96.116:53136, Connection timed out
APPTO 1132604450 2005.11.21 R61-M0-N0-I:J18-U01 2005-11-21-12.20.50.146499 R61-M0-N0-I:J18-U01 RAS APP FATAL ciod: Error reading message prefix on CioStream socket to 172.16.96.116:52748, Connection timed out
APPTO 1132604450 2005.11.21 R73-M1-N4-I:J18-U11 2005-11-21-12.20.50.255213 R73-M1-N4-I:J18-U11 RAS APP FATAL ciod: Error reading message prefix on CioStream socket to 172.16.96.116:53199, Connection timed out
APPTO 1132604450 2005.11.21 R61-M1-N0-I:J18-U11 2005-11-21-12.20.50.405332 R61-M1-N0-I:J18-U11 RAS APP FATAL ciod: Error reading message prefix on CioStream socket to 172.16.96.116:53117, Connection timed out
APPTO 1132604450 2005.11.21 R23-M0-N8-I:J18-U01 2005-11-21-12.20.50.535438 R23-M0-N8-I:J18-U01 RAS APP FATAL ciod: Error reading message prefix on CioStream socket to 172.16.96.116:52944, Connection timed out
APPTO 1132604450 2005.11.21 R46-M1-N0-I:J18-U01 2005-11-21-12.20.50.638339 R46-M1-N0-I:J18-U01 RAS APP FATAL ciod: Error reading message prefix on CioStream socket to 172.16.96.116:53532, Connection timed out
APPTO 1132604450 2005.11.21 R10-M0-N0-I:J18-U01 2005-11-21-12.20.50.733467 R10-M0-N0-I:J18-U01 RAS APP FATAL ciod: Error reading message prefix on CioStream socket to 172.16.96.116:52786, Connection timed out
APPTO 1132604450 2005.11.21 R10-M1-N4-I:J18-U11 2005-11-21-12.20.50.828897 R10-M1-N4-I:J18-U11 RAS APP FATAL ciod: Error reading message prefix on CioStream socket to 172.16.96.116:52797, Connection timed out
APPTO 1132604450 2005.11.21 R10-M1-N4-I:J18-U01 2005-11-21-12.20.50.937459 R10-M1-N4-I:J18-U01 RAS APP FATAL ciod: Error reading message prefix on CioStream socket to 172.16.96.116:52796, Connection timed out
APPTO 1132604451 2005.11.21 R12-M0-N4-I:J18-U01 2005-11-21-12.20.51.039323 R12-M0-N4-I:J18-U01 RAS APP FATAL ciod: Error reading message prefix on CioStream socket to 172.16.96.116:52820, Connection timed out
APPTO 1132604451 2005.11.21 R15-M1-NC-I:J18-U01 2005-11-21-12.20.51.134287 R15-M1-NC-I:J18-U01 RAS APP FATAL ciod: Error reading message prefix on CioStream socket to 172.16.96.116:52874, Connection timed out
APPTO 1132604451 2005.11.21 R10-M1-N0-I:J18-U01 2005-11-21-12.20.51.236382 R10-M1-N0-I:J18-U01 RAS APP FATAL ciod: Error reading message prefix on CioStream socket to 172.16.96.116:52790, Connection timed out
APPTO 1132604451 2005.11.21 R05-M1-NC-I:J18-U11 2005-11-21-12.20.51.338540 R05-M1-NC-I:J18-U11 RAS APP FATAL ciod: Error reading message prefix on CioStream socket to 172.16.96.116:52621, Connection timed out
APPTO 1132604451 2005.11.21 R03-M1-N8-I:J18-U11 2005-11-21-12.20.51.452383 R03-M1-N8-I:J18-U11 RAS APP FATAL ciod: Error reading message prefix on CioStream socket to 172.16.96.116:52585, Connection timed out
APPTO 1132604451 2005.11.21 R71-M0-N0-I:J18-U01 2005-11-21-12.20.51.673151 R71-M0-N0-I:J18-U01 RAS APP FATAL ciod: Error reading message prefix on CioStream socket to 172.16.96.116:52754, Connection timed out
APPTO 1132604451 2005.11.21 R11-M0-NC-I:J18-U11 2005-11-21-12.20.51.787160 R11-M0-NC-I:J18-U11 RAS APP FATAL ciod: Error reading message prefix on CioStream socket to 172.16.96.116:52805, Connection timed out
APPTO 1132604451 2005.11.21 R11-M0-NC-I:J18-U01 2005-11-21-12.20.51.894580 R11-M0-NC-I:J18-U01 RAS APP FATAL ciod: Error reading message prefix on CioStream socket to 172.16.96.116:52804, Connection timed out
APPTO 1132604452 2005.11.21 R11-M1-NC-I:J18-U01 2005-11-21-12.20.52.002637 R11-M1-NC-I:J18-U01 RAS APP FATAL ciod: Error reading message prefix on CioStream socket to 172.16.96.116:52810, Connection timed out
APPTO 1132604452 2005.11.21 R71-M0-N4-I:J18-U01 2005-11-21-12.20.52.110023 R71-M0-N4-I:J18-U01 RAS APP FATAL ciod: Error reading message prefix on CioStream socket to 172.16.96.116:52750, Connection timed out
APPTO 1132604452 2005.11.21 R04-M0-N4-I:J18-U11 2005-11-21-12.20.52.212201 R04-M0-N4-I:J18-U11 RAS APP FATAL ciod: Error reading message prefix on CioStream socket to 172.16.96.116:52595, Connection timed out
APPTO 1132604452 2005.11.21 R11-M1-N8-I:J18-U01 2005-11-21-12.20.52.313922 R11-M1-N8-I:J18-U01 RAS APP FATAL ciod: Error reading message prefix on CioStream socket to 172.16.96.116:52808, Connection timed out
APPTO 1132604452 2005.11.21 R01-M1-N4-I:J18-U11 2005-11-21-12.20.52.415635 R01-M1-N4-I:J18-U11 RAS APP FATAL ciod: Error reading message prefix on CioStream socket to 172.16.96.116:52551, Connection timed out
APPTO 1132604452 2005.11.21 R17-M0-NC-I:J18-U11 2005-11-21-12.20.52.517358 R17-M0-NC-I:J18-U11 RAS APP FATAL ciod: Error reading message prefix on CioStream socket to 172.16.96.116:52901, Connection timed out
APPTO 1132604452 2005.11.21 R17-M0-N4-I:J18-U01 2005-11-21-12.20.52.618928 R17-M0-N4-I:J18-U01 RAS APP FATAL ciod: Error reading message prefix on CioStream socket to 172.16.96.116:52894, Connection timed out
APPTO 1132604452 2005.11.21 R71-M0-N8-I:J18-U01 2005-11-21-12.20.52.738568 R71-M0-N8-I:J18-U01 RAS APP FATAL ciod: Error reading message prefix on CioStream socket to 172.16.96.116:52752, Connection timed out
APPTO 1132604452 2005.11.21 R13-M1-NC-I:J18-U01 2005-11-21-12.20.52.864704 R13-M1-NC-I:J18-U01 RAS APP FATAL ciod: Error reading message prefix on CioStream socket to 172.16.96.116:52842, Connection timed out
APPTO 1132604452 2005.11.21 R07-M1-N8-I:J18-U01 2005-11-21-12.20.52.978253 R07-M1-N8-I:J18-U01 RAS APP FATAL ciod: Error reading message prefix on CioStream socket to 172.16.96.116:52650, Connection timed out
APPTO 1132604453 2005.11.21 R07-M1-N0-I:J18-U01 2005-11-21-12.20.53.085754 R07-M1-N0-I:J18-U01 RAS APP FATAL ciod: Error reading message prefix on CioStream socket to 172.16.96.116:52646, Connection timed out
APPTO 1132604453 2005.11.21 R11-M1-N4-I:J18-U01 2005-11-21-12.20.53.193458 R11-M1-N4-I:J18-U01 RAS APP FATAL ciod: Error reading message prefix on CioStream socket to 172.16.96.116:52806, Connection timed out
APPTO 1132604453 2005.11.21 R13-M1-N4-I:J18-U01 2005-11-21-12.20.53.301345 R13-M1-N4-I:J18-U01 RAS APP FATAL ciod: Error reading message prefix on CioStream socket to 172.16.96.116:52838, Connection timed out
APPTO 1132604453 2005.11.21 R06-M1-N4-I:J18-U01 2005-11-21-12.20.53.414969 R06-M1-N4-I:J18-U01 RAS APP FATAL ciod: Error reading message prefix on CioStream socket to 172.16.96.116:52634, Connection timed out
APPTO 1132604453 2005.11.21 R75-M1-NC-I:J18-U11 2005-11-21-12.20.53.516792 R75-M1-NC-I:J18-U11 RAS APP FATAL ciod: Error reading message prefix on CioStream socket to 172.16.96.116:53411, Connection timed out
APPTO 1132604453 2005.11.21 R13-M0-N0-I:J18-U01 2005-11-21-12.20.53.618472 R13-M0-N0-I:J18-U01 RAS APP FATAL ciod: Error reading message prefix on CioStream socket to 172.16.96.116:52834, Connection timed out
APPTO 1132604453 2005.11.21 R25-M0-N4-I:J18-U01 2005-11-21-12.20.53.937669 R25-M0-N4-I:J18-U01 RAS APP FATAL ciod: Error reading message prefix on CioStream socket to 172.16.96.116:52976, Connection timed out
APPTO 1132604454 2005.11.21 R52-M1-N0-I:J18-U11 2005-11-21-12.20.54.031458 R52-M1-N0-I:J18-U11 RAS APP FATAL ciod: Error reading message prefix on CioStream socket to 172.16.96.116:53101, Connection timed out
APPTO 1132604454 2005.11.21 R24-M1-N4-I:J18-U11 2005-11-21-12.20.54.132992 R24-M1-N4-I:J18-U11 RAS APP FATAL ciod: Error reading message prefix on CioStream socket to 172.16.96.116:52968, Connection timed out
APPTO 1132604454 2005.11.21 R66-M1-N8-I:J18-U01 2005-11-21-12.20.54.240844 R66-M1-N8-I:J18-U01 RAS APP FATAL ciod: Error reading message prefix on CioStream socket to 172.16.96.116:53416, Connection timed out
APPTO 1132604454 2005.11.21 R45-M0-NC-I:J18-U11 2005-11-21-12.20.54.348542 R45-M0-NC-I:J18-U11 RAS APP FATAL ciod: Error reading message prefix on CioStream socket to 172.16.96.116:53507, Connection timed out
APPTO 1132604454 2005.11.21 R43-M0-NC-I:J18-U01 2005-11-21-12.20.54.456097 R43-M0-NC-I:J18-U01 RAS APP FATAL ciod: Error reading message prefix on CioStream socket to 172.16.96.116:53474, Connection timed out
APPTO 1132604454 2005.11.21 R67-M1-N4-I:J18-U11 2005-11-21-12.20.54.569926 R67-M1-N4-I:J18-U11 RAS APP FATAL ciod: Error reading message prefix on CioStream socket to 172.16.96.116:53455, Connection timed out
APPTO 1132604454 2005.11.21 R37-M0-N4-I:J18-U11 2005-11-21-12.20.54.683366 R37-M0-N4-I:J18-U11 RAS APP FATAL ciod: Error reading message prefix on CioStream socket to 172.16.96.116:52697, Connection timed out
APPTO 1132604454 2005.11.21 R60-M1-N4-I:J18-U01 2005-11-21-12.20.54.797075 R60-M1-N4-I:J18-U01 RAS APP FATAL ciod: Error reading message prefix on CioStream socket to 172.16.96.116:52726, Connection timed out
APPTO 1132604454 2005.11.21 R70-M1-N0-I:J18-U01 2005-11-21-12.20.54.916897 R70-M1-N0-I:J18-U01 RAS APP FATAL ciod: Error reading message prefix on CioStream socket to 172.16.96.116:52740, Connection timed out
APPTO 1132604455 2005.11.21 R70-M0-NC-I:J18-U01 2005-11-21-12.20.55.042694 R70-M0-NC-I:J18-U01 RAS APP FATAL ciod: Error reading message prefix on CioStream socket to 172.16.96.116:52724, Connection timed out
APPTO 1132604455 2005.11.21 R70-M1-NC-I:J18-U01 2005-11-21-12.20.55.156083 R70-M1-NC-I:J18-U01 RAS APP FATAL ciod: Error reading message prefix on CioStream socket to 172.16.96.116:52738, Connection timed out
APPTO 1132604455 2005.11.21 R62-M0-N4-I:J18-U01 2005-11-21-12.20.55.275729 R62-M0-N4-I:J18-U01 RAS APP FATAL ciod: Error reading message prefix on CioStream socket to 172.16.96.116:53126, Connection timed out
APPTO 1132604455 2005.11.21 R10-M1-NC-I:J18-U11 2005-11-21-12.20.55.389539 R10-M1-NC-I:J18-U11 RAS APP FATAL ciod: Error reading message prefix on CioStream socket to 172.16.96.116:52793, Connection timed out
APPTO 1132604455 2005.11.21 R13-M1-N8-I:J18-U01 2005-11-21-12.20.55.503037 R13-M1-N8-I:J18-U01 RAS APP FATAL ciod: Error reading message prefix on CioStream socket to 172.16.96.116:52840, Connection timed out
APPTO 1132604455 2005.11.21 R14-M0-N0-I:J18-U11 2005-11-21-12.20.55.616921 R14-M0-N0-I:J18-U11 RAS APP FATAL ciod: Error reading message prefix on CioStream socket to 172.16.96.116:52851, Connection timed out
APPTO 1132604455 2005.11.21 R13-M0-N8-I:J18-U01 2005-11-21-12.20.55.736714 R13-M0-N8-I:J18-U01 RAS APP FATAL ciod: Error reading message prefix on CioStream socket to 172.16.96.116:52832, Connection timed out
APPTO 1132604455 2005.11.21 R04-M1-NC-I:J18-U11 2005-11-21-12.20.55.862273 R04-M1-NC-I:J18-U11 RAS APP FATAL ciod: Error reading message prefix on CioStream socket to 172.16.96.116:52605, Connection timed out
APPTO 1132604455 2005.11.21 R06-M1-N8-I:J18-U01 2005-11-21-12.20.55.975945 R06-M1-N8-I:J18-U01 RAS APP FATAL ciod: Error reading message prefix on CioStream socket to 172.16.96.116:52636, Connection timed out
APPTO 1132604456 2005.11.21 R75-M1-N4-I:J18-U01 2005-11-21-12.20.56.089637 R75-M1-N4-I:J18-U01 RAS APP FATAL ciod: Error reading message prefix on CioStream socket to 172.16.96.116:53406, Connection timed out
- 1132609500 2005.11.21 R42-M1-NC-I:J18-U01 2005-11-21-13.45.00.057802 R42-M1-NC-I:J18-U01 RAS KERNEL INFO ciod: Received signal 15, code=0, errno=0, address=0x00000462
- 1132609500 2005.11.21 R52-M0-NC-I:J18-U11 2005-11-21-13.45.00.216051 R52-M0-NC-I:J18-U11 RAS KERNEL INFO ciod: Received signal 15, code=0, errno=0, address=0x0000044d
- 1132609500 2005.11.21 R52-M0-N4-I:J18-U01 2005-11-21-13.45.00.387013 R52-M0-N4-I:J18-U01 RAS KERNEL INFO ciod: Received signal 15, code=0, errno=0, address=0x0000044d
- 1132609500 2005.11.21 R57-M1-NC-I:J18-U11 2005-11-21-13.45.00.544423 R57-M1-NC-I:J18-U11 RAS KERNEL INFO ciod: Received signal 15, code=0, errno=0, address=0x0000044a
- 1132609500 2005.11.21 R43-M1-N4-I:J18-U01 2005-11-21-13.45.00.746895 R43-M1-N4-I:J18-U01 RAS KERNEL INFO ciod: Received signal 15, code=0, errno=0, address=0x0000044d
- 1132609501 2005.11.21 R47-M0-NC-I:J18-U01 2005-11-21-13.45.01.025504 R47-M0-NC-I:J18-U01 RAS KERNEL INFO ciod: Received signal 15, code=0, errno=0, address=0x0000044d
- 1132609501 2005.11.21 R34-M1-N0-I:J18-U01 2005-11-21-13.45.01.199656 R34-M1-N0-I:J18-U01 RAS KERNEL INFO ciod: Received signal 15, code=0, errno=0, address=0x0000044a
- 1132609501 2005.11.21 R62-M1-N0-I:J18-U11 2005-11-21-13.45.01.346398 R62-M1-N0-I:J18-U11 RAS KERNEL INFO ciod: Received signal 15, code=0, errno=0, address=0x00000462
- 1132609501 2005.11.21 R21-M1-NC-I:J18-U01 2005-11-21-13.45.01.518812 R21-M1-NC-I:J18-U01 RAS KERNEL INFO ciod: Received signal 15, code=0, errno=0, address=0x0000044d
- 1132609501 2005.11.21 R32-M0-N0-I:J18-U01 2005-11-21-13.45.01.699298 R32-M0-N0-I:J18-U01 RAS KERNEL INFO ciod: Received signal 15, code=0, errno=0, address=0x0000044a
- 1132609501 2005.11.21 R20-M1-N4-I:J18-U11 2005-11-21-13.45.01.854546 R20-M1-N4-I:J18-U11 RAS KERNEL INFO ciod: Received signal 15, code=0, errno=0, address=0x0000044d
- 1132609502 2005.11.21 R43-M0-NC-I:J18-U01 2005-11-21-13.45.02.060848 R43-M0-NC-I:J18-U01 RAS KERNEL INFO ciod: Received signal 15, code=0, errno=0, address=0x0000044d
- 1132609502 2005.11.21 R47-M1-N0-I:J18-U11 2005-11-21-13.45.02.206651 R47-M1-N0-I:J18-U11 RAS KERNEL INFO ciod: Received signal 15, code=0, errno=0, address=0x0000044d
- 1132609502 2005.11.21 R10-M0-NC-I:J18-U01 2005-11-21-13.45.02.357492 R10-M0-NC-I:J18-U01 RAS KERNEL INFO ciod: Received signal 15, code=0, errno=0, address=0x00000462
- 1132609502 2005.11.21 R64-M1-N0-I:J18-U01 2005-11-21-13.45.02.501528 R64-M1-N0-I:J18-U01 RAS KERNEL INFO ciod: Received signal 15, code=0, errno=0, address=0x0000044d
- 1132609502 2005.11.21 R25-M1-N8-I:J18-U11 2005-11-21-13.45.02.651072 R25-M1-N8-I:J18-U11 RAS KERNEL INFO ciod: Received signal 15, code=0, errno=0, address=0x0000044d
- 1132609502 2005.11.21 R25-M1-NC-I:J18-U11 2005-11-21-13.45.02.801705 R25-M1-NC-I:J18-U11 RAS KERNEL INFO ciod: Received signal 15, code=0, errno=0, address=0x0000044d
- 1132609502 2005.11.21 R30-M0-N4-I:J18-U01 2005-11-21-13.45.02.973927 R30-M0-N4-I:J18-U01 RAS KERNEL INFO ciod: Received signal 15, code=0, errno=0, address=0x0000044d
- 1132609503 2005.11.21 R30-M1-N0-I:J18-U01 2005-11-21-13.45.03.139203 R30-M1-N0-I:J18-U01 RAS KERNEL INFO ciod: Received signal 15, code=0, errno=0, address=0x0000044d
- 1132609503 2005.11.21 R37-M0-N4-I:J18-U11 2005-11-21-13.45.03.295650 R37-M0-N4-I:J18-U11 RAS KERNEL INFO ciod: Received signal 15, code=0, errno=0, address=0x0000044d
- 1132609503 2005.11.21 R23-M1-N4-I:J18-U11 2005-11-21-13.45.03.456013 R23-M1-N4-I:J18-U11 RAS KERNEL INFO ciod: Received signal 15, code=0, errno=0, address=0x0000044d
- 1132609503 2005.11.21 R65-M1-N8-I:J18-U11 2005-11-21-13.45.03.637202 R65-M1-N8-I:J18-U11 RAS KERNEL INFO ciod: Received signal 15, code=0, errno=0, address=0x00000462
- 1132609503 2005.11.21 R23-M1-N0-I:J18-U11 2005-11-21-13.45.03.801727 R23-M1-N0-I:J18-U11 RAS KERNEL INFO ciod: Received signal 15, code=0, errno=0, address=0x0000044a
- 1132609503 2005.11.21 R60-M1-N0-I:J18-U01 2005-11-21-13.45.03.954542 R60-M1-N0-I:J18-U01 RAS KERNEL INFO ciod: Received signal 15, code=0, errno=0, address=0x0000044d
- 1132609504 2005.11.21 R30-M0-NC-I:J18-U01 2005-11-21-13.45.04.103610 R30-M0-NC-I:J18-U01 RAS KERNEL INFO ciod: Received signal 15, code=0, errno=0, address=0x0000044d
- 1132609504 2005.11.21 R23-M0-N4-I:J18-U11 2005-11-21-13.45.04.264171 R23-M0-N4-I:J18-U11 RAS KERNEL INFO ciod: Received signal 15, code=0, errno=0, address=0x0000044d
- 1132609504 2005.11.21 R65-M0-NC-I:J18-U11 2005-11-21-13.45.04.430388 R65-M0-NC-I:J18-U11 RAS KERNEL INFO ciod: Received signal 15, code=0, errno=0, address=0x0000044d
- 1132609504 2005.11.21 R74-M1-NC-I:J18-U11 2005-11-21-13.45.04.675742 R74-M1-NC-I:J18-U11 RAS KERNEL INFO ciod: Received signal 15, code=0, errno=0, address=0x0000044d
- 1132609504 2005.11.21 R32-M0-NC-I:J18-U11 2005-11-21-13.45.04.854069 R32-M0-NC-I:J18-U11 RAS KERNEL INFO ciod: Received signal 15, code=0, errno=0, address=0x0000045f
- 1132609505 2005.11.21 R32-M0-N4-I:J18-U11 2005-11-21-13.45.05.047102 R32-M0-N4-I:J18-U11 RAS KERNEL INFO ciod: Received signal 15, code=0, errno=0, address=0x0000044d
- 1132609505 2005.11.21 R73-M1-N8-I:J18-U01 2005-11-21-13.45.05.232405 R73-M1-N8-I:J18-U01 RAS KERNEL INFO ciod: Received signal 15, code=0, errno=0, address=0x0000044d
- 1132609505 2005.11.21 R76-M1-NC-I:J18-U11 2005-11-21-13.45.05.452013 R76-M1-NC-I:J18-U11 RAS KERNEL INFO ciod: Received signal 15, code=0, errno=0, address=0x0000044d
- 1132609505 2005.11.21 R72-M0-NC-I:J18-U01 2005-11-21-13.45.05.614957 R72-M0-NC-I:J18-U01 RAS KERNEL INFO ciod: Received signal 15, code=0, errno=0, address=0x0000044d
- 1132609505 2005.11.21 R70-M1-N8-I:J18-U11 2005-11-21-13.45.05.971888 R70-M1-N8-I:J18-U11 RAS KERNEL INFO ciod: Received signal 15, code=0, errno=0, address=0x0000044d
- 1132609506 2005.11.21 R70-M1-NC-I:J18-U01 2005-11-21-13.45.06.205285 R70-M1-NC-I:J18-U01 RAS KERNEL INFO ciod: Received signal 15, code=0, errno=0, address=0x0000044a
- 1132609506 2005.11.21 R61-M0-N0-I:J18-U11 2005-11-21-13.45.06.410933 R61-M0-N0-I:J18-U11 RAS KERNEL INFO ciod: Received signal 15, code=0, errno=0, address=0x0000044d
- 1132609506 2005.11.21 R61-M1-NC-I:J18-U11 2005-11-21-13.45.06.555727 R61-M1-NC-I:J18-U11 RAS KERNEL INFO ciod: Received signal 15, code=0, errno=0, address=0x0000044d
- 1132609506 2005.11.21 R61-M1-NC-I:J18-U01 2005-11-21-13.45.06.705903 R61-M1-NC-I:J18-U01 RAS KERNEL INFO ciod: Received signal 15, code=0, errno=0, address=0x0000044d
- 1132609506 2005.11.21 R62-M1-N4-I:J18-U11 2005-11-21-13.45.06.886540 R62-M1-N4-I:J18-U11 RAS KERNEL INFO ciod: Received signal 15, code=0, errno=0, address=0x0000044d
- 1132609507 2005.11.21 R61-M1-N4-I:J18-U11 2005-11-21-13.45.07.053841 R61-M1-N4-I:J18-U11 RAS KERNEL INFO ciod: Received signal 15, code=0, errno=0, address=0x00000462
- 1132609507 2005.11.21 R50-M0-N8-I:J18-U01 2005-11-21-13.45.07.219708 R50-M0-N8-I:J18-U01 RAS KERNEL INFO ciod: Received signal 15, code=0, errno=0, address=0x0000044a
- 1132609507 2005.11.21 R76-M0-N0-I:J18-U11 2005-11-21-13.45.07.476919 R76-M0-N0-I:J18-U11 RAS KERNEL INFO ciod: Received signal 15, code=0, errno=0, address=0x0000044d
- 1132609507 2005.11.21 R76-M0-N0-I:J18-U01 2005-11-21-13.45.07.621806 R76-M0-N0-I:J18-U01 RAS KERNEL INFO ciod: Received signal 15, code=0, errno=0, address=0x0000045f
- 1132609507 2005.11.21 R71-M1-N4-I:J18-U11 2005-11-21-13.45.07.777907 R71-M1-N4-I:J18-U11 RAS KERNEL INFO ciod: Received signal 15, code=0, errno=0, address=0x0000044a
- 1132609507 2005.11.21 R50-M1-N8-I:J18-U01 2005-11-21-13.45.07.959326 R50-M1-N8-I:J18-U01 RAS KERNEL INFO ciod: Received signal 15, code=0, errno=0, address=0x0000044d
- 1132609508 2005.11.21 R76-M1-N0-I:J18-U01 2005-11-21-13.45.08.106490 R76-M1-N0-I:J18-U01 RAS KERNEL INFO ciod: Received signal 15, code=0, errno=0, address=0x0000044d
- 1132609508 2005.11.21 R62-M0-N4-I:J18-U11 2005-11-21-13.45.08.288632 R62-M0-N4-I:J18-U11 RAS KERNEL INFO ciod: Received signal 15, code=0, errno=0, address=0x0000044d
- 1132609508 2005.11.21 R71-M0-NC-I:J18-U11 2005-11-21-13.45.08.465850 R71-M0-NC-I:J18-U11 RAS KERNEL INFO ciod: Received signal 15, code=0, errno=0, address=0x0000044d
- 1132609508 2005.11.21 R75-M0-N0-I:J18-U11 2005-11-21-13.45.08.645421 R75-M0-N0-I:J18-U11 RAS KERNEL INFO ciod: Received signal 15, code=0, errno=0, address=0x0000044d
- 1132609508 2005.11.21 R75-M1-N8-I:J18-U11 2005-11-21-13.45.08.811869 R75-M1-N8-I:J18-U11 RAS KERNEL INFO ciod: Received signal 15, code=0, errno=0, address=0x0000044d
- 1132609508 2005.11.21 R75-M1-N8-I:J18-U01 2005-11-21-13.45.08.950531 R75-M1-N8-I:J18-U01 RAS KERNEL INFO ciod: Received signal 15, code=0, errno=0, address=0x0000044d
- 1132609509 2005.11.21 R35-M0-NC-I:J18-U01 2005-11-21-13.45.09.095149 R35-M0-NC-I:J18-U01 RAS KERNEL INFO ciod: Received signal 15, code=0, errno=0, address=0x00000462
- 1132609509 2005.11.21 R10-M1-NC-I:J18-U01 2005-11-21-13.45.09.251099 R10-M1-NC-I:J18-U01 RAS KERNEL INFO ciod: Received signal 15, code=0, errno=0, address=0x0000044d
- 1132609509 2005.11.21 R76-M0-N4-I:J18-U11 2005-11-21-13.45.09.416626 R76-M0-N4-I:J18-U11 RAS KERNEL INFO ciod: Received signal 15, code=0, errno=0, address=0x0000044d
- 1132609509 2005.11.21 R35-M0-N8-I:J18-U01 2005-11-21-13.45.09.611088 R35-M0-N8-I:J18-U01 RAS KERNEL INFO ciod: Received signal 15, code=0, errno=0, address=0x0000044a
- 1132609509 2005.11.21 R15-M1-N0-I:J18-U01 2005-11-21-13.45.09.793696 R15-M1-N0-I:J18-U01 RAS KERNEL INFO ciod: Received signal 15, code=0, errno=0, address=0x0000044d
- 1132609509 2005.11.21 R12-M0-N4-I:J18-U11 2005-11-21-13.45.09.967167 R12-M0-N4-I:J18-U11 RAS KERNEL INFO ciod: Received signal 15, code=0, errno=0, address=0x0000044d
- 1132609510 2005.11.21 R12-M0-N4-I:J18-U01 2005-11-21-13.45.10.124155 R12-M0-N4-I:J18-U01 RAS KERNEL INFO ciod: Received signal 15, code=0, errno=0, address=0x0000044a
- 1132609510 2005.11.21 R10-M1-N0-I:J18-U01 2005-11-21-13.45.10.346956 R10-M1-N0-I:J18-U01 RAS KERNEL INFO ciod: Received signal 15, code=0, errno=0, address=0x0000044d
- 1132609510 2005.11.21 R00-M1-N4-I:J18-U01 2005-11-21-13.45.10.615151 R00-M1-N4-I:J18-U01 RAS KERNEL INFO ciod: Received signal 15, code=0, errno=0, address=0x0000044a
- 1132609510 2005.11.21 R14-M0-N0-I:J18-U11 2005-11-21-13.45.10.946238 R14-M0-N0-I:J18-U11 RAS KERNEL INFO ciod: Received signal 15, code=0, errno=0, address=0x0000044d
- 1132609511 2005.11.21 R12-M1-N8-I:J18-U11 2005-11-21-13.45.11.156855 R12-M1-N8-I:J18-U11 RAS KERNEL INFO ciod: Received signal 15, code=0, errno=0, address=0x0000044d
- 1132609511 2005.11.21 R12-M1-N8-I:J18-U01 2005-11-21-13.45.11.289661 R12-M1-N8-I:J18-U01 RAS KERNEL INFO ciod: Received signal 15, code=0, errno=0, address=0x0000044a
- 1132609511 2005.11.21 R54-M0-NC-I:J18-U01 2005-11-21-13.45.11.537223 R54-M0-NC-I:J18-U01 RAS KERNEL INFO ciod: Received signal 15, code=0, errno=0, address=0x0000044d
- 1132609511 2005.11.21 R03-M1-N8-I:J18-U01 2005-11-21-13.45.11.672005 R03-M1-N8-I:J18-U01 RAS KERNEL INFO ciod: Received signal 15, code=0, errno=0, address=0x0000044d
- 1132609511 2005.11.21 R16-M1-NC-I:J18-U01 2005-11-21-13.45.11.837919 R16-M1-NC-I:J18-U01 RAS KERNEL INFO ciod: Received signal 15, code=0, errno=0, address=0x0000044d
- 1132609512 2005.11.21 R71-M0-N0-I:J18-U01 2005-11-21-13.45.12.006796 R71-M0-N0-I:J18-U01 RAS KERNEL INFO ciod: Received signal 15, code=0, errno=0, address=0x0000044d
- 1132609512 2005.11.21 R46-M0-N4-I:J18-U01 2005-11-21-13.45.12.160517 R46-M0-N4-I:J18-U01 RAS KERNEL INFO ciod: Received signal 15, code=0, errno=0, address=0x0000044d
- 1132609512 2005.11.21 R15-M0-N4-I:J18-U11 2005-11-21-13.45.12.316246 R15-M0-N4-I:J18-U11 RAS KERNEL INFO ciod: Received signal 15, code=0, errno=0, address=0x0000044a
- 1132609512 2005.11.21 R15-M0-N4-I:J18-U01 2005-11-21-13.45.12.456724 R15-M0-N4-I:J18-U01 RAS KERNEL INFO ciod: Received signal 15, code=0, errno=0, address=0x0000044d
- 1132609512 2005.11.21 R03-M1-N4-I:J18-U01 2005-11-21-13.45.12.616639 R03-M1-N4-I:J18-U01 RAS KERNEL INFO ciod: Received signal 15, code=0, errno=0, address=0x00000462
- 1132609512 2005.11.21 R12-M1-N0-I:J18-U01 2005-11-21-13.45.12.777734 R12-M1-N0-I:J18-U01 RAS KERNEL INFO ciod: Received signal 15, code=0, errno=0, address=0x0000044d
- 1132623616 2005.11.21 R47-M1-NA-C:J11-U01 2005-11-21-17.40.16.603670 R47-M1-NA-C:J11-U01 RAS KERNEL INFO 108 L3 EDRAM error(s) (dcr 0x0157) detected and corrected over 39 seconds
- 1132695914 2005.11.22 R33-M0-ND-C:J09-U11 2005-11-22-13.45.14.421850 R33-M0-ND-C:J09-U11 RAS KERNEL INFO 2 ddr error(s) detected and corrected on rank 0, symbol 2 over 462 seconds
- 1132695914 2005.11.22 R33-M0-ND-C:J09-U11 2005-11-22-13.45.14.519548 R33-M0-ND-C:J09-U11 RAS KERNEL INFO CE sym 2, at 0x02b1c1a0, mask 0x04
- 1132695914 2005.11.22 R33-M0-ND-C:J09-U11 2005-11-22-13.45.14.532580 R33-M0-ND-C:J09-U11 RAS KERNEL INFO CE sym 2, at 0x02b1c1a0, mask 0x04
- 1132695914 2005.11.22 R33-M0-ND-C:J09-U11 2005-11-22-13.45.14.543234 R33-M0-ND-C:J09-U11 RAS KERNEL INFO total of 2 ddr error(s) detected and corrected over 462 seconds
- 1132695964 2005.11.22 R01-M1-N9-C:J17-U11 2005-11-22-13.46.04.942209 R01-M1-N9-C:J17-U11 RAS KERNEL INFO 1 ddr error(s) detected and corrected on rank 0, symbol 22 over 462 seconds
- 1132695965 2005.11.22 R01-M1-N9-C:J17-U11 2005-11-22-13.46.05.040809 R01-M1-N9-C:J17-U11 RAS KERNEL INFO CE sym 22, at 0x07520ce0, mask 0x80
- 1132695965 2005.11.22 R01-M1-N9-C:J17-U11 2005-11-22-13.46.05.052727 R01-M1-N9-C:J17-U11 RAS KERNEL INFO total of 1 ddr error(s) detected and corrected over 462 seconds
- 1132695965 2005.11.22 R01-M1-NF-C:J12-U11 2005-11-22-13.46.05.077306 R01-M1-NF-C:J12-U11 RAS KERNEL INFO 1 ddr error(s) detected and corrected on rank 0, symbol 10 over 462 seconds
- 1132695965 2005.11.22 R01-M1-NF-C:J12-U11 2005-11-22-13.46.05.088380 R01-M1-NF-C:J12-U11 RAS KERNEL INFO CE sym 10, at 0x0585ca00, mask 0x80
- 1132695965 2005.11.22 R01-M1-NF-C:J12-U11 2005-11-22-13.46.05.099775 R01-M1-NF-C:J12-U11 RAS KERNEL INFO total of 1 ddr error(s) detected and corrected over 462 seconds
- 1132696041 2005.11.22 R71-M0-N6-C:J09-U11 2005-11-22-13.47.21.579372 R71-M0-N6-C:J09-U11 RAS KERNEL INFO 1 ddr error(s) detected and corrected on rank 0, symbol 11 over 461 seconds
- 1132696041 2005.11.22 R71-M0-N6-C:J09-U11 2005-11-22-13.47.21.674849 R71-M0-N6-C:J09-U11 RAS KERNEL INFO CE sym 11, at 0x0171fae0, mask 0x10
- 1132696041 2005.11.22 R71-M0-N6-C:J09-U11 2005-11-22-13.47.21.698508 R71-M0-N6-C:J09-U11 RAS KERNEL INFO total of 1 ddr error(s) detected and corrected over 461 seconds
- 1132696041 2005.11.22 R71-M0-NE-C:J04-U01 2005-11-22-13.47.21.720637 R71-M0-NE-C:J04-U01 RAS KERNEL INFO 1 ddr error(s) detected and corrected on rank 0, symbol 5 over 461 seconds
- 1132696041 2005.11.22 R71-M0-NE-C:J04-U01 2005-11-22-13.47.21.734477 R71-M0-NE-C:J04-U01 RAS KERNEL INFO CE sym 5, at 0x0a6ae4a0, mask 0x08
- 1132696041 2005.11.22 R71-M0-NE-C:J04-U01 2005-11-22-13.47.21.746527 R71-M0-NE-C:J04-U01 RAS KERNEL INFO total of 1 ddr error(s) detected and corrected over 461 seconds
- 1132698373 2005.11.22 R31-M0-N8-C:J03-U11 2005-11-22-14.26.13.033470 R31-M0-N8-C:J03-U11 RAS KERNEL INFO critical input interrupt (unit=0x0b bit=0x0b): warning for torus z- wire, suppressing further interrupts of same type
- 1132698383 2005.11.22 R53-M0-NE-C:J13-U01 2005-11-22-14.26.23.676868 R53-M0-NE-C:J13-U01 RAS KERNEL INFO critical input interrupt (unit=0x0b bit=0x17): warning for tree C1 wire, suppressing further interrupts of same type
- 1132698385 2005.11.22 R06-M1-ND-C:J07-U11 2005-11-22-14.26.25.075303 R06-M1-ND-C:J07-U11 RAS KERNEL INFO critical input interrupt (unit=0x0b bit=0x0a): warning for torus z+ wire, suppressing further interrupts of same type
- 1132698387 2005.11.22 R03-M0-ND-C:J07-U11 2005-11-22-14.26.27.351571 R03-M0-ND-C:J07-U11 RAS KERNEL INFO critical input interrupt (unit=0x0b bit=0x06): warning for torus y+ wire, suppressing further interrupts of same type
- 1132698388 2005.11.22 R03-M0-N7-C:J05-U11 2005-11-22-14.26.28.484545 R03-M0-N7-C:J05-U11 RAS KERNEL INFO critical input interrupt (unit=0x0b bit=0x0e): warning for tree A0 wire, suppressing further interrupts of same type
- 1132698389 2005.11.22 R06-M0-N5-C:J12-U11 2005-11-22-14.26.29.355152 R06-M0-N5-C:J12-U11 RAS KERNEL INFO critical input interrupt (unit=0x0b bit=0x0b): warning for torus z- wire, suppressing further interrupts of same type
- 1132698389 2005.11.22 R32-M1-NA-C:J02-U11 2005-11-22-14.26.29.802214 R32-M1-NA-C:J02-U11 RAS KERNEL INFO critical input interrupt (unit=0x0b bit=0x0a): warning for torus z+ wire, suppressing further interrupts of same type
- 1132698390 2005.11.22 R21-M1-N9-C:J05-U11 2005-11-22-14.26.30.036094 R21-M1-N9-C:J05-U11 RAS KERNEL INFO critical input interrupt (unit=0x0b bit=0x0b): warning for torus z- wire, suppressing further interrupts of same type
- 1132698393 2005.11.22 R07-M0-N4-C:J02-U11 2005-11-22-14.26.33.660626 R07-M0-N4-C:J02-U11 RAS KERNEL INFO critical input interrupt (unit=0x0b bit=0x06): warning for torus y+ wire, suppressing further interrupts of same type
- 1132698394 2005.11.22 R70-M0-NF-C:J02-U11 2005-11-22-14.26.34.552273 R70-M0-NF-C:J02-U11 RAS KERNEL INFO critical input interrupt (unit=0x0b bit=0x0a): warning for torus z+ wire, suppressing further interrupts of same type
- 1132698396 2005.11.22 R15-M0-N2-C:J03-U11 2005-11-22-14.26.36.819543 R15-M0-N2-C:J03-U11 RAS KERNEL INFO critical input interrupt (unit=0x0b bit=0x17): warning for tree C1 wire, suppressing further interrupts of same type
- 1132698397 2005.11.22 R42-M0-NC-C:J08-U11 2005-11-22-14.26.37.144817 R42-M0-NC-C:J08-U11 RAS KERNEL INFO critical input interrupt (unit=0x0b bit=0x0b): warning for torus z- wire, suppressing further interrupts of same type
- 1132698399 2005.11.22 R17-M1-NE-C:J12-U11 2005-11-22-14.26.39.400754 R17-M1-NE-C:J12-U11 RAS KERNEL INFO critical input interrupt (unit=0x0b bit=0x0e): warning for tree A0 wire, suppressing further interrupts of same type
- 1132698400 2005.11.22 R40-M1-N0-C:J02-U01 2005-11-22-14.26.40.256427 R40-M1-N0-C:J02-U01 RAS KERNEL INFO critical input interrupt (unit=0x0b bit=0x17): warning for tree C1 wire, suppressing further interrupts of same type
- 1132698404 2005.11.22 R06-M1-NF-C:J11-U11 2005-11-22-14.26.44.241335 R06-M1-NF-C:J11-U11 RAS KERNEL INFO critical input interrupt (unit=0x0b bit=0x0a): warning for torus z+ wire, suppressing further interrupts of same type
- 1132698405 2005.11.22 R25-M0-N2-C:J04-U11 2005-11-22-14.26.45.707338 R25-M0-N2-C:J04-U11 RAS KERNEL INFO critical input interrupt (unit=0x0b bit=0x0a): warning for torus z+ wire, suppressing further interrupts of same type
- 1132698405 2005.11.22 R62-M1-N8-C:J04-U11 2005-11-22-14.26.45.919360 R62-M1-N8-C:J04-U11 RAS KERNEL INFO critical input interrupt (unit=0x0b bit=0x0b): warning for torus z- wire, suppressing further interrupts of same type
- 1132698414 2005.11.22 R12-M0-NE-C:J02-U11 2005-11-22-14.26.54.732836 R12-M0-NE-C:J02-U11 RAS KERNEL INFO critical input interrupt (unit=0x0b bit=0x0f): warning for tree A1 wire, suppressing further interrupts of same type
- 1132698416 2005.11.22 R07-M0-N9-C:J17-U11 2005-11-22-14.26.56.338740 R07-M0-N9-C:J17-U11 RAS KERNEL INFO critical input interrupt (unit=0x0b bit=0x0b): warning for torus z- wire, suppressing further interrupts of same type
- 1132698418 2005.11.22 R31-M0-NA-C:J02-U11 2005-11-22-14.26.58.075265 R31-M0-NA-C:J02-U11 RAS KERNEL INFO critical input interrupt (unit=0x0b bit=0x0a): warning for torus z+ wire, suppressing further interrupts of same type
- 1132698418 2005.11.22 R42-M0-NB-C:J10-U11 2005-11-22-14.26.58.304940 R42-M0-NB-C:J10-U11 RAS KERNEL INFO critical input interrupt (unit=0x0b bit=0x0a): warning for torus z+ wire, suppressing further interrupts of same type
- 1132698421 2005.11.22 R36-M1-NA-C:J07-U11 2005-11-22-14.27.01.413208 R36-M1-NA-C:J07-U11 RAS KERNEL INFO critical input interrupt (unit=0x0b bit=0x0a): warning for torus z+ wire, suppressing further interrupts of same type
- 1132698423 2005.11.22 R13-M1-N9-C:J08-U11 2005-11-22-14.27.03.848832 R13-M1-N9-C:J08-U11 RAS KERNEL INFO critical input interrupt (unit=0x0b bit=0x0b): warning for torus z- wire, suppressing further interrupts of same type
- 1132698428 2005.11.22 R12-M0-NC-C:J08-U11 2005-11-22-14.27.08.946564 R12-M0-NC-C:J08-U11 RAS KERNEL INFO critical input interrupt (unit=0x0b bit=0x0b): warning for torus z- wire, suppressing further interrupts of same type
- 1132698429 2005.11.22 R46-M0-N8-C:J08-U11 2005-11-22-14.27.09.633668 R46-M0-N8-C:J08-U11 RAS KERNEL INFO critical input interrupt (unit=0x0b bit=0x0b): warning for torus z- wire, suppressing further interrupts of same type
- 1132698430 2005.11.22 R00-M0-NC-C:J08-U11 2005-11-22-14.27.10.941343 R00-M0-NC-C:J08-U11 RAS KERNEL INFO critical input interrupt (unit=0x0b bit=0x0b): warning for torus z- wire, suppressing further interrupts of same type
- 1132698435 2005.11.22 R14-M0-N8-C:J03-U11 2005-11-22-14.27.15.182131 R14-M0-N8-C:J03-U11 RAS KERNEL INFO critical input interrupt (unit=0x0b bit=0x0b): warning for torus z- wire, suppressing further interrupts of same type
- 1132698436 2005.11.22 R31-M1-NA-C:J08-U11 2005-11-22-14.27.16.776652 R31-M1-NA-C:J08-U11 RAS KERNEL INFO critical input interrupt (unit=0x0b bit=0x0b): warning for torus z- wire, suppressing further interrupts of same type
- 1132698439 2005.11.22 R25-M1-N7-C:J02-U11 2005-11-22-14.27.19.424313 R25-M1-N7-C:J02-U11 RAS KERNEL INFO critical input interrupt (unit=0x0b bit=0x0a): warning for torus z+ wire, suppressing further interrupts of same type
- 1132698440 2005.11.22 R42-M1-N8-C:J04-U01 2005-11-22-14.27.20.866061 R42-M1-N8-C:J04-U01 RAS KERNEL INFO critical input interrupt (unit=0x0b bit=0x17): warning for tree C1 wire, suppressing further interrupts of same type
- 1132698442 2005.11.22 R76-M1-NA-C:J04-U11 2005-11-22-14.27.22.766107 R76-M1-NA-C:J04-U11 RAS KERNEL INFO critical input interrupt (unit=0x0b bit=0x0a): warning for torus z+ wire, suppressing further interrupts of same type
- 1132698448 2005.11.22 R07-M1-N6-C:J02-U11 2005-11-22-14.27.28.262817 R07-M1-N6-C:J02-U11 RAS KERNEL INFO critical input interrupt (unit=0x0b bit=0x06): warning for torus y+ wire, suppressing further interrupts of same type
- 1132698448 2005.11.22 R04-M1-NE-C:J07-U11 2005-11-22-14.27.28.706599 R04-M1-NE-C:J07-U11 RAS KERNEL INFO critical input interrupt (unit=0x0b bit=0x06): warning for torus y+ wire, suppressing further interrupts of same type
- 1132698450 2005.11.22 R15-M0-N3-C:J17-U01 2005-11-22-14.27.30.658547 R15-M0-N3-C:J17-U01 RAS KERNEL INFO ddr: activating redundant bit steering for next allocation: rank=0 symbol=29
- 1132698451 2005.11.22 R12-M1-N5-C:J03-U11 2005-11-22-14.27.31.196213 R12-M1-N5-C:J03-U11 RAS KERNEL INFO critical input interrupt (unit=0x0b bit=0x17): warning for tree C1 wire, suppressing further interrupts of same type
- 1132698453 2005.11.22 R44-M1-NE-C:J07-U11 2005-11-22-14.27.33.427001 R44-M1-NE-C:J07-U11 RAS KERNEL INFO critical input interrupt (unit=0x0b bit=0x06): warning for torus y+ wire, suppressing further interrupts of same type
- 1132698453 2005.11.22 R25-M0-N0-C:J17-U01 2005-11-22-14.27.33.458039 R25-M0-N0-C:J17-U01 RAS KERNEL INFO critical input interrupt (unit=0x0b bit=0x03): warning for torus x- wire, suppressing further interrupts of same type
- 1132698456 2005.11.22 R56-M1-N1-C:J02-U01 2005-11-22-14.27.36.405728 R56-M1-N1-C:J02-U01 RAS KERNEL INFO critical input interrupt (unit=0x0b bit=0x17): warning for tree C1 wire, suppressing further interrupts of same type
- 1132698456 2005.11.22 R41-M1-ND-C:J15-U11 2005-11-22-14.27.36.841693 R41-M1-ND-C:J15-U11 RAS KERNEL INFO critical input interrupt (unit=0x0b bit=0x0b): warning for torus z- wire, suppressing further interrupts of same type
- 1132698458 2005.11.22 R53-M1-N4-C:J09-U11 2005-11-22-14.27.38.927804 R53-M1-N4-C:J09-U11 RAS KERNEL INFO critical input interrupt (unit=0x0b bit=0x17): warning for tree C1 wire, suppressing further interrupts of same type
- 1132698459 2005.11.22 R77-M0-N3-C:J06-U01 2005-11-22-14.27.39.787685 R77-M0-N3-C:J06-U01 RAS KERNEL INFO critical input interrupt (unit=0x0b bit=0x0a): warning for torus z+ wire, suppressing further interrupts of same type
- 1132698461 2005.11.22 R54-M1-NB-C:J07-U11 2005-11-22-14.27.41.296023 R54-M1-NB-C:J07-U11 RAS KERNEL INFO critical input interrupt (unit=0x0b bit=0x06): warning for torus y+ wire, suppressing further interrupts of same type
- 1132698461 2005.11.22 R21-M1-NB-C:J03-U01 2005-11-22-14.27.41.871994 R21-M1-NB-C:J03-U01 RAS KERNEL INFO critical input interrupt (unit=0x0b bit=0x0e): warning for tree A0 wire, suppressing further interrupts of same type
- 1132698463 2005.11.22 R03-M1-N6-C:J02-U01 2005-11-22-14.27.43.241544 R03-M1-N6-C:J02-U01 RAS KERNEL INFO critical input interrupt (unit=0x0b bit=0x0a): warning for torus z+ wire, suppressing further interrupts of same type
- 1132698463 2005.11.22 R35-M1-NA-C:J04-U11 2005-11-22-14.27.43.268994 R35-M1-NA-C:J04-U11 RAS KERNEL INFO critical input interrupt (unit=0x0b bit=0x0a): warning for torus z+ wire, suppressing further interrupts of same type
- 1132698463 2005.11.22 R46-M0-N3-C:J02-U11 2005-11-22-14.27.43.359703 R46-M0-N3-C:J02-U11 RAS KERNEL INFO critical input interrupt (unit=0x0b bit=0x0a): warning for torus z+ wire, suppressing further interrupts of same type
- 1132698463 2005.11.22 R50-M0-N6-C:J04-U01 2005-11-22-14.27.43.400214 R50-M0-N6-C:J04-U01 RAS KERNEL INFO critical input interrupt (unit=0x0b bit=0x07): warning for torus y- wire, suppressing further interrupts of same type
- 1132698465 2005.11.22 R04-M1-NE-C:J02-U01 2005-11-22-14.27.45.851717 R04-M1-NE-C:J02-U01 RAS KERNEL INFO critical input interrupt (unit=0x0b bit=0x06): warning for torus y+ wire, suppressing further interrupts of same type
- 1132698466 2005.11.22 R14-M0-NF-C:J03-U01 2005-11-22-14.27.46.903044 R14-M0-NF-C:J03-U01 RAS KERNEL INFO critical input interrupt (unit=0x0b bit=0x0e): warning for tree A0 wire, suppressing further interrupts of same type
- 1132698467 2005.11.22 R74-M0-N5-C:J04-U01 2005-11-22-14.27.47.802852 R74-M0-N5-C:J04-U01 RAS KERNEL INFO critical input interrupt (unit=0x0b bit=0x17): warning for tree C1 wire, suppressing further interrupts of same type
- 1132698468 2005.11.22 R36-M0-NC-C:J02-U01 2005-11-22-14.27.48.867205 R36-M0-NC-C:J02-U01 RAS KERNEL INFO critical input interrupt (unit=0x0b bit=0x17): warning for tree C1 wire, suppressing further interrupts of same type
- 1132698469 2005.11.22 R14-M0-N8-C:J07-U11 2005-11-22-14.27.49.480297 R14-M0-N8-C:J07-U11 RAS KERNEL INFO critical input interrupt (unit=0x0b bit=0x0f): warning for tree A1 wire, suppressing further interrupts of same type
- 1132698473 2005.11.22 R06-M0-NB-C:J02-U01 2005-11-22-14.27.53.757589 R06-M0-NB-C:J02-U01 RAS KERNEL INFO critical input interrupt (unit=0x0b bit=0x12): warning for tree B0 wire, suppressing further interrupts of same type
- 1132698478 2005.11.22 R05-M0-N9-C:J16-U11 2005-11-22-14.27.58.325440 R05-M0-N9-C:J16-U11 RAS KERNEL INFO critical input interrupt (unit=0x0b bit=0x0a): warning for torus z+ wire, suppressing further interrupts of same type
- 1132698480 2005.11.22 R47-M1-NF-C:J03-U11 2005-11-22-14.28.00.755335 R47-M1-NF-C:J03-U11 RAS KERNEL INFO critical input interrupt (unit=0x0b bit=0x17): warning for tree C1 wire, suppressing further interrupts of same type
- 1132698480 2005.11.22 R15-M1-N6-C:J03-U01 2005-11-22-14.28.00.793354 R15-M1-N6-C:J03-U01 RAS KERNEL INFO critical input interrupt (unit=0x0b bit=0x0e): warning for tree A0 wire, suppressing further interrupts of same type
- 1132698483 2005.11.22 R54-M1-N9-C:J02-U01 2005-11-22-14.28.03.002416 R54-M1-N9-C:J02-U01 RAS KERNEL INFO critical input interrupt (unit=0x0b bit=0x17): warning for tree C1 wire, suppressing further interrupts of same type
- 1132698483 2005.11.22 R14-M0-N8-C:J03-U01 2005-11-22-14.28.03.114523 R14-M0-N8-C:J03-U01 RAS KERNEL INFO critical input interrupt (unit=0x0b bit=0x03): warning for torus x- wire, suppressing further interrupts of same type
- 1132698484 2005.11.22 R71-M0-N2-C:J05-U01 2005-11-22-14.28.04.057741 R71-M0-N2-C:J05-U01 RAS KERNEL INFO critical input interrupt (unit=0x0b bit=0x17): warning for tree C1 wire, suppressing further interrupts of same type
- 1132698484 2005.11.22 R10-M0-NB-C:J04-U11 2005-11-22-14.28.04.863223 R10-M0-NB-C:J04-U11 RAS KERNEL INFO critical input interrupt (unit=0x0b bit=0x02): warning for torus x+ wire, suppressing further interrupts of same type
- 1132698485 2005.11.22 R22-M0-N6-C:J13-U01 2005-11-22-14.28.05.971652 R22-M0-N6-C:J13-U01 RAS KERNEL INFO critical input interrupt (unit=0x0b bit=0x17): warning for tree C1 wire, suppressing further interrupts of same type
- 1132698486 2005.11.22 R50-M0-NC-C:J09-U11 2005-11-22-14.28.06.598803 R50-M0-NC-C:J09-U11 RAS KERNEL INFO critical input interrupt (unit=0x0b bit=0x03): warning for torus x- wire, suppressing further interrupts of same type
- 1132698486 2005.11.22 R41-M0-N8-C:J07-U11 2005-11-22-14.28.06.686425 R41-M0-N8-C:J07-U11 RAS KERNEL INFO critical input interrupt (unit=0x0b bit=0x06): warning for torus y+ wire, suppressing further interrupts of same type
- 1132698491 2005.11.22 R67-M0-NA-C:J03-U11 2005-11-22-14.28.11.075583 R67-M0-NA-C:J03-U11 RAS KERNEL INFO critical input interrupt (unit=0x0b bit=0x17): warning for tree C1 wire, suppressing further interrupts of same type
- 1132698494 2005.11.22 R16-M0-N1-C:J17-U01 2005-11-22-14.28.14.140108 R16-M0-N1-C:J17-U01 RAS KERNEL INFO critical input interrupt (unit=0x0b bit=0x17): warning for tree C1 wire, suppressing further interrupts of same type
- 1132698496 2005.11.22 R53-M0-N2-C:J03-U11 2005-11-22-14.28.16.651256 R53-M0-N2-C:J03-U11 RAS KERNEL INFO critical input interrupt (unit=0x0b bit=0x17): warning for tree C1 wire, suppressing further interrupts of same type
- 1132698500 2005.11.22 R25-M1-N8-C:J08-U01 2005-11-22-14.28.20.263435 R25-M1-N8-C:J08-U01 RAS KERNEL INFO critical input interrupt (unit=0x0b bit=0x0b): warning for torus z- wire, suppressing further interrupts of same type
- 1132698502 2005.11.22 R77-M1-NB-C:J02-U11 2005-11-22-14.28.22.414430 R77-M1-NB-C:J02-U11 RAS KERNEL INFO critical input interrupt (unit=0x0b bit=0x0a): warning for torus z+ wire, suppressing further interrupts of same type
- 1132698513 2005.11.22 R46-M1-N6-C:J02-U01 2005-11-22-14.28.33.510286 R46-M1-N6-C:J02-U01 RAS KERNEL INFO critical input interrupt (unit=0x0b bit=0x17): warning for tree C1 wire, suppressing further interrupts of same type
- 1132698513 2005.11.22 R75-M0-N5-C:J03-U11 2005-11-22-14.28.33.990218 R75-M0-N5-C:J03-U11 RAS KERNEL INFO critical input interrupt (unit=0x0b bit=0x16): warning for tree C0 wire, suppressing further interrupts of same type
- 1132698516 2005.11.22 R04-M0-NC-C:J16-U01 2005-11-22-14.28.36.811637 R04-M0-NC-C:J16-U01 RAS KERNEL INFO critical input interrupt (unit=0x0b bit=0x17): warning for tree C1 wire, suppressing further interrupts of same type
- 1132698517 2005.11.22 R33-M0-N8-C:J04-U01 2005-11-22-14.28.37.000004 R33-M0-N8-C:J04-U01 RAS KERNEL INFO critical input interrupt (unit=0x0b bit=0x17): warning for tree C1 wire, suppressing further interrupts of same type
- 1132698525 2005.11.22 R70-M1-N0-C:J04-U11 2005-11-22-14.28.45.881749 R70-M1-N0-C:J04-U11 RAS KERNEL INFO critical input interrupt (unit=0x0b bit=0x0a): warning for torus z+ wire, suppressing further interrupts of same type
- 1132698526 2005.11.22 R72-M0-N4-C:J04-U11 2005-11-22-14.28.46.969882 R72-M0-N4-C:J04-U11 RAS KERNEL INFO critical input interrupt (unit=0x0b bit=0x0b): warning for torus z- wire, suppressing further interrupts of same type
- 1132698527 2005.11.22 R05-M1-N9-C:J06-U11 2005-11-22-14.28.47.309874 R05-M1-N9-C:J06-U11 RAS KERNEL INFO critical input interrupt (unit=0x0b bit=0x17): warning for tree C1 wire, suppressing further interrupts of same type
- 1132698528 2005.11.22 R53-M1-NB-C:J10-U01 2005-11-22-14.28.48.302246 R53-M1-NB-C:J10-U01 RAS KERNEL INFO critical input interrupt (unit=0x0b bit=0x02): warning for torus x+ wire, suppressing further interrupts of same type
- 1132698528 2005.11.22 R40-M1-NA-C:J07-U11 2005-11-22-14.28.48.832828 R40-M1-NA-C:J07-U11 RAS KERNEL INFO critical input interrupt (unit=0x0b bit=0x17): warning for tree C1 wire, suppressing further interrupts of same type
- 1132698529 2005.11.22 R02-M0-N8-C:J03-U11 2005-11-22-14.28.49.080549 R02-M0-N8-C:J03-U11 RAS KERNEL INFO critical input interrupt (unit=0x0b bit=0x16): warning for tree C0 wire, suppressing further interrupts of same type
- 1132698531 2005.11.22 R54-M0-N9-C:J06-U11 2005-11-22-14.28.51.245334 R54-M0-N9-C:J06-U11 RAS KERNEL INFO critical input interrupt (unit=0x0b bit=0x16): warning for tree C0 wire, suppressing further interrupts of same type
- 1132698536 2005.11.22 R26-M0-N8-C:J09-U01 2005-11-22-14.28.56.634078 R26-M0-N8-C:J09-U01 RAS KERNEL INFO critical input interrupt (unit=0x0b bit=0x02): warning for torus x+ wire, suppressing further interrupts of same type
- 1132698538 2005.11.22 R33-M0-N9-C:J04-U11 2005-11-22-14.28.58.143452 R33-M0-N9-C:J04-U11 RAS KERNEL INFO critical input interrupt (unit=0x0b bit=0x0a): warning for torus z+ wire, suppressing further interrupts of same type
- 1132698540 2005.11.22 R77-M1-N7-C:J02-U11 2005-11-22-14.29.00.148092 R77-M1-N7-C:J02-U11 RAS KERNEL INFO critical input interrupt (unit=0x0b bit=0x0a): warning for torus z+ wire, suppressing further interrupts of same type
- 1132698540 2005.11.22 R70-M1-NA-C:J02-U11 2005-11-22-14.29.00.577007 R70-M1-NA-C:J02-U11 RAS KERNEL INFO critical input interrupt (unit=0x0b bit=0x0a): warning for torus z+ wire, suppressing further interrupts of same type
- 1132698543 2005.11.22 R17-M0-NF-C:J09-U11 2005-11-22-14.29.03.514957 R17-M0-NF-C:J09-U11 RAS KERNEL INFO critical input interrupt (unit=0x0b bit=0x06): warning for torus y+ wire, suppressing further interrupts of same type
- 1132698547 2005.11.22 R53-M1-NC-C:J03-U11 2005-11-22-14.29.07.453366 R53-M1-NC-C:J03-U11 RAS KERNEL INFO critical input interrupt (unit=0x0b bit=0x17): warning for tree C1 wire, suppressing further interrupts of same type
- 1132698549 2005.11.22 R77-M0-N5-C:J04-U01 2005-11-22-14.29.09.254323 R77-M0-N5-C:J04-U01 RAS KERNEL INFO critical input interrupt (unit=0x0b bit=0x17): warning for tree C1 wire, suppressing further interrupts of same type
- 1132698555 2005.11.22 R11-M0-N4-C:J08-U11 2005-11-22-14.29.15.968443 R11-M0-N4-C:J08-U11 RAS KERNEL INFO critical input interrupt (unit=0x0b bit=0x0b): warning for torus z- wire, suppressing further interrupts of same type
- 1132698566 2005.11.22 R05-M1-NE-C:J02-U11 2005-11-22-14.29.26.590193 R05-M1-NE-C:J02-U11 RAS KERNEL INFO critical input interrupt (unit=0x0b bit=0x06): warning for torus y+ wire, suppressing further interrupts of same type
- 1132698584 2005.11.22 R74-M0-NE-C:J09-U11 2005-11-22-14.29.44.492043 R74-M0-NE-C:J09-U11 RAS KERNEL INFO critical input interrupt (unit=0x0b bit=0x06): warning for torus y+ wire, suppressing further interrupts of same type
- 1132698587 2005.11.22 R36-M1-NA-C:J13-U11 2005-11-22-14.29.47.575544 R36-M1-NA-C:J13-U11 RAS KERNEL INFO critical input interrupt (unit=0x0b bit=0x16): warning for tree C0 wire, suppressing further interrupts of same type
- 1132698588 2005.11.22 R06-M0-N6-C:J04-U01 2005-11-22-14.29.48.254301 R06-M0-N6-C:J04-U01 RAS KERNEL INFO critical input interrupt (unit=0x0b bit=0x06): warning for torus y+ wire, suppressing further interrupts of same type
- 1132698590 2005.11.22 R22-M0-N7-C:J02-U11 2005-11-22-14.29.50.378768 R22-M0-N7-C:J02-U11 RAS KERNEL INFO critical input interrupt (unit=0x0b bit=0x13): warning for tree B1 wire, suppressing further interrupts of same type
- 1132698590 2005.11.22 R15-M0-N2-C:J11-U01 2005-11-22-14.29.50.807147 R15-M0-N2-C:J11-U01 RAS KERNEL INFO critical input interrupt (unit=0x0b bit=0x07): warning for torus y- wire, suppressing further interrupts of same type
- 1132698592 2005.11.22 R24-M0-NC-C:J08-U11 2005-11-22-14.29.52.794268 R24-M0-NC-C:J08-U11 RAS KERNEL INFO critical input interrupt (unit=0x0b bit=0x06): warning for torus y+ wire, suppressing further interrupts of same type
- 1132698593 2005.11.22 R13-M1-ND-C:J02-U11 2005-11-22-14.29.53.547687 R13-M1-ND-C:J02-U11 RAS KERNEL INFO critical input interrupt (unit=0x0b bit=0x0a): warning for torus z+ wire, suppressing further interrupts of same type
- 1132698595 2005.11.22 R01-M0-NB-C:J12-U11 2005-11-22-14.29.55.640878 R01-M0-NB-C:J12-U11 RAS KERNEL INFO critical input interrupt (unit=0x0b bit=0x0a): warning for torus z+ wire, suppressing further interrupts of same type
- 1132698595 2005.11.22 R15-M1-N5-C:J05-U11 2005-11-22-14.29.55.729730 R15-M1-N5-C:J05-U11 RAS KERNEL INFO critical input interrupt (unit=0x0b bit=0x16): warning for tree C0 wire, suppressing further interrupts of same type
- 1132698596 2005.11.22 R20-M0-N2-C:J04-U11 2005-11-22-14.29.56.294197 R20-M0-N2-C:J04-U11 RAS KERNEL INFO critical input interrupt (unit=0x0b bit=0x0b): warning for torus z- wire, suppressing further interrupts of same type
- 1132698596 2005.11.22 R05-M1-NE-C:J17-U11 2005-11-22-14.29.56.294218 R05-M1-NE-C:J17-U11 RAS KERNEL INFO critical input interrupt (unit=0x0b bit=0x0e): warning for tree A0 wire, suppressing further interrupts of same type
- 1132769959 2005.11.23 R06-M1-N6-C:J15-U01 2005-11-23-10.19.19.848183 R06-M1-N6-C:J15-U01 RAS KERNEL INFO 2 tree receiver 2 in re-synch state event(s) (dcr 0x019a) detected over 839 seconds
- 1132769960 2005.11.23 R30-M0-N7-C:J09-U01 2005-11-23-10.19.20.002974 R30-M0-N7-C:J09-U01 RAS KERNEL INFO 1 ddr error(s) detected and corrected on rank 0, symbol 26 over 839 seconds
- 1132769960 2005.11.23 R30-M0-N7-C:J09-U01 2005-11-23-10.19.20.100082 R30-M0-N7-C:J09-U01 RAS KERNEL INFO CE sym 26, at 0x07a95e80, mask 0x10
- 1132769960 2005.11.23 R30-M0-N7-C:J09-U01 2005-11-23-10.19.20.198607 R30-M0-N7-C:J09-U01 RAS KERNEL INFO total of 1 ddr error(s) detected and corrected over 839 seconds
- 1132769960 2005.11.23 R35-M0-N0-C:J07-U01 2005-11-23-10.19.20.301976 R35-M0-N0-C:J07-U01 RAS KERNEL INFO 1 ddr error(s) detected and corrected on rank 0, symbol 12 over 839 seconds
- 1132769960 2005.11.23 R35-M0-N0-C:J07-U01 2005-11-23-10.19.20.409540 R35-M0-N0-C:J07-U01 RAS KERNEL INFO CE sym 12, at 0x1682ed20, mask 0x01
- 1132769960 2005.11.23 R35-M0-N0-C:J07-U01 2005-11-23-10.19.20.517075 R35-M0-N0-C:J07-U01 RAS KERNEL INFO total of 1 ddr error(s) detected and corrected over 839 seconds
- 1132769960 2005.11.23 R35-M1-NA-C:J09-U01 2005-11-23-10.19.20.629673 R35-M1-NA-C:J09-U01 RAS KERNEL INFO 6 L3 EDRAM error(s) (dcr 0x0157) detected and corrected over 839 seconds
- 1132769960 2005.11.23 R20-M1-NB-C:J16-U11 2005-11-23-10.19.20.729309 R20-M1-NB-C:J16-U11 RAS KERNEL INFO 2 ddr error(s) detected and corrected on rank 0, symbol 5 over 839 seconds
- 1132769960 2005.11.23 R20-M1-NB-C:J16-U11 2005-11-23-10.19.20.834566 R20-M1-NB-C:J16-U11 RAS KERNEL INFO CE sym 5, at 0x0e37bbe0, mask 0x40
- 1132769960 2005.11.23 R20-M1-NB-C:J16-U11 2005-11-23-10.19.20.943786 R20-M1-NB-C:J16-U11 RAS KERNEL INFO CE sym 5, at 0x0e37bbe0, mask 0x40
- 1132769961 2005.11.23 R20-M1-NB-C:J16-U11 2005-11-23-10.19.21.045319 R20-M1-NB-C:J16-U11 RAS KERNEL INFO total of 2 ddr error(s) detected and corrected over 839 seconds
- 1132769961 2005.11.23 R73-M1-N1-C:J16-U11 2005-11-23-10.19.21.162248 R73-M1-N1-C:J16-U11 RAS KERNEL INFO 1 ddr error(s) detected and corrected on rank 0, symbol 2 over 839 seconds
- 1132769961 2005.11.23 R73-M1-N1-C:J16-U11 2005-11-23-10.19.21.253684 R73-M1-N1-C:J16-U11 RAS KERNEL INFO CE sym 2, at 0x00130980, mask 0x40
- 1132769961 2005.11.23 R73-M1-N1-C:J16-U11 2005-11-23-10.19.21.354780 R73-M1-N1-C:J16-U11 RAS KERNEL INFO total of 1 ddr error(s) detected and corrected over 839 seconds
- 1132769961 2005.11.23 R13-M1-NC-C:J14-U01 2005-11-23-10.19.21.458436 R13-M1-NC-C:J14-U01 RAS KERNEL INFO 1 ddr error(s) detected and corrected on rank 0, symbol 16 over 839 seconds
- 1132769961 2005.11.23 R13-M1-NC-C:J14-U01 2005-11-23-10.19.21.557619 R13-M1-NC-C:J14-U01 RAS KERNEL INFO CE sym 16, at 0x13e7b6a0, mask 0x04
- 1132769961 2005.11.23 R13-M1-NC-C:J14-U01 2005-11-23-10.19.21.661121 R13-M1-NC-C:J14-U01 RAS KERNEL INFO total of 1 ddr error(s) detected and corrected over 839 seconds
- 1132769961 2005.11.23 R14-M0-N6-C:J02-U11 2005-11-23-10.19.21.771776 R14-M0-N6-C:J02-U11 RAS KERNEL INFO 1 ddr error(s) detected and corrected on rank 0, symbol 15 over 839 seconds
- 1132769961 2005.11.23 R14-M0-N6-C:J02-U11 2005-11-23-10.19.21.869905 R14-M0-N6-C:J02-U11 RAS KERNEL INFO CE sym 15, at 0x0bfcf860, mask 0x10
- 1132769961 2005.11.23 R14-M0-N6-C:J02-U11 2005-11-23-10.19.21.972481 R14-M0-N6-C:J02-U11 RAS KERNEL INFO total of 1 ddr error(s) detected and corrected over 839 seconds
KERNSOCK 1132783619 2005.11.23 R00-M0-NC-I:J18-U11 2005-11-23-14.06.59.281175 R00-M0-NC-I:J18-U11 RAS KERNEL FATAL idoproxy communication failure: socket closed
- 1132783629 2005.11.23 NULL 2005-11-23-14.07.09.574346 NULL RAS BGLMASTER INFO BGLMaster has been started: ./BGLMaster --consoleip 127.0.0.1 --consoleport 32035 --configfile bglmaster.init --autorestart y --db2profile /u/bgdb2cli/sqllib/db2profile --dbproperties db.properties
- 1132783630 2005.11.23 NULL 2005-11-23-14.07.10.189646 NULL RAS MMCS INFO idoproxydb has been started: $Name: V1R2M0_460_2005 $ Input parameters: -enableflush -loguserinfo db.properties BlueGene1
- 1132783630 2005.11.23 NULL 2005-11-23-14.07.10.189698 NULL RAS MMCS INFO ciodb has been restarted.
- 1132783630 2005.11.23 NULL 2005-11-23-14.07.10.208083 NULL RAS MMCS INFO mmcs_db_server has been started: ./mmcs_db_server --useDatabase BGL --dbproperties db.properties --iolog /bgl/BlueLight/logs/BGL --reconnect-blocks all --shutdown-timeout 120 --shutdown-timeout 240
KERNDTLB 1132824816 2005.11.24 R62-M0-N4-C:J13-U01 2005-11-24-01.33.36.532179 R62-M0-N4-C:J13-U01 RAS KERNEL FATAL data TLB error interrupt
- 1132824816 2005.11.24 R62-M0-N4-C:J13-U01 2005-11-24-01.33.36.636991 R62-M0-N4-C:J13-U01 RAS KERNEL FATAL instruction address: 0x00009c34
- 1132824816 2005.11.24 R62-M0-N4-C:J13-U01 2005-11-24-01.33.36.775136 R62-M0-N4-C:J13-U01 RAS KERNEL FATAL data address: 0x000c002c
- 1132824816 2005.11.24 R62-M0-N4-C:J13-U01 2005-11-24-01.33.36.891903 R62-M0-N4-C:J13-U01 RAS KERNEL FATAL Machine State Register: 0x00003000
- 1132824817 2005.11.24 R62-M0-N4-C:J13-U01 2005-11-24-01.33.37.011061 R62-M0-N4-C:J13-U01 RAS KERNEL FATAL wait state enable.................0
- 1132824817 2005.11.24 R62-M0-N4-C:J13-U01 2005-11-24-01.33.37.132209 R62-M0-N4-C:J13-U01 RAS KERNEL FATAL critical input interrupt enable...0
- 1132824817 2005.11.24 R62-M0-N4-C:J13-U01 2005-11-24-01.33.37.250742 R62-M0-N4-C:J13-U01 RAS KERNEL FATAL external input interrupt enable...0
- 1132824817 2005.11.24 R62-M0-N4-C:J13-U01 2005-11-24-01.33.37.388865 R62-M0-N4-C:J13-U01 RAS KERNEL FATAL problem state (0=sup,1=usr).......0
- 1132824817 2005.11.24 R62-M0-N4-C:J13-U01 2005-11-24-01.33.37.520277 R62-M0-N4-C:J13-U01 RAS KERNEL FATAL floating point instr. enabled.....1
- 1132824817 2005.11.24 R62-M0-N4-C:J13-U01 2005-11-24-01.33.37.646691 R62-M0-N4-C:J13-U01 RAS KERNEL FATAL machine check enable..............1
- 1132824817 2005.11.24 R62-M0-N4-C:J13-U01 2005-11-24-01.33.37.822084 R62-M0-N4-C:J13-U01 RAS KERNEL FATAL floating pt ex mode 0 enable......0
- 1132824817 2005.11.24 R62-M0-N4-C:J13-U01 2005-11-24-01.33.37.913022 R62-M0-N4-C:J13-U01 RAS KERNEL FATAL debug wait enable.................0
- 1132824818 2005.11.24 R62-M0-N4-C:J13-U01 2005-11-24-01.33.38.047790 R62-M0-N4-C:J13-U01 RAS KERNEL FATAL debug interrupt enable............0
- 1132824818 2005.11.24 R62-M0-N4-C:J13-U01 2005-11-24-01.33.38.171637 R62-M0-N4-C:J13-U01 RAS KERNEL FATAL floating pt ex mode 1 enable......0
- 1132824818 2005.11.24 R62-M0-N4-C:J13-U01 2005-11-24-01.33.38.300554 R62-M0-N4-C:J13-U01 RAS KERNEL FATAL instruction address space.........0
- 1132824818 2005.11.24 R62-M0-N4-C:J13-U01 2005-11-24-01.33.38.422491 R62-M0-N4-C:J13-U01 RAS KERNEL FATAL data address space................0
- 1132824818 2005.11.24 R62-M0-N4-C:J13-U01 2005-11-24-01.33.38.548583 R62-M0-N4-C:J13-U01 RAS KERNEL FATAL Core Configuration Register 0: 0x00002000
- 1132824818 2005.11.24 R62-M0-N4-C:J13-U01 2005-11-24-01.33.38.674003 R62-M0-N4-C:J13-U01 RAS KERNEL FATAL disable store gathering..................0
- 1132824818 2005.11.24 R62-M0-N4-C:J13-U01 2005-11-24-01.33.38.812933 R62-M0-N4-C:J13-U01 RAS KERNEL FATAL disable apu instruction broadcast........0
- 1132824818 2005.11.24 R62-M0-N4-C:J13-U01 2005-11-24-01.33.38.943744 R62-M0-N4-C:J13-U01 RAS KERNEL FATAL disable trace broadcast..................0
- 1132824819 2005.11.24 R62-M0-N4-C:J13-U01 2005-11-24-01.33.39.068732 R62-M0-N4-C:J13-U01 RAS KERNEL FATAL guaranteed instruction cache block touch.0
- 1132824819 2005.11.24 R62-M0-N4-C:J13-U01 2005-11-24-01.33.39.188302 R62-M0-N4-C:J13-U01 RAS KERNEL FATAL guaranteed data cache block touch........1
- 1132824819 2005.11.24 R62-M0-N4-C:J13-U01 2005-11-24-01.33.39.313580 R62-M0-N4-C:J13-U01 RAS KERNEL FATAL force load/store alignment...............0
- 1132824819 2005.11.24 R62-M0-N4-C:J13-U01 2005-11-24-01.33.39.433547 R62-M0-N4-C:J13-U01 RAS KERNEL FATAL icache prefetch depth....................0
- 1132824819 2005.11.24 R62-M0-N4-C:J13-U01 2005-11-24-01.33.39.552895 R62-M0-N4-C:J13-U01 RAS KERNEL FATAL icache prefetch threshold................0
- 1132824819 2005.11.24 R62-M0-N4-C:J13-U01 2005-11-24-01.33.39.673541 R62-M0-N4-C:J13-U01 RAS KERNEL FATAL General Purpose Registers:
- 1132824819 2005.11.24 R62-M0-N4-C:J13-U01 2005-11-24-01.33.39.807806 R62-M0-N4-C:J13-U01 RAS KERNEL FATAL r00=0x00000000 r01=0x000c0000 r02=0x1eeeeeee r03=0x00000002
- 1132824819 2005.11.24 R62-M0-N4-C:J13-U01 2005-11-24-01.33.39.936133 R62-M0-N4-C:J13-U01 RAS KERNEL FATAL r04=0x00009c34 r05=0x00000000 r06=0x0000a3e0 r07=0x00040000
- 1132824820 2005.11.24 R62-M0-N4-C:J13-U01 2005-11-24-01.33.40.055488 R62-M0-N4-C:J13-U01 RAS KERNEL FATAL r08=0x00009c34 r09=0x00000000 r10=0x00088520 r11=0x00088510
- 1132824820 2005.11.24 R62-M0-N4-C:J13-U01 2005-11-24-01.33.40.182337 R62-M0-N4-C:J13-U01 RAS KERNEL FATAL r12=0x00088500 r13=0x1eeeeeee r14=0xffffffff r15=0xffffffff
- 1132824820 2005.11.24 R62-M0-N4-C:J13-U01 2005-11-24-01.33.40.380563 R62-M0-N4-C:J13-U01 RAS KERNEL FATAL r16=0x00000000 r17=0x00000000 r18=0x00000000 r19=0x00000000
- 1132824820 2005.11.24 R62-M0-N4-C:J13-U01 2005-11-24-01.33.40.527526 R62-M0-N4-C:J13-U01 RAS KERNEL FATAL r20=0x00000000 r21=0x00000000 r22=0x00000000 r23=0x00000000
- 1132824820 2005.11.24 R62-M0-N4-C:J13-U01 2005-11-24-01.33.40.679738 R62-M0-N4-C:J13-U01 RAS KERNEL FATAL r24=0x00088790 r25=0x00088430 r26=0x00010000 r27=0x00000000
- 1132824820 2005.11.24 R62-M0-N4-C:J13-U01 2005-11-24-01.33.40.802557 R62-M0-N4-C:J13-U01 RAS KERNEL FATAL r28=0x00040004 r29=0xd0000400 r30=0x00040000 r31=0x00000000
- 1132824820 2005.11.24 R62-M0-N4-C:J13-U01 2005-11-24-01.33.40.936000 R62-M0-N4-C:J13-U01 RAS KERNEL FATAL Special Purpose Registers:
- 1132824821 2005.11.24 R62-M0-N4-C:J13-U01 2005-11-24-01.33.41.060773 R62-M0-N4-C:J13-U01 RAS KERNEL FATAL lr=0x00009c34 cr=0x24000044 xer=0x20000002 ctr=0x00000000
- 1132824821 2005.11.24 R62-M0-N4-C:J13-U01 2005-11-24-01.33.41.180654 R62-M0-N4-C:J13-U01 RAS KERNEL FATAL msr=0x00003000 dear=0x000c002c esr=0x00000000 fpscr=0x00000000
- 1132824821 2005.11.24 R62-M0-N4-C:J13-U01 2005-11-24-01.33.41.301066 R62-M0-N4-C:J13-U01 RAS KERNEL FATAL dbcr0=0x00000000 dbsr=0x00000000 ccr0=0x00002000
- 1132824821 2005.11.24 R62-M0-N4-C:J13-U01 2005-11-24-01.33.41.419719 R62-M0-N4-C:J13-U01 RAS KERNEL FATAL Floating Point Status and Control Register: 0x00000000
- 1132824821 2005.11.24 R62-M0-N4-C:J13-U01 2005-11-24-01.33.41.539044 R62-M0-N4-C:J13-U01 RAS KERNEL FATAL exception summary........................0
- 1132824821 2005.11.24 R62-M0-N4-C:J13-U01 2005-11-24-01.33.41.673596 R62-M0-N4-C:J13-U01 RAS KERNEL FATAL enabled exception summary................0
- 1132824821 2005.11.24 R62-M0-N4-C:J13-U01 2005-11-24-01.33.41.807619 R62-M0-N4-C:J13-U01 RAS KERNEL FATAL invalid operation exception summary......0
- 1132824821 2005.11.24 R62-M0-N4-C:J13-U01 2005-11-24-01.33.41.929791 R62-M0-N4-C:J13-U01 RAS KERNEL FATAL overflow exception.......................0
- 1132824822 2005.11.24 R62-M0-N4-C:J13-U01 2005-11-24-01.33.42.049414 R62-M0-N4-C:J13-U01 RAS KERNEL FATAL underflow exception......................0
- 1132824822 2005.11.24 R62-M0-N4-C:J13-U01 2005-11-24-01.33.42.168813 R62-M0-N4-C:J13-U01 RAS KERNEL FATAL divide-by-zero exception.................0
- 1132824822 2005.11.24 R62-M0-N4-C:J13-U01 2005-11-24-01.33.42.288718 R62-M0-N4-C:J13-U01 RAS KERNEL FATAL inexact exception........................0
- 1132824822 2005.11.24 R62-M0-N4-C:J13-U01 2005-11-24-01.33.42.406980 R62-M0-N4-C:J13-U01 RAS KERNEL FATAL invalid (SNAN)...........................0
- 1132824822 2005.11.24 R62-M0-N4-C:J13-U01 2005-11-24-01.33.42.521147 R62-M0-N4-C:J13-U01 RAS KERNEL FATAL invalid (Inf-Inf)........................0
- 1132824822 2005.11.24 R62-M0-N4-C:J13-U01 2005-11-24-01.33.42.634029 R62-M0-N4-C:J13-U01 RAS KERNEL FATAL invalid (Inf/Inf)........................0
- 1132824822 2005.11.24 R62-M0-N4-C:J13-U01 2005-11-24-01.33.42.753514 R62-M0-N4-C:J13-U01 RAS KERNEL FATAL invalid (Zero/Zero)......................0
- 1132824822 2005.11.24 R62-M0-N4-C:J13-U01 2005-11-24-01.33.42.879870 R62-M0-N4-C:J13-U01 RAS KERNEL FATAL invalid (Inf/Zero).......................0
- 1132824822 2005.11.24 R62-M0-N4-C:J13-U01 2005-11-24-01.33.42.993513 R62-M0-N4-C:J13-U01 RAS KERNEL FATAL invalid (compare)........................0
- 1132824823 2005.11.24 R62-M0-N4-C:J13-U01 2005-11-24-01.33.43.106767 R62-M0-N4-C:J13-U01 RAS KERNEL FATAL fraction rounded.........................0
- 1132824823 2005.11.24 R62-M0-N4-C:J13-U01 2005-11-24-01.33.43.220323 R62-M0-N4-C:J13-U01 RAS KERNEL FATAL fraction inexact.........................0
- 1132824823 2005.11.24 R62-M0-N4-C:J13-U01 2005-11-24-01.33.43.347859 R62-M0-N4-C:J13-U01 RAS KERNEL FATAL quiet NaN................................0
- 1132824823 2005.11.24 R62-M0-N4-C:J13-U01 2005-11-24-01.33.43.466092 R62-M0-N4-C:J13-U01 RAS KERNEL FATAL minus inf................................0
- 1132824823 2005.11.24 R62-M0-N4-C:J13-U01 2005-11-24-01.33.43.591745 R62-M0-N4-C:J13-U01 RAS KERNEL FATAL minus normalized number..................0
- 1132824823 2005.11.24 R62-M0-N4-C:J13-U01 2005-11-24-01.33.43.717475 R62-M0-N4-C:J13-U01 RAS KERNEL FATAL minus denormalized number................0
- 1132824823 2005.11.24 R62-M0-N4-C:J13-U01 2005-11-24-01.33.43.840884 R62-M0-N4-C:J13-U01 RAS KERNEL FATAL minus zero...............................0
- 1132824823 2005.11.24 R62-M0-N4-C:J13-U01 2005-11-24-01.33.43.956995 R62-M0-N4-C:J13-U01 RAS KERNEL FATAL plus zero................................0
- 1132824824 2005.11.24 R62-M0-N4-C:J13-U01 2005-11-24-01.33.44.076222 R62-M0-N4-C:J13-U01 RAS KERNEL FATAL plus denormalized number.................0
- 1132824824 2005.11.24 R62-M0-N4-C:J13-U01 2005-11-24-01.33.44.195633 R62-M0-N4-C:J13-U01 RAS KERNEL FATAL plus normalized number...................0
- 1132824824 2005.11.24 R62-M0-N4-C:J13-U01 2005-11-24-01.33.44.316906 R62-M0-N4-C:J13-U01 RAS KERNEL FATAL plus infinity............................0
- 1132824824 2005.11.24 R62-M0-N4-C:J13-U01 2005-11-24-01.33.44.435420 R62-M0-N4-C:J13-U01 RAS KERNEL FATAL reserved.................................0
- 1132824824 2005.11.24 R62-M0-N4-C:J13-U01 2005-11-24-01.33.44.561458 R62-M0-N4-C:J13-U01 RAS KERNEL FATAL invalid operation exception (software)...0
- 1132824824 2005.11.24 R62-M0-N4-C:J13-U01 2005-11-24-01.33.44.686946 R62-M0-N4-C:J13-U01 RAS KERNEL FATAL invalid operation exception (sqrt).......0
- 1132824824 2005.11.24 R62-M0-N4-C:J13-U01 2005-11-24-01.33.44.809676 R62-M0-N4-C:J13-U01 RAS KERNEL FATAL invalid operation exception (int cnvt)...0
- 1132824824 2005.11.24 R62-M0-N4-C:J13-U01 2005-11-24-01.33.44.925986 R62-M0-N4-C:J13-U01 RAS KERNEL FATAL enable invalid operation exceptions......0
- 1132824825 2005.11.24 R62-M0-N4-C:J13-U01 2005-11-24-01.33.45.039981 R62-M0-N4-C:J13-U01 RAS KERNEL FATAL enable overflow exceptions...............0
- 1132824825 2005.11.24 R62-M0-N4-C:J13-U01 2005-11-24-01.33.45.153054 R62-M0-N4-C:J13-U01 RAS KERNEL FATAL enable underflow exceptions..............0
- 1132824825 2005.11.24 R62-M0-N4-C:J13-U01 2005-11-24-01.33.45.274237 R62-M0-N4-C:J13-U01 RAS KERNEL FATAL enable divide-by-zero exceptions.........0
- 1132824825 2005.11.24 R62-M0-N4-C:J13-U01 2005-11-24-01.33.45.490826 R62-M0-N4-C:J13-U01 RAS KERNEL FATAL enable inexact exceptions................0
- 1132824825 2005.11.24 R62-M0-N4-C:J13-U01 2005-11-24-01.33.45.662521 R62-M0-N4-C:J13-U01 RAS KERNEL FATAL enable non-IEEE mode.....................0
- 1132824825 2005.11.24 R62-M0-N4-C:J13-U01 2005-11-24-01.33.45.776283 R62-M0-N4-C:J13-U01 RAS KERNEL FATAL round nearest............................0
- 1132824825 2005.11.24 R62-M0-N4-C:J13-U01 2005-11-24-01.33.45.891255 R62-M0-N4-C:J13-U01 RAS KERNEL FATAL round toward zero........................0
- 1132824826 2005.11.24 R62-M0-N4-C:J13-U01 2005-11-24-01.33.46.003463 R62-M0-N4-C:J13-U01 RAS KERNEL FATAL round toward +infinity...................0
- 1132824826 2005.11.24 R62-M0-N4-C:J13-U01 2005-11-24-01.33.46.117441 R62-M0-N4-C:J13-U01 RAS KERNEL FATAL round toward -infinity...................0
- 1132824826 2005.11.24 R62-M0-N4-C:J13-U01 2005-11-24-01.33.46.230271 R62-M0-N4-C:J13-U01 RAS KERNEL FATAL Floating Point Registers:
- 1132824826 2005.11.24 R62-M0-N4-C:J13-U01 2005-11-24-01.33.46.347021 R62-M0-N4-C:J13-U01 RAS KERNEL FATAL fpr0=0x00000000 00000000 00000000 00000000
- 1132824826 2005.11.24 R62-M0-N4-C:J13-U01 2005-11-24-01.33.46.475620 R62-M0-N4-C:J13-U01 RAS KERNEL FATAL fpr1=0x00000000 00000000 00000000 00000000
- 1132824826 2005.11.24 R62-M0-N4-C:J13-U01 2005-11-24-01.33.46.601784 R62-M0-N4-C:J13-U01 RAS KERNEL FATAL fpr2=0x00000000 00000000 00000000 00000000
- 1132824826 2005.11.24 R62-M0-N4-C:J13-U01 2005-11-24-01.33.46.763825 R62-M0-N4-C:J13-U01 RAS KERNEL FATAL fpr3=0x00000000 00000000 00000000 00000000
- 1132824826 2005.11.24 R62-M0-N4-C:J13-U01 2005-11-24-01.33.46.883243 R62-M0-N4-C:J13-U01 RAS KERNEL FATAL fpr4=0x00000000 00000000 00000000 00000000
- 1132824827 2005.11.24 R62-M0-N4-C:J13-U01 2005-11-24-01.33.47.002536 R62-M0-N4-C:J13-U01 RAS KERNEL FATAL fpr5=0x00000000 00000000 00000000 00000000
- 1132824827 2005.11.24 R62-M0-N4-C:J13-U01 2005-11-24-01.33.47.136186 R62-M0-N4-C:J13-U01 RAS KERNEL FATAL fpr6=0x00000000 00000000 00000000 00000000
- 1132824827 2005.11.24 R62-M0-N4-C:J13-U01 2005-11-24-01.33.47.266685 R62-M0-N4-C:J13-U01 RAS KERNEL FATAL fpr7=0x00000000 00000000 00000000 00000000
- 1132824827 2005.11.24 R62-M0-N4-C:J13-U01 2005-11-24-01.33.47.391543 R62-M0-N4-C:J13-U01 RAS KERNEL FATAL fpr8=0x00000000 00000000 00000000 00000000
- 1132824827 2005.11.24 R62-M0-N4-C:J13-U01 2005-11-24-01.33.47.517187 R62-M0-N4-C:J13-U01 RAS KERNEL FATAL fpr9=0x00000000 00000000 00000000 00000000
- 1132824827 2005.11.24 R62-M0-N4-C:J13-U01 2005-11-24-01.33.47.643408 R62-M0-N4-C:J13-U01 RAS KERNEL FATAL fpr10=0x00000006 00000005 0003111b 0fdc0000
- 1132824827 2005.11.24 R62-M0-N4-C:J13-U01 2005-11-24-01.33.47.768486 R62-M0-N4-C:J13-U01 RAS KERNEL FATAL fpr11=0x00000000 00000000 00000000 00000000
- 1132824827 2005.11.24 R62-M0-N4-C:J13-U01 2005-11-24-01.33.47.912384 R62-M0-N4-C:J13-U01 RAS KERNEL FATAL fpr12=0x00000000 00000000 00000000 00000000
- 1132824828 2005.11.24 R62-M0-N4-C:J13-U01 2005-11-24-01.33.48.044212 R62-M0-N4-C:J13-U01 RAS KERNEL FATAL fpr13=0x00000000 00000000 00000000 00000002
- 1132824828 2005.11.24 R62-M0-N4-C:J13-U01 2005-11-24-01.33.48.170730 R62-M0-N4-C:J13-U01 RAS KERNEL FATAL fpr14=0xffffffff ffffffff ffffffff ffffffff
- 1132824828 2005.11.24 R62-M0-N4-C:J13-U01 2005-11-24-01.33.48.296758 R62-M0-N4-C:J13-U01 RAS KERNEL FATAL fpr15=0xffffffff ffffffff ffffffff ffffffff
- 1132824828 2005.11.24 R62-M0-N4-C:J13-U01 2005-11-24-01.33.48.420628 R62-M0-N4-C:J13-U01 RAS KERNEL FATAL fpr16=0xffffffff ffffffff ffffffff ffffffff
- 1132824828 2005.11.24 R62-M0-N4-C:J13-U01 2005-11-24-01.33.48.546594 R62-M0-N4-C:J13-U01 RAS KERNEL FATAL fpr17=0xffffffff ffffffff ffffffff ffffffff
- 1132824828 2005.11.24 R62-M0-N4-C:J13-U01 2005-11-24-01.33.48.667396 R62-M0-N4-C:J13-U01 RAS KERNEL FATAL fpr18=0xffffffff ffffffff ffffffff ffffffff
- 1132824828 2005.11.24 R62-M0-N4-C:J13-U01 2005-11-24-01.33.48.805080 R62-M0-N4-C:J13-U01 RAS KERNEL FATAL fpr19=0xffffffff ffffffff ffffffff ffffffff
- 1132824828 2005.11.24 R62-M0-N4-C:J13-U01 2005-11-24-01.33.48.935985 R62-M0-N4-C:J13-U01 RAS KERNEL FATAL fpr20=0xffffffff ffffffff ffffffff ffffffff
- 1132824829 2005.11.24 R62-M0-N4-C:J13-U01 2005-11-24-01.33.49.056937 R62-M0-N4-C:J13-U01 RAS KERNEL FATAL fpr21=0xffffffff ffffffff ffffffff ffffffff
- 1132824829 2005.11.24 R62-M0-N4-C:J13-U01 2005-11-24-01.33.49.182065 R62-M0-N4-C:J13-U01 RAS KERNEL FATAL fpr22=0xffffffff ffffffff ffffffff ffffffff
- 1132824829 2005.11.24 R62-M0-N4-C:J13-U01 2005-11-24-01.33.49.308012 R62-M0-N4-C:J13-U01 RAS KERNEL FATAL fpr23=0xffffffff ffffffff ffffffff ffffffff
- 1132824829 2005.11.24 R62-M0-N4-C:J13-U01 2005-11-24-01.33.49.425862 R62-M0-N4-C:J13-U01 RAS KERNEL FATAL fpr24=0xffffffff ffffffff ffffffff ffffffff
- 1132824829 2005.11.24 R62-M0-N4-C:J13-U01 2005-11-24-01.33.49.545790 R62-M0-N4-C:J13-U01 RAS KERNEL FATAL fpr25=0xffffffff ffffffff ffffffff ffffffff
- 1132824829 2005.11.24 R62-M0-N4-C:J13-U01 2005-11-24-01.33.49.672266 R62-M0-N4-C:J13-U01 RAS KERNEL FATAL fpr26=0xffffffff ffffffff ffffffff ffffffff
- 1132824829 2005.11.24 R62-M0-N4-C:J13-U01 2005-11-24-01.33.49.805871 R62-M0-N4-C:J13-U01 RAS KERNEL FATAL fpr27=0xffffffff ffffffff ffffffff ffffffff
- 1132824829 2005.11.24 R62-M0-N4-C:J13-U01 2005-11-24-01.33.49.940442 R62-M0-N4-C:J13-U01 RAS KERNEL FATAL fpr28=0xffffffff ffffffff ffffffff ffffffff
- 1132824830 2005.11.24 R62-M0-N4-C:J13-U01 2005-11-24-01.33.50.067378 R62-M0-N4-C:J13-U01 RAS KERNEL FATAL fpr29=0xffffffff ffffffff ffffffff ffffffff
- 1132824830 2005.11.24 R62-M0-N4-C:J13-U01 2005-11-24-01.33.50.187127 R62-M0-N4-C:J13-U01 RAS KERNEL FATAL fpr30=0xffffffff ffffffff ffffffff ffffffff
- 1132824830 2005.11.24 R62-M0-N4-C:J13-U01 2005-11-24-01.33.50.419545 R62-M0-N4-C:J13-U01 RAS KERNEL FATAL fpr31=0xffffffff ffffffff ffffffff ffffffff
- 1132824830 2005.11.24 R62-M0-N4-C:J13-U01 2005-11-24-01.33.50.594080 R62-M0-N4-C:J13-U01 RAS KERNEL FATAL rts internal error
KERNRTSP 1132824830 2005.11.24 R62-M0-N4-C:J13-U01 2005-11-24-01.33.50.713415 R62-M0-N4-C:J13-U01 RAS KERNEL FATAL rts panic! - stopping execution
- 1132824830 2005.11.24 R62-M0-N0-I:J18-U11 2005-11-24-01.33.50.894752 R62-M0-N0-I:J18-U11 RAS KERNEL INFO ciod: Received signal 15, code=0, errno=0, address=0x000001f2
- 1132824831 2005.11.24 R62-M0-N4-I:J18-U01 2005-11-24-01.33.51.092739 R62-M0-N4-I:J18-U01 RAS KERNEL INFO ciod: Received signal 15, code=0, errno=0, address=0x000001f2
- 1132824831 2005.11.24 R62-M0-N8-I:J18-U11 2005-11-24-01.33.51.246003 R62-M0-N8-I:J18-U11 RAS KERNEL INFO ciod: Received signal 15, code=0, errno=0, address=0x000001f2
- 1132824831 2005.11.24 R62-M0-N0-I:J18-U01 2005-11-24-01.33.51.420574 R62-M0-N0-I:J18-U01 RAS KERNEL INFO ciod: Received signal 15, code=0, errno=0, address=0x000001f2
- 1132824831 2005.11.24 R62-M0-NC-I:J18-U01 2005-11-24-01.33.51.583299 R62-M0-NC-I:J18-U01 RAS KERNEL INFO ciod: Received signal 15, code=0, errno=0, address=0x000001f2
- 1132824831 2005.11.24 R62-M0-N8-I:J18-U01 2005-11-24-01.33.51.727543 R62-M0-N8-I:J18-U01 RAS KERNEL INFO ciod: Received signal 15, code=0, errno=0, address=0x000001f2
- 1132824831 2005.11.24 R62-M0-NC-I:J18-U11 2005-11-24-01.33.51.863559 R62-M0-NC-I:J18-U11 RAS KERNEL INFO ciod: Received signal 15, code=0, errno=0, address=0x000001f2
- 1132824831 2005.11.24 R62-M0-N4-I:J18-U11 2005-11-24-01.33.51.990302 R62-M0-N4-I:J18-U11 RAS KERNEL INFO ciod: Received signal 15, code=0, errno=0, address=0x000001f2
- 1132972325 2005.11.25 R30-M0-N7-C:J09-U01 2005-11-25-18.32.05.959247 R30-M0-N7-C:J09-U01 RAS KERNEL INFO 1 ddr error(s) detected and corrected on rank 0, symbol 26 over 979 seconds
- 1132972326 2005.11.25 R30-M0-N7-C:J09-U01 2005-11-25-18.32.06.106070 R30-M0-N7-C:J09-U01 RAS KERNEL INFO CE sym 26, at 0x07a95e80, mask 0x10
- 1132972326 2005.11.25 R30-M0-N7-C:J09-U01 2005-11-25-18.32.06.254431 R30-M0-N7-C:J09-U01 RAS KERNEL INFO total of 1 ddr error(s) detected and corrected over 979 seconds
- 1132972326 2005.11.25 R76-M1-NE-C:J03-U11 2005-11-25-18.32.06.426755 R76-M1-NE-C:J03-U11 RAS KERNEL INFO 1 tree receiver 1 in re-synch state event(s) (dcr 0x0185) detected over 978 seconds
- 1132972326 2005.11.25 R76-M1-NE-C:J03-U11 2005-11-25-18.32.06.576600 R76-M1-NE-C:J03-U11 RAS KERNEL INFO 1 tree receiver 2 in re-synch state event(s) (dcr 0x019a) detected over 978 seconds
- 1132972326 2005.11.25 R61-M1-ND-C:J07-U11 2005-11-25-18.32.06.721084 R61-M1-ND-C:J07-U11 RAS KERNEL INFO 1 ddr error(s) detected and corrected on rank 0, symbol 35 over 979 seconds
- 1132972326 2005.11.25 R61-M1-ND-C:J07-U11 2005-11-25-18.32.06.869431 R61-M1-ND-C:J07-U11 RAS KERNEL INFO CE sym 35, at 0x0d94da40, mask 0x02
- 1132972327 2005.11.25 R61-M1-ND-C:J07-U11 2005-11-25-18.32.07.012235 R61-M1-ND-C:J07-U11 RAS KERNEL INFO total of 1 ddr error(s) detected and corrected over 979 seconds
- 1132972327 2005.11.25 R35-M0-N0-C:J07-U01 2005-11-25-18.32.07.178420 R35-M0-N0-C:J07-U01 RAS KERNEL INFO 1 ddr error(s) detected and corrected on rank 0, symbol 12 over 978 seconds
- 1132972327 2005.11.25 R35-M0-N0-C:J07-U01 2005-11-25-18.32.07.331225 R35-M0-N0-C:J07-U01 RAS KERNEL INFO CE sym 12, at 0x1682ed20, mask 0x01
- 1132972327 2005.11.25 R35-M0-N0-C:J07-U01 2005-11-25-18.32.07.478906 R35-M0-N0-C:J07-U01 RAS KERNEL INFO total of 1 ddr error(s) detected and corrected over 978 seconds
- 1132972327 2005.11.25 R06-M1-N6-C:J15-U01 2005-11-25-18.32.07.833113 R06-M1-N6-C:J15-U01 RAS KERNEL INFO 1 torus receiver x+ input pipe error(s) (dcr 0x02ec) detected and corrected over 979 seconds
- 1132972327 2005.11.25 R06-M1-N6-C:J15-U01 2005-11-25-18.32.07.990172 R06-M1-N6-C:J15-U01 RAS KERNEL INFO 2 tree receiver 2 in re-synch state event(s) (dcr 0x019a) detected over 981 seconds
- 1132972328 2005.11.25 R13-M1-NC-C:J14-U01 2005-11-25-18.32.08.145036 R13-M1-NC-C:J14-U01 RAS KERNEL INFO 1 ddr error(s) detected and corrected on rank 0, symbol 16 over 979 seconds
- 1132972328 2005.11.25 R13-M1-NC-C:J14-U01 2005-11-25-18.32.08.299080 R13-M1-NC-C:J14-U01 RAS KERNEL INFO CE sym 16, at 0x13e7b6a0, mask 0x04
- 1132972328 2005.11.25 R13-M1-NC-C:J14-U01 2005-11-25-18.32.08.472750 R13-M1-NC-C:J14-U01 RAS KERNEL INFO total of 1 ddr error(s) detected and corrected over 979 seconds
- 1132972328 2005.11.25 R55-M0-N9-C:J06-U11 2005-11-25-18.32.08.648532 R55-M0-N9-C:J06-U11 RAS KERNEL INFO 2 torus receiver x+ input pipe error(s) (dcr 0x02ec) detected and corrected over 979 seconds
- 1132972328 2005.11.25 R55-M0-N9-C:J06-U11 2005-11-25-18.32.08.808279 R55-M0-N9-C:J06-U11 RAS KERNEL INFO 2 torus receiver z- input pipe error(s) (dcr 0x02f1) detected and corrected over 982 seconds
- 1132972328 2005.11.25 R55-M0-N9-C:J06-U11 2005-11-25-18.32.08.969235 R55-M0-N9-C:J06-U11 RAS KERNEL INFO 4 tree receiver 1 in re-synch state event(s) (dcr 0x0185) detected over 982 seconds
- 1132972329 2005.11.25 R55-M0-N9-C:J06-U11 2005-11-25-18.32.09.131024 R55-M0-N9-C:J06-U11 RAS KERNEL INFO 7 tree receiver 2 in re-synch state event(s) (dcr 0x019a) detected over 982 seconds
- 1133098813 2005.11.27 R40-M0-NE-C:J12-U11 2005-11-27-05.40.13.387516 R40-M0-NE-C:J12-U11 RAS KERNEL INFO 1 ddr error(s) detected and corrected on rank 0, symbol 10 over 109 seconds
- 1133098813 2005.11.27 R40-M0-NE-C:J12-U11 2005-11-27-05.40.13.522661 R40-M0-NE-C:J12-U11 RAS KERNEL INFO CE sym 10, at 0x09f33f60, mask 0x40
- 1133098813 2005.11.27 R40-M0-NE-C:J12-U11 2005-11-27-05.40.13.658072 R40-M0-NE-C:J12-U11 RAS KERNEL INFO total of 1 ddr error(s) detected and corrected over 109 seconds
- 1133098813 2005.11.27 R57-M0-NE-C:J07-U11 2005-11-27-05.40.13.856980 R57-M0-NE-C:J07-U11 RAS KERNEL INFO 1 ddr error(s) detected and corrected on rank 0, symbol 26 over 109 seconds
- 1133098813 2005.11.27 R57-M0-NE-C:J07-U11 2005-11-27-05.40.13.999157 R57-M0-NE-C:J07-U11 RAS KERNEL INFO CE sym 26, at 0x181355e0, mask 0x40
- 1133098814 2005.11.27 R57-M0-NE-C:J07-U11 2005-11-27-05.40.14.130260 R57-M0-NE-C:J07-U11 RAS KERNEL INFO total of 1 ddr error(s) detected and corrected over 109 seconds
- 1133098814 2005.11.27 R56-M0-NE-C:J06-U01 2005-11-27-05.40.14.344118 R56-M0-NE-C:J06-U01 RAS KERNEL INFO 1 ddr error(s) detected and corrected on rank 0, symbol 7 over 110 seconds
- 1133098814 2005.11.27 R56-M0-NE-C:J06-U01 2005-11-27-05.40.14.483684 R56-M0-NE-C:J06-U01 RAS KERNEL INFO CE sym 7, at 0x13d2c720, mask 0x40
- 1133098814 2005.11.27 R56-M0-NE-C:J06-U01 2005-11-27-05.40.14.614115 R56-M0-NE-C:J06-U01 RAS KERNEL INFO total of 1 ddr error(s) detected and corrected over 110 seconds
- 1133308506 2005.11.29 R67-M1-N6 2005-11-29-15.55.06.187916 R67-M1-N6 NULL HARDWARE WARNING PrepareForService shutting down Node card(mLctn(R67-M1-N6), mCardSernum(203231503833343000000000594c31304b34333439303131), mLp(FF:F2:9F:16:C5:4B:00:0D:60:E9:3A:B4), mIp(10.6.2.15), mType(4)) as part of Service Action 621
- 1133308512 2005.11.29 R67-M1-N4 2005-11-29-15.55.12.370244 R67-M1-N4 NULL HARDWARE WARNING PrepareForService shutting down Node card(mLctn(R67-M1-N4), mCardSernum(203231503833343000000000594c31304b34333337305353), mLp(FF:F2:9F:16:D0:24:00:0D:60:E9:2F:DB), mIp(10.6.2.17), mType(4)) as part of Service Action 621
- 1133308518 2005.11.29 R67-M1-ND 2005-11-29-15.55.18.269549 R67-M1-ND NULL HARDWARE WARNING PrepareForService shutting down Node card(mLctn(R67-M1-ND), mCardSernum(203231503833343000000000594c31304b34333439303134), mLp(FF:F2:9F:16:C6:AB:00:0D:60:E9:39:54), mIp(10.6.2.19), mType(4)) as part of Service Action 621
- 1133308524 2005.11.29 R67-M1-N3 2005-11-29-15.55.24.104448 R67-M1-N3 NULL HARDWARE WARNING PrepareForService shutting down Node card(mLctn(R67-M1-N3), mCardSernum(203231503833343000000000594c31304b34333335303139), mLp(FF:F2:9F:16:D0:E2:00:0D:60:E9:2F:1D), mIp(10.6.2.20), mType(4)) as part of Service Action 621
- 1133308530 2005.11.29 R67-M1-N1 2005-11-29-15.55.30.003031 R67-M1-N1 NULL HARDWARE WARNING PrepareForService shutting down Node card(mLctn(R67-M1-N1), mCardSernum(203231503833343000000000594c31304b34333337305242), mLp(FF:F2:9F:16:D0:29:00:0D:60:E9:2F:D6), mIp(10.6.2.21), mType(4)) as part of Service Action 621
- 1133308535 2005.11.29 R67-M1-N8 2005-11-29-15.55.35.774264 R67-M1-N8 NULL HARDWARE WARNING PrepareForService shutting down Node card(mLctn(R67-M1-N8), mCardSernum(203231503833343000000000594c31304b34333435314538), mLp(FF:F2:9F:16:C6:F6:00:0D:60:E9:39:09), mIp(10.6.2.22), mType(4)) as part of Service Action 621
- 1133308541 2005.11.29 R67-M1-N5 2005-11-29-15.55.41.521261 R67-M1-N5 NULL HARDWARE WARNING PrepareForService shutting down Node card(mLctn(R67-M1-N5), mCardSernum(203231503833343000000000594c31304b3433343531444c), mLp(FF:F2:9F:16:C5:5F:00:0D:60:E9:3A:A0), mIp(10.6.2.23), mType(4)) as part of Service Action 621
- 1133308547 2005.11.29 R67-M1-NA 2005-11-29-15.55.47.423952 R67-M1-NA NULL HARDWARE WARNING PrepareForService shutting down Node card(mLctn(R67-M1-NA), mCardSernum(203231503833343000000000594c31304b35303130303150), mLp(FF:F2:9F:16:BD:97:00:0D:60:E9:42:68), mIp(10.6.2.25), mType(4)) as part of Service Action 621
- 1133308553 2005.11.29 R67-M1-N2 2005-11-29-15.55.53.382559 R67-M1-N2 NULL HARDWARE WARNING PrepareForService shutting down Node card(mLctn(R67-M1-N2), mCardSernum(203231503833343000000000594c31304b3433343231544c), mLp(FF:F2:9F:16:C6:CE:00:0D:60:E9:39:31), mIp(10.6.2.26), mType(4)) as part of Service Action 621
- 1133308559 2005.11.29 R67-M1-NE 2005-11-29-15.55.59.388373 R67-M1-NE NULL HARDWARE WARNING PrepareForService shutting down Node card(mLctn(R67-M1-NE), mCardSernum(203231503833343000000000594c31304b34333435314530), mLp(FF:F2:9F:16:C5:55:00:0D:60:E9:3A:AA), mIp(10.6.2.28), mType(4)) as part of Service Action 621
- 1133308565 2005.11.29 R67-M1-NF 2005-11-29-15.56.05.176685 R67-M1-NF NULL HARDWARE WARNING PrepareForService shutting down Node card(mLctn(R67-M1-NF), mCardSernum(203231503833343000000000594c31304b34333436303138), mLp(FF:F2:9F:16:C5:14:00:0D:60:E9:3A:EB), mIp(10.6.2.29), mType(4)) as part of Service Action 621
- 1133308570 2005.11.29 R67-M1-NC 2005-11-29-15.56.10.945382 R67-M1-NC NULL HARDWARE WARNING PrepareForService shutting down Node card(mLctn(R67-M1-NC), mCardSernum(203231503833343000000000594c31304b34333435303432), mLp(FF:F2:9F:16:C6:E2:00:0D:60:E9:39:1D), mIp(10.6.2.30), mType(4)) as part of Service Action 621
- 1133308576 2005.11.29 R67-M1-N0 2005-11-29-15.56.16.838349 R67-M1-N0 NULL HARDWARE WARNING PrepareForService shutting down Node card(mLctn(R67-M1-N0), mCardSernum(203231503833343000000000594c31304b34333431303036), mLp(FF:F2:9F:16:D0:6F:00:0D:60:E9:2F:90), mIp(10.6.2.31), mType(4)) as part of Service Action 621
- 1133308582 2005.11.29 R67-M1-N9 2005-11-29-15.56.22.564590 R67-M1-N9 NULL HARDWARE WARNING PrepareForService shutting down Node card(mLctn(R67-M1-N9), mCardSernum(203231503833343000000000594c31304b34333435303137), mLp(FF:F2:9F:16:C5:00:00:0D:60:E9:3A:FF), mIp(10.6.2.32), mType(4)) as part of Service Action 621
- 1133308588 2005.11.29 R67-M1-NB 2005-11-29-15.56.28.307028 R67-M1-NB NULL HARDWARE WARNING PrepareForService shutting down Node card(mLctn(R67-M1-NB), mCardSernum(203231503833343000000000594c31304b34333434314334), mLp(FF:F2:9F:16:C6:E7:00:0D:60:E9:39:18), mIp(10.6.2.34), mType(4)) as part of Service Action 621
- 1133308594 2005.11.29 R67-M1-N7 2005-11-29-15.56.34.137004 R67-M1-N7 NULL HARDWARE WARNING PrepareForService shutting down Node card(mLctn(R67-M1-N7), mCardSernum(203231503833343000000000594c31304b34323635303048), mLp(FF:F2:9F:16:EE:F2:00:0D:60:E9:11:0D), mIp(10.6.2.27), mType(4)) as part of Service Action 621
- 1133311865 2005.11.29 R10-M0-N8-C:J04-U01 2005-11-29-16.51.05.608696 R10-M0-N8-C:J04-U01 RAS KERNEL INFO ddr: activating redundant bit steering for next allocation: rank=0 symbol=35
- 1133311892 2005.11.29 R65-M1-N6-C:J17-U01 2005-11-29-16.51.32.255116 R65-M1-N6-C:J17-U01 RAS KERNEL INFO ddr: activating redundant bit steering for next allocation: rank=0 symbol=15
- 1133311936 2005.11.29 R44-M0-NB-C:J09-U01 2005-11-29-16.52.16.837736 R44-M0-NB-C:J09-U01 RAS KERNEL INFO ddr: activating redundant bit steering for next allocation: rank=0 symbol=29
- 1133311960 2005.11.29 R11-M1-NA-C:J13-U01 2005-11-29-16.52.40.654388 R11-M1-NA-C:J13-U01 RAS KERNEL INFO ddr: activating redundant bit steering for next allocation: rank=0 symbol=24
- 1133312001 2005.11.29 R51-M0-ND-C:J16-U11 2005-11-29-16.53.21.722024 R51-M0-ND-C:J16-U11 RAS KERNEL INFO critical input interrupt (unit=0x0b bit=0x0a): warning for torus z+ wire, suppressing further interrupts of same type
- 1133312013 2005.11.29 R36-M0-N9-C:J05-U01 2005-11-29-16.53.33.355235 R36-M0-N9-C:J05-U01 RAS KERNEL INFO critical input interrupt (unit=0x0b bit=0x16): warning for tree C0 wire, suppressing further interrupts of same type
- 1133312024 2005.11.29 R73-M1-NC-C:J04-U11 2005-11-29-16.53.44.485466 R73-M1-NC-C:J04-U11 RAS KERNEL INFO critical input interrupt (unit=0x0b bit=0x13): warning for tree B1 wire, suppressing further interrupts of same type
- 1133312024 2005.11.29 R06-M0-N7-C:J06-U01 2005-11-29-16.53.44.657060 R06-M0-N7-C:J06-U01 RAS KERNEL INFO critical input interrupt (unit=0x0b bit=0x16): warning for tree C0 wire, suppressing further interrupts of same type
- 1133312046 2005.11.29 R17-M1-NE-C:J02-U01 2005-11-29-16.54.06.884288 R17-M1-NE-C:J02-U01 RAS KERNEL INFO critical input interrupt (unit=0x0b bit=0x06): warning for torus y+ wire, suppressing further interrupts of same type
- 1133312067 2005.11.29 R25-M0-N0-C:J17-U01 2005-11-29-16.54.27.550560 R25-M0-N0-C:J17-U01 RAS KERNEL INFO critical input interrupt (unit=0x0b bit=0x03): warning for torus x- wire, suppressing further interrupts of same type
- 1133312099 2005.11.29 R05-M0-N7-C:J11-U11 2005-11-29-16.54.59.530400 R05-M0-N7-C:J11-U11 RAS KERNEL INFO critical input interrupt (unit=0x0b bit=0x0a): warning for torus z+ wire, suppressing further interrupts of same type
- 1133312099 2005.11.29 R20-M0-N4-C:J03-U01 2005-11-29-16.54.59.679098 R20-M0-N4-C:J03-U01 RAS KERNEL INFO critical input interrupt (unit=0x0b bit=0x0f): warning for tree A1 wire, suppressing further interrupts of same type
- 1133312099 2005.11.29 R21-M1-NC-C:J03-U01 2005-11-29-16.54.59.798441 R21-M1-NC-C:J03-U01 RAS KERNEL INFO critical input interrupt (unit=0x0b bit=0x0e): warning for tree A0 wire, suppressing further interrupts of same type
- 1133312099 2005.11.29 R01-M0-N4-C:J03-U11 2005-11-29-16.54.59.912233 R01-M0-N4-C:J03-U11 RAS KERNEL INFO critical input interrupt (unit=0x0b bit=0x07): warning for torus y- wire, suppressing further interrupts of same type
- 1133366793 2005.11.30 R11-M1-N0-C:J08-U11 2005-11-30-08.06.33.521328 R11-M1-N0-C:J08-U11 RAS KERNEL INFO critical input interrupt (unit=0x0b bit=0x0b): warning for torus z- wire, suppressing further interrupts of same type
- 1133366814 2005.11.30 R03-M1-NB-C:J03-U11 2005-11-30-08.06.54.547600 R03-M1-NB-C:J03-U11 RAS KERNEL INFO critical input interrupt (unit=0x0b bit=0x17): warning for tree C1 wire, suppressing further interrupts of same type
- 1133366816 2005.11.30 R05-M1-NE-C:J17-U01 2005-11-30-08.06.56.036074 R05-M1-NE-C:J17-U01 RAS KERNEL INFO critical input interrupt (unit=0x0b bit=0x17): warning for tree C1 wire, suppressing further interrupts of same type
- 1133366824 2005.11.30 R04-M0-N6-C:J15-U01 2005-11-30-08.07.04.584222 R04-M0-N6-C:J15-U01 RAS KERNEL INFO critical input interrupt (unit=0x0b bit=0x17): warning for tree C1 wire, suppressing further interrupts of same type
- 1133366829 2005.11.30 R11-M1-N4-C:J14-U01 2005-11-30-08.07.09.798784 R11-M1-N4-C:J14-U01 RAS KERNEL INFO critical input interrupt (unit=0x0b bit=0x17): warning for tree C1 wire, suppressing further interrupts of same type
- 1133366836 2005.11.30 R01-M1-N0-C:J08-U11 2005-11-30-08.07.16.180633 R01-M1-N0-C:J08-U11 RAS KERNEL INFO critical input interrupt (unit=0x0b bit=0x06): warning for torus y+ wire, suppressing further interrupts of same type
- 1133366838 2005.11.30 R03-M1-N9-C:J13-U01 2005-11-30-08.07.18.785970 R03-M1-N9-C:J13-U01 RAS KERNEL INFO critical input interrupt (unit=0x0b bit=0x17): warning for tree C1 wire, suppressing further interrupts of same type
- 1133366847 2005.11.30 R07-M0-N9-C:J17-U11 2005-11-30-08.07.27.312966 R07-M0-N9-C:J17-U11 RAS KERNEL INFO critical input interrupt (unit=0x0b bit=0x0b): warning for torus z- wire, suppressing further interrupts of same type
- 1133366851 2005.11.30 R03-M1-ND-C:J08-U01 2005-11-30-08.07.31.912712 R03-M1-ND-C:J08-U01 RAS KERNEL INFO critical input interrupt (unit=0x0b bit=0x0b): warning for torus z- wire, suppressing further interrupts of same type
- 1133366856 2005.11.30 R10-M1-N5-C:J04-U11 2005-11-30-08.07.36.301406 R10-M1-N5-C:J04-U11 RAS KERNEL INFO ddr: activating redundant bit steering for next allocation: rank=0 symbol=3
- 1133366864 2005.11.30 R06-M1-N4-C:J04-U11 2005-11-30-08.07.44.959923 R06-M1-N4-C:J04-U11 RAS KERNEL INFO critical input interrupt (unit=0x0b bit=0x06): warning for torus y+ wire, suppressing further interrupts of same type
- 1133366866 2005.11.30 R01-M0-N4-C:J03-U11 2005-11-30-08.07.46.234550 R01-M0-N4-C:J03-U11 RAS KERNEL INFO critical input interrupt (unit=0x0b bit=0x07): warning for torus y- wire, suppressing further interrupts of same type
- 1133366868 2005.11.30 R01-M1-NE-C:J11-U01 2005-11-30-08.07.48.378138 R01-M1-NE-C:J11-U01 RAS KERNEL INFO critical input interrupt (unit=0x0b bit=0x16): warning for tree C0 wire, suppressing further interrupts of same type
- 1133366869 2005.11.30 R10-M1-N0-C:J06-U11 2005-11-30-08.07.49.100925 R10-M1-N0-C:J06-U11 RAS KERNEL INFO critical input interrupt (unit=0x0b bit=0x06): warning for torus y+ wire, suppressing further interrupts of same type
- 1133366875 2005.11.30 R10-M0-NB-C:J02-U01 2005-11-30-08.07.55.219876 R10-M0-NB-C:J02-U01 RAS KERNEL INFO critical input interrupt (unit=0x0b bit=0x17): warning for tree C1 wire, suppressing further interrupts of same type
- 1133366885 2005.11.30 R01-M0-N3-C:J16-U11 2005-11-30-08.08.05.406537 R01-M0-N3-C:J16-U11 RAS KERNEL INFO ddr: activating redundant bit steering for next allocation: rank=0 symbol=28
- 1133366906 2005.11.30 R04-M0-NE-C:J07-U11 2005-11-30-08.08.26.962516 R04-M0-NE-C:J07-U11 RAS KERNEL INFO critical input interrupt (unit=0x0b bit=0x06): warning for torus y+ wire, suppressing further interrupts of same type
- 1133366912 2005.11.30 R01-M1-N9-C:J07-U11 2005-11-30-08.08.32.104566 R01-M1-N9-C:J07-U11 RAS KERNEL INFO critical input interrupt (unit=0x0b bit=0x06): warning for torus y+ wire, suppressing further interrupts of same type
- 1133366919 2005.11.30 R07-M1-N1-C:J05-U01 2005-11-30-08.08.39.361873 R07-M1-N1-C:J05-U01 RAS KERNEL INFO critical input interrupt (unit=0x0b bit=0x16): warning for tree C0 wire, suppressing further interrupts of same type
- 1133366936 2005.11.30 R06-M1-NF-C:J14-U11 2005-11-30-08.08.56.800082 R06-M1-NF-C:J14-U11 RAS KERNEL INFO critical input interrupt (unit=0x0b bit=0x0a): warning for torus z+ wire, suppressing further interrupts of same type
- 1133366941 2005.11.30 R07-M0-N9-C:J09-U11 2005-11-30-08.09.01.770079 R07-M0-N9-C:J09-U11 RAS KERNEL INFO critical input interrupt (unit=0x0b bit=0x17): warning for tree C1 wire, suppressing further interrupts of same type
- 1133366981 2005.11.30 R01-M1-ND-C:J06-U11 2005-11-30-08.09.41.402806 R01-M1-ND-C:J06-U11 RAS KERNEL INFO critical input interrupt (unit=0x0b bit=0x02): warning for torus x+ wire, suppressing further interrupts of same type
KERNSOCK 1133442712 2005.12.01 R00-M0-NC-I:J18-U11 2005-12-01-05.11.52.892739 R00-M0-NC-I:J18-U11 RAS KERNEL FATAL idoproxy communication failure: socket closed
- 1133452593 2005.12.01 - 2005-12-01-07.56.33.121337 RAS KERNEL FATAL Kill job 53312 timed out. Block freed.
APPSEV 1133452594 2005.12.01 R47-M1-NC-I:J18-U11 2005-12-01-07.56.34.382300 R47-M1-NC-I:J18-U11 RAS APP FATAL ciod: Error reading message prefix on CioStream socket to 172.16.96.116:41241, Link has been severed
APPSEV 1133452594 2005.12.01 R47-M1-NC-I:J18-U01 2005-12-01-07.56.34.543345 R47-M1-NC-I:J18-U01 RAS APP FATAL ciod: Error reading message prefix on CioStream socket to 172.16.96.116:41239, Link has been severed
APPSEV 1133452594 2005.12.01 R47-M1-N8-I:J18-U11 2005-12-01-07.56.34.671347 R47-M1-N8-I:J18-U11 RAS APP FATAL ciod: Error reading message prefix on CioStream socket to 172.16.96.116:41229, Link has been severed
APPSEV 1133452594 2005.12.01 R47-M1-N8-I:J18-U01 2005-12-01-07.56.34.798703 R47-M1-N8-I:J18-U01 RAS APP FATAL ciod: Error reading message prefix on CioStream socket to 172.16.96.116:41228, Link has been severed
APPSEV 1133452594 2005.12.01 R47-M1-N0-I:J18-U11 2005-12-01-07.56.34.929082 R47-M1-N0-I:J18-U11 RAS APP FATAL ciod: Error reading message prefix on CioStream socket to 172.16.96.116:41236, Link has been severed
APPSEV 1133452595 2005.12.01 R47-M1-N0-I:J18-U01 2005-12-01-07.56.35.063894 R47-M1-N0-I:J18-U01 RAS APP FATAL ciod: Error reading message prefix on CioStream socket to 172.16.96.116:41235, Link has been severed
APPSEV 1133452595 2005.12.01 R47-M1-N4-I:J18-U11 2005-12-01-07.56.35.193202 R47-M1-N4-I:J18-U11 RAS APP FATAL ciod: Error reading message prefix on CioStream socket to 172.16.96.116:41224, Link has been severed
APPSEV 1133452595 2005.12.01 R47-M1-N4-I:J18-U01 2005-12-01-07.56.35.324804 R47-M1-N4-I:J18-U01 RAS APP FATAL ciod: Error reading message prefix on CioStream socket to 172.16.96.116:41221, Link has been severed
MASABNORM 1133452597 2005.12.01 NULL 2005-12-01-07.56.37.949915 NULL RAS BGLMASTER FAILURE ciodb exited abnormally due to signal: Aborted
- 1133452598 2005.12.01 NULL 2005-12-01-07.56.38.469152 NULL RAS MMCS INFO ciodb has been restarted.
- 1133474239 2005.12.01 R20-M1-NB-C:J09-U01 2005-12-01-13.57.19.688142 R20-M1-NB-C:J09-U01 RAS KERNEL INFO 17239 ddr error(s) detected and corrected on rank 0, symbol 9 over 145 seconds
- 1133474239 2005.12.01 R20-M1-NB-C:J09-U01 2005-12-01-13.57.19.793216 R20-M1-NB-C:J09-U01 RAS KERNEL INFO CE sym 9, at 0x00019680, mask 0x02
- 1133474239 2005.12.01 R20-M1-NB-C:J09-U01 2005-12-01-13.57.19.902724 R20-M1-NB-C:J09-U01 RAS KERNEL INFO CE sym 9, at 0x00010200, mask 0x20
- 1133474240 2005.12.01 R20-M1-NB-C:J09-U01 2005-12-01-13.57.20.057806 R20-M1-NB-C:J09-U01 RAS KERNEL INFO CE sym 9, at 0x000022a0, mask 0x20
- 1133474240 2005.12.01 R20-M1-NB-C:J09-U01 2005-12-01-13.57.20.214986 R20-M1-NB-C:J09-U01 RAS KERNEL INFO CE sym 9, at 0x00002300, mask 0x22
- 1133474240 2005.12.01 R20-M1-NB-C:J09-U01 2005-12-01-13.57.20.307228 R20-M1-NB-C:J09-U01 RAS KERNEL INFO CE sym 9, at 0x00086800, mask 0x22
- 1133474240 2005.12.01 R20-M1-NB-C:J09-U01 2005-12-01-13.57.20.398481 R20-M1-NB-C:J09-U01 RAS KERNEL INFO CE sym 9, at 0x0000f900, mask 0x02
- 1133474240 2005.12.01 R20-M1-NB-C:J09-U01 2005-12-01-13.57.20.498551 R20-M1-NB-C:J09-U01 RAS KERNEL INFO CE sym 9, at 0x00018b20, mask 0x02
- 1133474240 2005.12.01 R20-M1-NB-C:J09-U01 2005-12-01-13.57.20.608335 R20-M1-NB-C:J09-U01 RAS KERNEL INFO CE sym 9, at 0x0001a160, mask 0x20
- 1133474240 2005.12.01 R20-M1-NB-C:J09-U01 2005-12-01-13.57.20.714574 R20-M1-NB-C:J09-U01 RAS KERNEL INFO CE sym 9, at 0x00018820, mask 0x02
- 1133474240 2005.12.01 R20-M1-NB-C:J09-U01 2005-12-01-13.57.20.805239 R20-M1-NB-C:J09-U01 RAS KERNEL INFO CE sym 9, at 0x0001c4c0, mask 0x02
- 1133474240 2005.12.01 R20-M1-NB-C:J09-U01 2005-12-01-13.57.20.906854 R20-M1-NB-C:J09-U01 RAS KERNEL INFO CE sym 9, at 0x00236c80, mask 0x22
- 1133474241 2005.12.01 R20-M1-NB-C:J09-U01 2005-12-01-13.57.21.008595 R20-M1-NB-C:J09-U01 RAS KERNEL INFO CE sym 9, at 0x00010200, mask 0x20
- 1133474241 2005.12.01 R20-M1-NB-C:J09-U01 2005-12-01-13.57.21.110521 R20-M1-NB-C:J09-U01 RAS KERNEL INFO CE sym 9, at 0x00236fe0, mask 0x20
- 1133474241 2005.12.01 R20-M1-NB-C:J09-U01 2005-12-01-13.57.21.218539 R20-M1-NB-C:J09-U01 RAS KERNEL INFO CE sym 9, at 0x00236d80, mask 0x02
- 1133474241 2005.12.01 R20-M1-NB-C:J09-U01 2005-12-01-13.57.21.319994 R20-M1-NB-C:J09-U01 RAS KERNEL INFO CE sym 9, at 0x00236f00, mask 0x02
- 1133474241 2005.12.01 R20-M1-NB-C:J09-U01 2005-12-01-13.57.21.434172 R20-M1-NB-C:J09-U01 RAS KERNEL INFO CE sym 9, at 0x00236e00, mask 0x20
- 1133474241 2005.12.01 R20-M1-NB-C:J09-U01 2005-12-01-13.57.21.558485 R20-M1-NB-C:J09-U01 RAS KERNEL INFO CE sym 9, at 0x000022a0, mask 0x20
- 1133474241 2005.12.01 R20-M1-NB-C:J09-U01 2005-12-01-13.57.21.672256 R20-M1-NB-C:J09-U01 RAS KERNEL INFO CE sym 9, at 0x00002300, mask 0x22
- 1133474241 2005.12.01 R20-M1-NB-C:J09-U01 2005-12-01-13.57.21.775101 R20-M1-NB-C:J09-U01 RAS KERNEL INFO CE sym 9, at 0x00086800, mask 0x22
- 1133474241 2005.12.01 R20-M1-NB-C:J09-U01 2005-12-01-13.57.21.876571 R20-M1-NB-C:J09-U01 RAS KERNEL INFO CE sym 9, at 0x00010640, mask 0x20
- 1133474241 2005.12.01 R20-M1-NB-C:J09-U01 2005-12-01-13.57.21.978447 R20-M1-NB-C:J09-U01 RAS KERNEL INFO CE sym 9, at 0x00236ea0, mask 0x02
- 1133474242 2005.12.01 R20-M1-NB-C:J09-U01 2005-12-01-13.57.22.080213 R20-M1-NB-C:J09-U01 RAS KERNEL INFO CE sym 9, at 0x00237040, mask 0x22
- 1133474242 2005.12.01 R20-M1-NB-C:J09-U01 2005-12-01-13.57.22.187830 R20-M1-NB-C:J09-U01 RAS KERNEL INFO CE sym 9, at 0x00237080, mask 0x02
- 1133474242 2005.12.01 R20-M1-NB-C:J09-U01 2005-12-01-13.57.22.307616 R20-M1-NB-C:J09-U01 RAS KERNEL INFO CE sym 9, at 0x00237160, mask 0x20
- 1133474242 2005.12.01 R20-M1-NB-C:J09-U01 2005-12-01-13.57.22.426458 R20-M1-NB-C:J09-U01 RAS KERNEL INFO CE sym 9, at 0x00237180, mask 0x20
- 1133474242 2005.12.01 R20-M1-NB-C:J09-U01 2005-12-01-13.57.22.534830 R20-M1-NB-C:J09-U01 RAS KERNEL INFO CE sym 9, at 0x00237200, mask 0x20
- 1133474242 2005.12.01 R20-M1-NB-C:J09-U01 2005-12-01-13.57.22.642766 R20-M1-NB-C:J09-U01 RAS KERNEL INFO CE sym 9, at 0x002372a0, mask 0x02
- 1133474242 2005.12.01 R20-M1-NB-C:J09-U01 2005-12-01-13.57.22.750205 R20-M1-NB-C:J09-U01 RAS KERNEL INFO CE sym 9, at 0x00235d00, mask 0x20
- 1133474242 2005.12.01 R20-M1-NB-C:J09-U01 2005-12-01-13.57.22.858090 R20-M1-NB-C:J09-U01 RAS KERNEL INFO CE sym 9, at 0x00010200, mask 0x20
- 1133474242 2005.12.01 R20-M1-NB-C:J09-U01 2005-12-01-13.57.22.965493 R20-M1-NB-C:J09-U01 RAS KERNEL INFO CE sym 9, at 0x00235e00, mask 0x02
- 1133474243 2005.12.01 R20-M1-NB-C:J09-U01 2005-12-01-13.57.23.025540 R20-M1-NB-C:J09-U01 RAS KERNEL INFO CE sym 9, at 0x00236aa0, mask 0x20
- 1133474243 2005.12.01 R20-M1-NB-C:J09-U01 2005-12-01-13.57.23.150260 R20-M1-NB-C:J09-U01 RAS KERNEL INFO CE sym 9, at 0x00018820, mask 0x02
- 1133474243 2005.12.01 R20-M1-NB-C:J09-U01 2005-12-01-13.57.23.257616 R20-M1-NB-C:J09-U01 RAS KERNEL INFO total of 17239 ddr error(s) detected and corrected over 145 seconds
- 1133474243 2005.12.01 R65-M1-N6-C:J17-U01 2005-12-01-13.57.23.557905 R65-M1-N6-C:J17-U01 RAS KERNEL INFO 1 ddr error(s) detected and corrected on rank 0, symbol 15 over 145 seconds
- 1133474243 2005.12.01 R65-M1-N6-C:J17-U01 2005-12-01-13.57.23.647377 R65-M1-N6-C:J17-U01 RAS KERNEL INFO CE sym 15, at 0x0ea34280, mask 0x01
- 1133474243 2005.12.01 R65-M1-N6-C:J17-U01 2005-12-01-13.57.23.755346 R65-M1-N6-C:J17-U01 RAS KERNEL INFO total of 1 ddr error(s) detected and corrected over 145 seconds
- 1133474243 2005.12.01 R45-M0-N7-C:J15-U11 2005-12-01-13.57.23.863786 R45-M0-N7-C:J15-U11 RAS KERNEL INFO 1 ddr error(s) detected and corrected on rank 0, symbol 23 over 145 seconds
- 1133474243 2005.12.01 R45-M0-N7-C:J15-U11 2005-12-01-13.57.23.969979 R45-M0-N7-C:J15-U11 RAS KERNEL INFO CE sym 23, at 0x09e7eb00, mask 0x04
- 1133474244 2005.12.01 R45-M0-N7-C:J15-U11 2005-12-01-13.57.24.078026 R45-M0-N7-C:J15-U11 RAS KERNEL INFO total of 1 ddr error(s) detected and corrected over 145 seconds
- 1133474244 2005.12.01 R47-M1-N4-C:J17-U11 2005-12-01-13.57.24.351020 R47-M1-N4-C:J17-U11 RAS KERNEL INFO 1956 ddr error(s) detected and corrected on rank 0, symbol 27 over 150 seconds
- 1133474244 2005.12.01 R47-M1-N4-C:J17-U11 2005-12-01-13.57.24.437675 R47-M1-N4-C:J17-U11 RAS KERNEL INFO CE sym 27, at 0x00019680, mask 0x11
- 1133474244 2005.12.01 R47-M1-N4-C:J17-U11 2005-12-01-13.57.24.563176 R47-M1-N4-C:J17-U11 RAS KERNEL INFO CE sym 27, at 0x00010220, mask 0x10
- 1133474244 2005.12.01 R47-M1-N4-C:J17-U11 2005-12-01-13.57.24.676818 R47-M1-N4-C:J17-U11 RAS KERNEL INFO CE sym 27, at 0x000022a0, mask 0x10
- 1133474244 2005.12.01 R47-M1-N4-C:J17-U11 2005-12-01-13.57.24.789286 R47-M1-N4-C:J17-U11 RAS KERNEL INFO CE sym 27, at 0x00002320, mask 0x11
- 1133474244 2005.12.01 R47-M1-N4-C:J17-U11 2005-12-01-13.57.24.903673 R47-M1-N4-C:J17-U11 RAS KERNEL INFO CE sym 27, at 0x00002460, mask 0x10
- 1133474245 2005.12.01 R47-M1-N4-C:J17-U11 2005-12-01-13.57.25.017135 R47-M1-N4-C:J17-U11 RAS KERNEL INFO CE sym 27, at 0x000024e0, mask 0x10
- 1133474245 2005.12.01 R47-M1-N4-C:J17-U11 2005-12-01-13.57.25.130680 R47-M1-N4-C:J17-U11 RAS KERNEL INFO CE sym 27, at 0x0000f960, mask 0x01
- 1133474245 2005.12.01 R47-M1-N4-C:J17-U11 2005-12-01-13.57.25.232357 R47-M1-N4-C:J17-U11 RAS KERNEL INFO CE sym 27, at 0x00018b20, mask 0x10
- 1133474245 2005.12.01 R47-M1-N4-C:J17-U11 2005-12-01-13.57.25.334309 R47-M1-N4-C:J17-U11 RAS KERNEL INFO CE sym 27, at 0x0001a160, mask 0x11
- 1133474245 2005.12.01 R47-M1-N4-C:J17-U11 2005-12-01-13.57.25.442124 R47-M1-N4-C:J17-U11 RAS KERNEL INFO CE sym 27, at 0x00088a20, mask 0x10
- 1133474245 2005.12.01 R47-M1-N4-C:J17-U11 2005-12-01-13.57.25.550423 R47-M1-N4-C:J17-U11 RAS KERNEL INFO CE sym 27, at 0x00018860, mask 0x10
- 1133474245 2005.12.01 R47-M1-N4-C:J17-U11 2005-12-01-13.57.25.646166 R47-M1-N4-C:J17-U11 RAS KERNEL INFO CE sym 27, at 0x0001c4e0, mask 0x01
- 1133474245 2005.12.01 R47-M1-N4-C:J17-U11 2005-12-01-13.57.25.741189 R47-M1-N4-C:J17-U11 RAS KERNEL INFO CE sym 27, at 0x003be920, mask 0x10
- 1133474245 2005.12.01 R47-M1-N4-C:J17-U11 2005-12-01-13.57.25.836686 R47-M1-N4-C:J17-U11 RAS KERNEL INFO CE sym 27, at 0x0044b320, mask 0x10
- 1133474245 2005.12.01 R47-M1-N4-C:J17-U11 2005-12-01-13.57.25.933007 R47-M1-N4-C:J17-U11 RAS KERNEL INFO CE sym 27, at 0x004df820, mask 0x10
- 1133474246 2005.12.01 R47-M1-N4-C:J17-U11 2005-12-01-13.57.26.095191 R47-M1-N4-C:J17-U11 RAS KERNEL INFO CE sym 27, at 0x00582f20, mask 0x10
- 1133474246 2005.12.01 R47-M1-N4-C:J17-U11 2005-12-01-13.57.26.232011 R47-M1-N4-C:J17-U11 RAS KERNEL INFO CE sym 27, at 0x0061e7a0, mask 0x10
- 1133474246 2005.12.01 R47-M1-N4-C:J17-U11 2005-12-01-13.57.26.280392 R47-M1-N4-C:J17-U11 RAS KERNEL INFO CE sym 27, at 0x006b02a0, mask 0x10
- 1133474246 2005.12.01 R47-M1-N4-C:J17-U11 2005-12-01-13.57.26.333895 R47-M1-N4-C:J17-U11 RAS KERNEL INFO CE sym 27, at 0x00236ca0, mask 0x10
- 1133474246 2005.12.01 R47-M1-N4-C:J17-U11 2005-12-01-13.57.26.381972 R47-M1-N4-C:J17-U11 RAS KERNEL INFO CE sym 27, at 0x00236da0, mask 0x10
- 1133474246 2005.12.01 R47-M1-N4-C:J17-U11 2005-12-01-13.57.26.430302 R47-M1-N4-C:J17-U11 RAS KERNEL INFO CE sym 27, at 0x1ff8a540, mask 0x01
- 1133474246 2005.12.01 R47-M1-N4-C:J17-U11 2005-12-01-13.57.26.531030 R47-M1-N4-C:J17-U11 RAS KERNEL INFO CE sym 27, at 0x00237b40, mask 0x10
- 1133474246 2005.12.01 R47-M1-N4-C:J17-U11 2005-12-01-13.57.26.621885 R47-M1-N4-C:J17-U11 RAS KERNEL INFO CE sym 27, at 0x00284720, mask 0x11
- 1133474246 2005.12.01 R47-M1-N4-C:J17-U11 2005-12-01-13.57.26.717039 R47-M1-N4-C:J17-U11 RAS KERNEL INFO CE sym 27, at 0x000022a0, mask 0x10
- 1133474246 2005.12.01 R47-M1-N4-C:J17-U11 2005-12-01-13.57.26.825978 R47-M1-N4-C:J17-U11 RAS KERNEL INFO CE sym 27, at 0x00002320, mask 0x11
- 1133474246 2005.12.01 R47-M1-N4-C:J17-U11 2005-12-01-13.57.26.920685 R47-M1-N4-C:J17-U11 RAS KERNEL INFO CE sym 27, at 0x00002460, mask 0x10
- 1133474247 2005.12.01 R47-M1-N4-C:J17-U11 2005-12-01-13.57.27.011111 R47-M1-N4-C:J17-U11 RAS KERNEL INFO CE sym 27, at 0x000024e0, mask 0x10
- 1133474247 2005.12.01 R47-M1-N4-C:J17-U11 2005-12-01-13.57.27.100930 R47-M1-N4-C:J17-U11 RAS KERNEL INFO CE sym 27, at 0x00010620, mask 0x11
- 1133474247 2005.12.01 R47-M1-N4-C:J17-U11 2005-12-01-13.57.27.190253 R47-M1-N4-C:J17-U11 RAS KERNEL INFO CE sym 27, at 0x00237bc0, mask 0x01
- 1133474247 2005.12.01 R47-M1-N4-C:J17-U11 2005-12-01-13.57.27.238016 R47-M1-N4-C:J17-U11 RAS KERNEL INFO CE sym 27, at 0x00236ea0, mask 0x11
- 1133474247 2005.12.01 R47-M1-N4-C:J17-U11 2005-12-01-13.57.27.303959 R47-M1-N4-C:J17-U11 RAS KERNEL INFO CE sym 27, at 0x00237020, mask 0x01
- 1133474247 2005.12.01 R47-M1-N4-C:J17-U11 2005-12-01-13.57.27.351803 R47-M1-N4-C:J17-U11 RAS KERNEL INFO CE sym 27, at 0x002370a0, mask 0x10
- 1133474247 2005.12.01 R47-M1-N4-C:J17-U11 2005-12-01-13.57.27.399640 R47-M1-N4-C:J17-U11 RAS KERNEL INFO total of 1956 ddr error(s) detected and corrected over 150 seconds
- 1133474247 2005.12.01 R10-M0-N7-C:J17-U01 2005-12-01-13.57.27.448737 R10-M0-N7-C:J17-U01 RAS KERNEL INFO 1 ddr error(s) detected and corrected on rank 0, symbol 14 over 145 seconds
- 1133474247 2005.12.01 R10-M0-N7-C:J17-U01 2005-12-01-13.57.27.495616 R10-M0-N7-C:J17-U01 RAS KERNEL INFO CE sym 14, at 0x145e5be0, mask 0x01
- 1133474247 2005.12.01 R10-M0-N7-C:J17-U01 2005-12-01-13.57.27.543426 R10-M0-N7-C:J17-U01 RAS KERNEL INFO total of 1 ddr error(s) detected and corrected over 145 seconds
- 1133474247 2005.12.01 R61-M1-ND-C:J07-U11 2005-12-01-13.57.27.586583 R61-M1-ND-C:J07-U11 RAS KERNEL INFO 1 ddr error(s) detected and corrected on rank 0, symbol 35 over 145 seconds
- 1133474247 2005.12.01 R61-M1-ND-C:J07-U11 2005-12-01-13.57.27.687263 R61-M1-ND-C:J07-U11 RAS KERNEL INFO CE sym 35, at 0x0d94da40, mask 0x02
- 1133474247 2005.12.01 R61-M1-ND-C:J07-U11 2005-12-01-13.57.27.782938 R61-M1-ND-C:J07-U11 RAS KERNEL INFO total of 1 ddr error(s) detected and corrected over 145 seconds
- 1133474247 2005.12.01 R55-M0-N9-C:J06-U11 2005-12-01-13.57.27.898890 R55-M0-N9-C:J06-U11 RAS KERNEL INFO 1 tree receiver 1 in re-synch state event(s) (dcr 0x0185) detected over 145 seconds
- 1133474247 2005.12.01 R55-M0-N9-C:J06-U11 2005-12-01-13.57.27.999402 R55-M0-N9-C:J06-U11 RAS KERNEL INFO 1 tree receiver 2 in re-synch state event(s) (dcr 0x019a) detected over 145 seconds
- 1133474248 2005.12.01 R10-M1-N5-C:J04-U11 2005-12-01-13.57.28.050304 R10-M1-N5-C:J04-U11 RAS KERNEL INFO 1 ddr error(s) detected and corrected on rank 0, symbol 3 over 145 seconds
- 1133474248 2005.12.01 R10-M1-N5-C:J04-U11 2005-12-01-13.57.28.160321 R10-M1-N5-C:J04-U11 RAS KERNEL INFO CE sym 3, at 0x07d02da0, mask 0x80
- 1133474248 2005.12.01 R10-M1-N5-C:J04-U11 2005-12-01-13.57.28.255736 R10-M1-N5-C:J04-U11 RAS KERNEL INFO total of 1 ddr error(s) detected and corrected over 145 seconds
- 1133474248 2005.12.01 R46-M1-NA-C:J06-U11 2005-12-01-13.57.28.352865 R46-M1-NA-C:J06-U11 RAS KERNEL INFO 1 ddr error(s) detected and corrected on rank 0, symbol 33 over 145 seconds
- 1133474248 2005.12.01 R46-M1-NA-C:J06-U11 2005-12-01-13.57.28.447228 R46-M1-NA-C:J06-U11 RAS KERNEL INFO CE sym 33, at 0x13b2c100, mask 0x40
- 1133474248 2005.12.01 R46-M1-NA-C:J06-U11 2005-12-01-13.57.28.548933 R46-M1-NA-C:J06-U11 RAS KERNEL INFO total of 1 ddr error(s) detected and corrected over 145 seconds
- 1133544127 2005.12.02 R10-M1-N5-C:J04-U11 2005-12-02-09.22.07.252926 R10-M1-N5-C:J04-U11 RAS KERNEL INFO 1 ddr error(s) detected and corrected on rank 0, symbol 3 over 16 seconds
- 1133544127 2005.12.02 R10-M1-N5-C:J04-U11 2005-12-02-09.22.07.404616 R10-M1-N5-C:J04-U11 RAS KERNEL INFO CE sym 3, at 0x07d02da0, mask 0x80
- 1133544127 2005.12.02 R10-M1-N5-C:J04-U11 2005-12-02-09.22.07.416145 R10-M1-N5-C:J04-U11 RAS KERNEL INFO total of 1 ddr error(s) detected and corrected over 16 seconds
- 1133545972 2005.12.02 R65-M1-N6-C:J17-U01 2005-12-02-09.52.52.240703 R65-M1-N6-C:J17-U01 RAS KERNEL INFO 1 ddr error(s) detected and corrected on rank 0, symbol 15 over 17 seconds
- 1133545972 2005.12.02 R65-M1-N6-C:J17-U01 2005-12-02-09.52.52.319279 R65-M1-N6-C:J17-U01 RAS KERNEL INFO CE sym 15, at 0x0ea34280, mask 0x01
- 1133545972 2005.12.02 R65-M1-N6-C:J17-U01 2005-12-02-09.52.52.347636 R65-M1-N6-C:J17-U01 RAS KERNEL INFO total of 1 ddr error(s) detected and corrected over 17 seconds
KERNSOCK 1133614508 2005.12.03 R62-M0-NC-I:J18-U11 2005-12-03-04.55.08.929491 R62-M0-NC-I:J18-U11 RAS KERNEL FATAL idoproxy communication failure: socket closed
KERNSOCK 1133614509 2005.12.03 R63-M0-NC-I:J18-U11 2005-12-03-04.55.09.069887 R63-M0-NC-I:J18-U11 RAS KERNEL FATAL idoproxy communication failure: socket closed
- 1133622388 2005.12.03 R35-M1-NA-C:J09-U01 2005-12-03-07.06.28.010044 R35-M1-NA-C:J09-U01 RAS KERNEL INFO 1 L3 EDRAM error(s) (dcr 0x0157) detected and corrected over 6 seconds
- 1133622388 2005.12.03 R06-M1-NF-C:J12-U01 2005-12-03-07.06.28.157034 R06-M1-NF-C:J12-U01 RAS KERNEL INFO 1 ddr error(s) detected and corrected on rank 0, symbol 24 over 6 seconds
- 1133622388 2005.12.03 R06-M1-NF-C:J12-U01 2005-12-03-07.06.28.331067 R06-M1-NF-C:J12-U01 RAS KERNEL INFO CE sym 24, at 0x1b518a80, mask 0x10
- 1133622388 2005.12.03 R06-M1-NF-C:J12-U01 2005-12-03-07.06.28.432356 R06-M1-NF-C:J12-U01 RAS KERNEL INFO total of 1 ddr error(s) detected and corrected over 6 seconds
- 1133627744 2005.12.03 R20-M1-NB-C:J09-U01 2005-12-03-08.35.44.688786 R20-M1-NB-C:J09-U01 RAS KERNEL INFO 7965 ddr error(s) detected and corrected on rank 0, symbol 9 over 429 seconds
- 1133627744 2005.12.03 R20-M1-NB-C:J09-U01 2005-12-03-08.35.44.796599 R20-M1-NB-C:J09-U01 RAS KERNEL INFO CE sym 9, at 0x00008fa0, mask 0x20
- 1133627744 2005.12.03 R20-M1-NB-C:J09-U01 2005-12-03-08.35.44.811141 R20-M1-NB-C:J09-U01 RAS KERNEL INFO CE sym 9, at 0x00010300, mask 0x20
- 1133627744 2005.12.03 R20-M1-NB-C:J09-U01 2005-12-03-08.35.44.825751 R20-M1-NB-C:J09-U01 RAS KERNEL INFO CE sym 9, at 0x000022a0, mask 0x20
- 1133627744 2005.12.03 R20-M1-NB-C:J09-U01 2005-12-03-08.35.44.841427 R20-M1-NB-C:J09-U01 RAS KERNEL INFO CE sym 9, at 0x00002300, mask 0x22
- 1133627744 2005.12.03 R20-M1-NB-C:J09-U01 2005-12-03-08.35.44.855727 R20-M1-NB-C:J09-U01 RAS KERNEL INFO CE sym 9, at 0x000107c0, mask 0x02
- 1133627744 2005.12.03 R20-M1-NB-C:J09-U01 2005-12-03-08.35.44.876948 R20-M1-NB-C:J09-U01 RAS KERNEL INFO CE sym 9, at 0x00018c80, mask 0x20
- 1133627744 2005.12.03 R20-M1-NB-C:J09-U01 2005-12-03-08.35.44.894780 R20-M1-NB-C:J09-U01 RAS KERNEL INFO CE sym 9, at 0x0001a2c0, mask 0x02
- 1133627744 2005.12.03 R20-M1-NB-C:J09-U01 2005-12-03-08.35.44.909523 R20-M1-NB-C:J09-U01 RAS KERNEL INFO CE sym 9, at 0x0001c660, mask 0x22
- 1133627744 2005.12.03 R20-M1-NB-C:J09-U01 2005-12-03-08.35.44.921840 R20-M1-NB-C:J09-U01 RAS KERNEL INFO CE sym 9, at 0x00019180, mask 0x02
- 1133627744 2005.12.03 R20-M1-NB-C:J09-U01 2005-12-03-08.35.44.936600 R20-M1-NB-C:J09-U01 RAS KERNEL INFO CE sym 9, at 0x0001a400, mask 0x02
- 1133627744 2005.12.03 R20-M1-NB-C:J09-U01 2005-12-03-08.35.44.951406 R20-M1-NB-C:J09-U01 RAS KERNEL INFO CE sym 9, at 0x0001d800, mask 0x22
- 1133627744 2005.12.03 R20-M1-NB-C:J09-U01 2005-12-03-08.35.44.963315 R20-M1-NB-C:J09-U01 RAS KERNEL INFO CE sym 9, at 0x1ff08b20, mask 0x02
- 1133627744 2005.12.03 R20-M1-NB-C:J09-U01 2005-12-03-08.35.44.975402 R20-M1-NB-C:J09-U01 RAS KERNEL INFO CE sym 9, at 0x1ff39420, mask 0x20
- 1133627744 2005.12.03 R20-M1-NB-C:J09-U01 2005-12-03-08.35.44.996713 R20-M1-NB-C:J09-U01 RAS KERNEL INFO CE sym 9, at 0x1ff221c0, mask 0x02
- 1133627745 2005.12.03 R20-M1-NB-C:J09-U01 2005-12-03-08.35.45.014774 R20-M1-NB-C:J09-U01 RAS KERNEL INFO CE sym 9, at 0x1ff2ba40, mask 0x20
- 1133627745 2005.12.03 R20-M1-NB-C:J09-U01 2005-12-03-08.35.45.029192 R20-M1-NB-C:J09-U01 RAS KERNEL INFO CE sym 9, at 0x1ff2bac0, mask 0x20
- 1133627745 2005.12.03 R20-M1-NB-C:J09-U01 2005-12-03-08.35.45.041383 R20-M1-NB-C:J09-U01 RAS KERNEL INFO CE sym 9, at 0x1ff363a0, mask 0x22
- 1133627745 2005.12.03 R20-M1-NB-C:J09-U01 2005-12-03-08.35.45.056422 R20-M1-NB-C:J09-U01 RAS KERNEL INFO CE sym 9, at 0x1ff36300, mask 0x02
- 1133627745 2005.12.03 R20-M1-NB-C:J09-U01 2005-12-03-08.35.45.071206 R20-M1-NB-C:J09-U01 RAS KERNEL INFO CE sym 9, at 0x1ff38ae0, mask 0x22
- 1133627745 2005.12.03 R20-M1-NB-C:J09-U01 2005-12-03-08.35.45.089256 R20-M1-NB-C:J09-U01 RAS KERNEL INFO CE sym 9, at 0x1ff33f40, mask 0x22
- 1133627745 2005.12.03 R20-M1-NB-C:J09-U01 2005-12-03-08.35.45.104931 R20-M1-NB-C:J09-U01 RAS KERNEL INFO CE sym 9, at 0x1ff33f80, mask 0x02
- 1133627745 2005.12.03 R20-M1-NB-C:J09-U01 2005-12-03-08.35.45.131306 R20-M1-NB-C:J09-U01 RAS KERNEL INFO CE sym 9, at 0x1ff2adc0, mask 0x20
- 1133627745 2005.12.03 R20-M1-NB-C:J09-U01 2005-12-03-08.35.45.158488 R20-M1-NB-C:J09-U01 RAS KERNEL INFO CE sym 9, at 0x1ff2b020, mask 0x22
- 1133627745 2005.12.03 R20-M1-NB-C:J09-U01 2005-12-03-08.35.45.173256 R20-M1-NB-C:J09-U01 RAS KERNEL INFO CE sym 9, at 0x1ff00580, mask 0x22
- 1133627745 2005.12.03 R20-M1-NB-C:J09-U01 2005-12-03-08.35.45.200467 R20-M1-NB-C:J09-U01 RAS KERNEL INFO CE sym 9, at 0x1ff00c80, mask 0x22
- 1133627745 2005.12.03 R20-M1-NB-C:J09-U01 2005-12-03-08.35.45.214991 R20-M1-NB-C:J09-U01 RAS KERNEL INFO CE sym 9, at 0x1ff00d20, mask 0x20
- 1133627745 2005.12.03 R20-M1-NB-C:J09-U01 2005-12-03-08.35.45.230330 R20-M1-NB-C:J09-U01 RAS KERNEL INFO CE sym 9, at 0x1ff30b40, mask 0x22
- 1133627745 2005.12.03 R20-M1-NB-C:J09-U01 2005-12-03-08.35.45.245510 R20-M1-NB-C:J09-U01 RAS KERNEL INFO CE sym 9, at 0x1ff30b80, mask 0x22
- 1133627745 2005.12.03 R20-M1-NB-C:J09-U01 2005-12-03-08.35.45.260432 R20-M1-NB-C:J09-U01 RAS KERNEL INFO CE sym 9, at 0x1ff35cc0, mask 0x20
- 1133627745 2005.12.03 R20-M1-NB-C:J09-U01 2005-12-03-08.35.45.288131 R20-M1-NB-C:J09-U01 RAS KERNEL INFO CE sym 9, at 0x1ff35d20, mask 0x02
- 1133627745 2005.12.03 R20-M1-NB-C:J09-U01 2005-12-03-08.35.45.302756 R20-M1-NB-C:J09-U01 RAS KERNEL INFO CE sym 9, at 0x1ff31180, mask 0x22
- 1133627745 2005.12.03 R20-M1-NB-C:J09-U01 2005-12-03-08.35.45.320498 R20-M1-NB-C:J09-U01 RAS KERNEL INFO CE sym 9, at 0x1ff35900, mask 0x20
- 1133627745 2005.12.03 R20-M1-NB-C:J09-U01 2005-12-03-08.35.45.335156 R20-M1-NB-C:J09-U01 RAS KERNEL INFO total of 7965 ddr error(s) detected and corrected over 429 seconds
- 1133627807 2005.12.03 R06-M1-NF-C:J12-U01 2005-12-03-08.36.47.438557 R06-M1-NF-C:J12-U01 RAS KERNEL INFO 1 ddr error(s) detected and corrected on rank 0, symbol 24 over 8 seconds
- 1133627807 2005.12.03 R06-M1-NF-C:J12-U01 2005-12-03-08.36.47.554498 R06-M1-NF-C:J12-U01 RAS KERNEL INFO CE sym 24, at 0x1b518a80, mask 0x10
- 1133627807 2005.12.03 R06-M1-NF-C:J12-U01 2005-12-03-08.36.47.578173 R06-M1-NF-C:J12-U01 RAS KERNEL INFO total of 1 ddr error(s) detected and corrected over 8 seconds
- 1133627891 2005.12.03 R06-M1-NF-C:J12-U01 2005-12-03-08.38.11.495054 R06-M1-NF-C:J12-U01 RAS KERNEL INFO 1 ddr error(s) detected and corrected on rank 0, symbol 24 over 8 seconds
- 1133627891 2005.12.03 R06-M1-NF-C:J12-U01 2005-12-03-08.38.11.606883 R06-M1-NF-C:J12-U01 RAS KERNEL INFO CE sym 24, at 0x1b518a80, mask 0x10
- 1133627891 2005.12.03 R06-M1-NF-C:J12-U01 2005-12-03-08.38.11.633846 R06-M1-NF-C:J12-U01 RAS KERNEL INFO total of 1 ddr error(s) detected and corrected over 8 seconds
- 1133627943 2005.12.03 R06-M1-NF-C:J12-U01 2005-12-03-08.39.03.443452 R06-M1-NF-C:J12-U01 RAS KERNEL INFO 1 ddr error(s) detected and corrected on rank 0, symbol 24 over 5 seconds
- 1133627943 2005.12.03 R06-M1-NF-C:J12-U01 2005-12-03-08.39.03.548533 R06-M1-NF-C:J12-U01 RAS KERNEL INFO CE sym 24, at 0x1b518a80, mask 0x10
- 1133627943 2005.12.03 R06-M1-NF-C:J12-U01 2005-12-03-08.39.03.572151 R06-M1-NF-C:J12-U01 RAS KERNEL INFO total of 1 ddr error(s) detected and corrected over 5 seconds
- 1133634946 2005.12.03 R66-M0-NC-C:J17-U11 2005-12-03-10.35.46.989160 R66-M0-NC-C:J17-U11 RAS KERNEL INFO 1 ddr error(s) detected and corrected on rank 0, symbol 29 over 2123 seconds
- 1133634947 2005.12.03 R66-M0-NC-C:J17-U11 2005-12-03-10.35.47.081005 R66-M0-NC-C:J17-U11 RAS KERNEL INFO CE sym 29, at 0x03a32fc0, mask 0x04
- 1133634947 2005.12.03 R66-M0-NC-C:J17-U11 2005-12-03-10.35.47.096676 R66-M0-NC-C:J17-U11 RAS KERNEL INFO total of 1 ddr error(s) detected and corrected over 2123 seconds
- 1133634947 2005.12.03 R66-M0-N1-C:J05-U01 2005-12-03-10.35.47.130868 R66-M0-N1-C:J05-U01 RAS KERNEL INFO 8 ddr error(s) detected and corrected on rank 0, symbol 33 over 2123 seconds
- 1133634947 2005.12.03 R66-M0-N1-C:J05-U01 2005-12-03-10.35.47.212739 R66-M0-N1-C:J05-U01 RAS KERNEL INFO CE sym 33, at 0x0378ba20, mask 0x10
- 1133634947 2005.12.03 R66-M0-N1-C:J05-U01 2005-12-03-10.35.47.227528 R66-M0-N1-C:J05-U01 RAS KERNEL INFO CE sym 33, at 0x0378ba20, mask 0x10
- 1133634947 2005.12.03 R66-M0-N1-C:J05-U01 2005-12-03-10.35.47.248401 R66-M0-N1-C:J05-U01 RAS KERNEL INFO CE sym 33, at 0x0378ba20, mask 0x10
- 1133634947 2005.12.03 R66-M0-N1-C:J05-U01 2005-12-03-10.35.47.263876 R66-M0-N1-C:J05-U01 RAS KERNEL INFO CE sym 33, at 0x0378ba20, mask 0x10
- 1133634947 2005.12.03 R66-M0-N1-C:J05-U01 2005-12-03-10.35.47.278433 R66-M0-N1-C:J05-U01 RAS KERNEL INFO CE sym 33, at 0x0378ba20, mask 0x10
- 1133634947 2005.12.03 R66-M0-N1-C:J05-U01 2005-12-03-10.35.47.299341 R66-M0-N1-C:J05-U01 RAS KERNEL INFO CE sym 33, at 0x0378ba20, mask 0x10
- 1133634947 2005.12.03 R66-M0-N1-C:J05-U01 2005-12-03-10.35.47.314197 R66-M0-N1-C:J05-U01 RAS KERNEL INFO CE sym 33, at 0x0378ba20, mask 0x10
- 1133634947 2005.12.03 R66-M0-N1-C:J05-U01 2005-12-03-10.35.47.329391 R66-M0-N1-C:J05-U01 RAS KERNEL INFO CE sym 33, at 0x0378ba20, mask 0x10
- 1133634947 2005.12.03 R66-M0-N1-C:J05-U01 2005-12-03-10.35.47.344098 R66-M0-N1-C:J05-U01 RAS KERNEL INFO total of 8 ddr error(s) detected and corrected over 2123 seconds
- 1133666641 2005.12.03 R10-M0-N7-C:J17-U01 2005-12-03-19.24.01.971968 R10-M0-N7-C:J17-U01 RAS KERNEL INFO 1 ddr error(s) detected and corrected on rank 0, symbol 14 over 30 seconds
- 1133666642 2005.12.03 R10-M0-N7-C:J17-U01 2005-12-03-19.24.02.105370 R10-M0-N7-C:J17-U01 RAS KERNEL INFO CE sym 14, at 0x145e5be0, mask 0x01
- 1133666642 2005.12.03 R10-M0-N7-C:J17-U01 2005-12-03-19.24.02.230607 R10-M0-N7-C:J17-U01 RAS KERNEL INFO total of 1 ddr error(s) detected and corrected over 30 seconds
- 1133724965 2005.12.04 R62-M0-NC-I:J18-U11 2005-12-04-11.36.05.350149 R62-M0-NC-I:J18-U11 RAS APP FATAL ciod: Error loading /g/g12/rfisher/FLASH3/object/flash3: invalid or missing program image, No such file or directory
- 1133724965 2005.12.04 R62-M0-NC-I:J18-U01 2005-12-04-11.36.05.507028 R62-M0-NC-I:J18-U01 RAS APP FATAL ciod: Error loading /g/g12/rfisher/FLASH3/object/flash3: invalid or missing program image, No such file or directory
- 1133724965 2005.12.04 R62-M0-N0-I:J18-U11 2005-12-04-11.36.05.636993 R62-M0-N0-I:J18-U11 RAS APP FATAL ciod: Error loading /g/g12/rfisher/FLASH3/object/flash3: invalid or missing program image, No such file or directory
- 1133724965 2005.12.04 R62-M0-N0-I:J18-U01 2005-12-04-11.36.05.775528 R62-M0-N0-I:J18-U01 RAS APP FATAL ciod: Error loading /g/g12/rfisher/FLASH3/object/flash3: invalid or missing program image, No such file or directory
- 1133724965 2005.12.04 R62-M0-N4-I:J18-U11 2005-12-04-11.36.05.907532 R62-M0-N4-I:J18-U11 RAS APP FATAL ciod: Error loading /g/g12/rfisher/FLASH3/object/flash3: invalid or missing program image, No such file or directory
- 1133724966 2005.12.04 R62-M0-N4-I:J18-U01 2005-12-04-11.36.06.047842 R62-M0-N4-I:J18-U01 RAS APP FATAL ciod: Error loading /g/g12/rfisher/FLASH3/object/flash3: invalid or missing program image, No such file or directory
- 1133724966 2005.12.04 R62-M0-N8-I:J18-U11 2005-12-04-11.36.06.172736 R62-M0-N8-I:J18-U11 RAS APP FATAL ciod: Error loading /g/g12/rfisher/FLASH3/object/flash3: invalid or missing program image, No such file or directory
- 1133724966 2005.12.04 R62-M0-N8-I:J18-U01 2005-12-04-11.36.06.299571 R62-M0-N8-I:J18-U01 RAS APP FATAL ciod: Error loading /g/g12/rfisher/FLASH3/object/flash3: invalid or missing program image, No such file or directory
- 1133725000 2005.12.04 - 2005-12-04-11.36.40.516303 RAS KERNEL FATAL Kill job 55219 timed out. Block freed.
MASABNORM 1133725000 2005.12.04 NULL 2005-12-04-11.36.40.722062 NULL RAS BGLMASTER FAILURE ciodb exited abnormally due to signal: Aborted
APPSEV 1133725001 2005.12.04 R63-M1-N4-I:J18-U01 2005-12-04-11.36.41.083674 R63-M1-N4-I:J18-U01 RAS APP FATAL ciod: Error reading message prefix on CioStream socket to 172.16.96.116:50236, Link has been severed
APPSEV 1133725001 2005.12.04 R63-M1-N0-I:J18-U01 2005-12-04-11.36.41.156522 R63-M1-N0-I:J18-U01 RAS APP FATAL ciod: Error reading message prefix on CioStream socket to 172.16.96.116:50242, Link has been severed
- 1133725001 2005.12.04 NULL 2005-12-04-11.36.41.213871 NULL RAS MMCS INFO ciodb has been restarted.
APPSEV 1133725001 2005.12.04 R63-M1-N8-I:J18-U11 2005-12-04-11.36.41.283898 R63-M1-N8-I:J18-U11 RAS APP FATAL ciod: Error reading message prefix on CioStream socket to 172.16.96.116:50239, Link has been severed
APPSEV 1133725001 2005.12.04 R63-M1-N8-I:J18-U01 2005-12-04-11.36.41.308241 R63-M1-N8-I:J18-U01 RAS APP FATAL ciod: Error reading message prefix on CioStream socket to 172.16.96.116:50238, Link has been severed
APPSEV 1133725001 2005.12.04 R62-M1-N4-I:J18-U01 2005-12-04-11.36.41.345068 R62-M1-N4-I:J18-U01 RAS APP FATAL ciod: Error reading message prefix on CioStream socket to 172.16.96.116:50228, Link has been severed
APPSEV 1133725001 2005.12.04 R62-M1-N8-I:J18-U11 2005-12-04-11.36.41.387901 R62-M1-N8-I:J18-U11 RAS APP FATAL ciod: Error reading message prefix on CioStream socket to 172.16.96.116:50231, Link has been severed
APPSEV 1133725001 2005.12.04 R66-M0-N8-I:J18-U11 2005-12-04-11.36.41.479706 R66-M0-N8-I:J18-U11 RAS APP FATAL ciod: Error reading message prefix on CioStream socket to 172.16.96.116:49458, Link has been severed
APPSEV 1133725001 2005.12.04 R62-M1-N8-I:J18-U01 2005-12-04-11.36.41.489030 R62-M1-N8-I:J18-U01 RAS APP FATAL ciod: Error reading message prefix on CioStream socket to 172.16.96.116:50230, Link has been severed
APPSEV 1133725001 2005.12.04 R65-M0-N4-I:J18-U11 2005-12-04-11.36.41.496023 R65-M0-N4-I:J18-U11 RAS APP FATAL ciod: Error reading message prefix on CioStream socket to 172.16.96.116:49523, Link has been severed
APPSEV 1133725001 2005.12.04 R66-M0-N8-I:J18-U01 2005-12-04-11.36.41.648907 R66-M0-N8-I:J18-U01 RAS APP FATAL ciod: Error reading message prefix on CioStream socket to 172.16.96.116:49455, Link has been severed
APPSEV 1133725001 2005.12.04 R62-M1-NC-I:J18-U01 2005-12-04-11.36.41.656784 R62-M1-NC-I:J18-U01 RAS APP FATAL ciod: Error reading message prefix on CioStream socket to 172.16.96.116:50232, Link has been severed
APPSEV 1133725001 2005.12.04 R65-M0-N4-I:J18-U01 2005-12-04-11.36.41.676743 R65-M0-N4-I:J18-U01 RAS APP FATAL ciod: Error reading message prefix on CioStream socket to 172.16.96.116:49522, Link has been severed
APPSEV 1133725001 2005.12.04 R67-M0-N4-I:J18-U11 2005-12-04-11.36.41.790123 R67-M0-N4-I:J18-U11 RAS APP FATAL ciod: Error reading message prefix on CioStream socket to 172.16.96.116:49485, Link has been severed
APPSEV 1133725001 2005.12.04 R65-M1-N4-I:J18-U11 2005-12-04-11.36.41.796863 R65-M1-N4-I:J18-U11 RAS APP FATAL ciod: Error reading message prefix on CioStream socket to 172.16.96.116:49531, Link has been severed
APPSEV 1133725001 2005.12.04 R63-M1-NC-I:J18-U11 2005-12-04-11.36.41.880060 R63-M1-NC-I:J18-U11 RAS APP FATAL ciod: Error reading message prefix on CioStream socket to 172.16.96.116:50241, Link has been severed
APPSEV 1133725001 2005.12.04 R67-M0-N4-I:J18-U01 2005-12-04-11.36.41.946200 R67-M0-N4-I:J18-U01 RAS APP FATAL ciod: Error reading message prefix on CioStream socket to 172.16.96.116:49483, Link has been severed
APPSEV 1133725001 2005.12.04 R65-M1-N4-I:J18-U01 2005-12-04-11.36.41.946284 R65-M1-N4-I:J18-U01 RAS APP FATAL ciod: Error reading message prefix on CioStream socket to 172.16.96.116:49530, Link has been severed
APPSEV 1133725002 2005.12.04 R63-M1-NC-I:J18-U01 2005-12-04-11.36.42.057524 R63-M1-NC-I:J18-U01 RAS APP FATAL ciod: Error reading message prefix on CioStream socket to 172.16.96.116:50240, Link has been severed
APPSEV 1133725002 2005.12.04 R67-M0-N0-I:J18-U11 2005-12-04-11.36.42.062044 R67-M0-N0-I:J18-U11 RAS APP FATAL ciod: Error reading message prefix on CioStream socket to 172.16.96.116:49493, Link has been severed
APPSEV 1133725002 2005.12.04 R64-M1-NC-I:J18-U11 2005-12-04-11.36.42.075905 R64-M1-NC-I:J18-U11 RAS APP FATAL ciod: Error reading message prefix on CioStream socket to 172.16.96.116:49521, Link has been severed
APPSEV 1133725002 2005.12.04 R63-M1-N4-I:J18-U11 2005-12-04-11.36.42.212956 R63-M1-N4-I:J18-U11 RAS APP FATAL ciod: Error reading message prefix on CioStream socket to 172.16.96.116:50237, Link has been severed
APPSEV 1133725002 2005.12.04 R64-M1-NC-I:J18-U01 2005-12-04-11.36.42.213011 R64-M1-NC-I:J18-U01 RAS APP FATAL ciod: Error reading message prefix on CioStream socket to 172.16.96.116:49520, Link has been severed
APPSEV 1133725002 2005.12.04 R67-M0-N0-I:J18-U01 2005-12-04-11.36.42.225717 R67-M0-N0-I:J18-U01 RAS APP FATAL ciod: Error reading message prefix on CioStream socket to 172.16.96.116:49491, Link has been severed
APPSEV 1133725002 2005.12.04 R63-M1-N0-I:J18-U11 2005-12-04-11.36.42.349387 R63-M1-N0-I:J18-U11 RAS APP FATAL ciod: Error reading message prefix on CioStream socket to 172.16.96.116:50243, Link has been severed
APPSEV 1133725002 2005.12.04 R67-M0-N8-I:J18-U11 2005-12-04-11.36.42.355719 R67-M0-N8-I:J18-U11 RAS APP FATAL ciod: Error reading message prefix on CioStream socket to 172.16.96.116:49489, Link has been severed
APPSEV 1133725002 2005.12.04 R64-M1-N8-I:J18-U11 2005-12-04-11.36.42.368317 R64-M1-N8-I:J18-U11 RAS APP FATAL ciod: Error reading message prefix on CioStream socket to 172.16.96.116:49517, Link has been severed
APPSEV 1133725002 2005.12.04 R64-M1-N8-I:J18-U01 2005-12-04-11.36.42.502306 R64-M1-N8-I:J18-U01 RAS APP FATAL ciod: Error reading message prefix on CioStream socket to 172.16.96.116:49516, Link has been severed
APPSEV 1133725002 2005.12.04 R62-M1-N0-I:J18-U11 2005-12-04-11.36.42.502308 R62-M1-N0-I:J18-U11 RAS APP FATAL ciod: Error reading message prefix on CioStream socket to 172.16.96.116:50235, Link has been severed
APPSEV 1133725002 2005.12.04 R67-M0-N8-I:J18-U01 2005-12-04-11.36.42.514431 R67-M0-N8-I:J18-U01 RAS APP FATAL ciod: Error reading message prefix on CioStream socket to 172.16.96.116:49487, Link has been severed
APPSEV 1133725002 2005.12.04 R64-M1-N4-I:J18-U11 2005-12-04-11.36.42.639728 R64-M1-N4-I:J18-U11 RAS APP FATAL ciod: Error reading message prefix on CioStream socket to 172.16.96.116:49515, Link has been severed
APPSEV 1133725002 2005.12.04 R62-M1-N0-I:J18-U01 2005-12-04-11.36.42.644588 R62-M1-N0-I:J18-U01 RAS APP FATAL ciod: Error reading message prefix on CioStream socket to 172.16.96.116:50234, Link has been severed
APPSEV 1133725002 2005.12.04 R67-M0-NC-I:J18-U11 2005-12-04-11.36.42.652259 R67-M0-NC-I:J18-U11 RAS APP FATAL ciod: Error reading message prefix on CioStream socket to 172.16.96.116:49496, Link has been severed
APPSEV 1133725002 2005.12.04 R64-M1-N4-I:J18-U01 2005-12-04-11.36.42.777102 R64-M1-N4-I:J18-U01 RAS APP FATAL ciod: Error reading message prefix on CioStream socket to 172.16.96.116:49514, Link has been severed
APPSEV 1133725002 2005.12.04 R62-M1-N4-I:J18-U11 2005-12-04-11.36.42.786709 R62-M1-N4-I:J18-U11 RAS APP FATAL ciod: Error reading message prefix on CioStream socket to 172.16.96.116:50229, Link has been severed
APPSEV 1133725002 2005.12.04 R67-M0-NC-I:J18-U01 2005-12-04-11.36.42.794244 R67-M0-NC-I:J18-U01 RAS APP FATAL ciod: Error reading message prefix on CioStream socket to 172.16.96.116:49495, Link has been severed
APPSEV 1133725002 2005.12.04 R60-M1-NC-I:J18-U01 2005-12-04-11.36.42.913707 R60-M1-NC-I:J18-U01 RAS APP FATAL ciod: Error reading message prefix on CioStream socket to 172.16.96.116:49457, Link has been severed
APPSEV 1133725002 2005.12.04 R67-M1-NC-I:J18-U11 2005-12-04-11.36.42.918776 R67-M1-NC-I:J18-U11 RAS APP FATAL ciod: Error reading message prefix on CioStream socket to 172.16.96.116:49508, Link has been severed
APPSEV 1133725003 2005.12.04 R64-M0-NC-I:J18-U11 2005-12-04-11.36.43.063898 R64-M0-NC-I:J18-U11 RAS APP FATAL ciod: Error reading message prefix on CioStream socket to 172.16.96.116:49512, Link has been severed
APPSEV 1133725003 2005.12.04 R67-M1-NC-I:J18-U01 2005-12-04-11.36.43.063939 R67-M1-NC-I:J18-U01 RAS APP FATAL ciod: Error reading message prefix on CioStream socket to 172.16.96.116:49506, Link has been severed
APPSEV 1133725003 2005.12.04 R64-M0-NC-I:J18-U01 2005-12-04-11.36.43.208168 R64-M0-NC-I:J18-U01 RAS APP FATAL ciod: Error reading message prefix on CioStream socket to 172.16.96.116:49510, Link has been severed
APPSEV 1133725003 2005.12.04 R67-M1-N8-I:J18-U11 2005-12-04-11.36.43.222551 R67-M1-N8-I:J18-U11 RAS APP FATAL ciod: Error reading message prefix on CioStream socket to 172.16.96.116:49505, Link has been severed
APPSEV 1133725003 2005.12.04 R64-M1-N0-I:J18-U11 2005-12-04-11.36.43.344603 R64-M1-N0-I:J18-U11 RAS APP FATAL ciod: Error reading message prefix on CioStream socket to 172.16.96.116:49519, Link has been severed
APPSEV 1133725003 2005.12.04 R67-M1-N8-I:J18-U01 2005-12-04-11.36.43.349625 R67-M1-N8-I:J18-U01 RAS APP FATAL ciod: Error reading message prefix on CioStream socket to 172.16.96.116:49503, Link has been severed
APPSEV 1133725003 2005.12.04 R64-M1-N0-I:J18-U01 2005-12-04-11.36.43.485944 R64-M1-N0-I:J18-U01 RAS APP FATAL ciod: Error reading message prefix on CioStream socket to 172.16.96.116:49518, Link has been severed
APPSEV 1133725003 2005.12.04 R66-M1-N4-I:J18-U11 2005-12-04-11.36.43.491176 R66-M1-N4-I:J18-U11 RAS APP FATAL ciod: Error reading message prefix on CioStream socket to 172.16.96.116:49469, Link has been severed
APPSEV 1133725003 2005.12.04 R64-M0-N8-I:J18-U11 2005-12-04-11.36.43.626428 R64-M0-N8-I:J18-U11 RAS APP FATAL ciod: Error reading message prefix on CioStream socket to 172.16.96.116:49504, Link has been severed
APPSEV 1133725003 2005.12.04 R66-M1-N4-I:J18-U01 2005-12-04-11.36.43.633530 R66-M1-N4-I:J18-U01 RAS APP FATAL ciod: Error reading message prefix on CioStream socket to 172.16.96.116:49467, Link has been severed
APPSEV 1133725003 2005.12.04 R64-M0-N8-I:J18-U01 2005-12-04-11.36.43.778024 R64-M0-N8-I:J18-U01 RAS APP FATAL ciod: Error reading message prefix on CioStream socket to 172.16.96.116:49502, Link has been severed
APPSEV 1133725003 2005.12.04 R66-M0-N0-I:J18-U11 2005-12-04-11.36.43.778026 R66-M0-N0-I:J18-U11 RAS APP FATAL ciod: Error reading message prefix on CioStream socket to 172.16.96.116:49465, Link has been severed
APPSEV 1133725003 2005.12.04 R65-M1-N0-I:J18-U11 2005-12-04-11.36.43.915634 R65-M1-N0-I:J18-U11 RAS APP FATAL ciod: Error reading message prefix on CioStream socket to 172.16.96.116:49537, Link has been severed
APPSEV 1133725003 2005.12.04 R66-M0-N0-I:J18-U01 2005-12-04-11.36.43.919976 R66-M0-N0-I:J18-U01 RAS APP FATAL ciod: Error reading message prefix on CioStream socket to 172.16.96.116:49463, Link has been severed
APPSEV 1133725004 2005.12.04 R65-M1-N0-I:J18-U01 2005-12-04-11.36.44.054284 R65-M1-N0-I:J18-U01 RAS APP FATAL ciod: Error reading message prefix on CioStream socket to 172.16.96.116:49536, Link has been severed
APPSEV 1133725004 2005.12.04 R66-M1-N8-I:J18-U11 2005-12-04-11.36.44.056587 R66-M1-N8-I:J18-U11 RAS APP FATAL ciod: Error reading message prefix on CioStream socket to 172.16.96.116:49473, Link has been severed
APPSEV 1133725004 2005.12.04 R66-M1-N8-I:J18-U01 2005-12-04-11.36.44.206984 R66-M1-N8-I:J18-U01 RAS APP FATAL ciod: Error reading message prefix on CioStream socket to 172.16.96.116:49471, Link has been severed
APPSEV 1133725004 2005.12.04 R65-M1-N8-I:J18-U11 2005-12-04-11.36.44.209635 R65-M1-N8-I:J18-U11 RAS APP FATAL ciod: Error reading message prefix on CioStream socket to 172.16.96.116:49533, Link has been severed
APPSEV 1133725004 2005.12.04 R66-M0-NC-I:J18-U11 2005-12-04-11.36.44.352025 R66-M0-NC-I:J18-U11 RAS APP FATAL ciod: Error reading message prefix on CioStream socket to 172.16.96.116:49461, Link has been severed
APPSEV 1133725004 2005.12.04 R65-M1-N8-I:J18-U01 2005-12-04-11.36.44.356200 R65-M1-N8-I:J18-U01 RAS APP FATAL ciod: Error reading message prefix on CioStream socket to 172.16.96.116:49532, Link has been severed
APPSEV 1133725004 2005.12.04 R66-M0-NC-I:J18-U01 2005-12-04-11.36.44.493997 R66-M0-NC-I:J18-U01 RAS APP FATAL ciod: Error reading message prefix on CioStream socket to 172.16.96.116:49459, Link has been severed
APPSEV 1133725004 2005.12.04 R65-M0-N8-I:J18-U11 2005-12-04-11.36.44.502564 R65-M0-N8-I:J18-U11 RAS APP FATAL ciod: Error reading message prefix on CioStream socket to 172.16.96.116:49525, Link has been severed
APPSEV 1133725004 2005.12.04 R66-M0-N4-I:J18-U11 2005-12-04-11.36.44.647492 R66-M0-N4-I:J18-U11 RAS APP FATAL ciod: Error reading message prefix on CioStream socket to 172.16.96.116:49453, Link has been severed
APPSEV 1133725004 2005.12.04 R65-M0-N8-I:J18-U01 2005-12-04-11.36.44.650270 R65-M0-N8-I:J18-U01 RAS APP FATAL ciod: Error reading message prefix on CioStream socket to 172.16.96.116:49524, Link has been severed
APPSEV 1133725004 2005.12.04 R66-M0-N4-I:J18-U01 2005-12-04-11.36.44.785364 R66-M0-N4-I:J18-U01 RAS APP FATAL ciod: Error reading message prefix on CioStream socket to 172.16.96.116:49452, Link has been severed
APPSEV 1133725004 2005.12.04 R64-M0-N0-I:J18-U11 2005-12-04-11.36.44.797547 R64-M0-N0-I:J18-U11 RAS APP FATAL ciod: Error reading message prefix on CioStream socket to 172.16.96.116:49509, Link has been severed
APPSEV 1133725004 2005.12.04 R66-M1-N0-I:J18-U11 2005-12-04-11.36.44.922886 R66-M1-N0-I:J18-U11 RAS APP FATAL ciod: Error reading message prefix on CioStream socket to 172.16.96.116:49481, Link has been severed
APPSEV 1133725004 2005.12.04 R64-M0-N0-I:J18-U01 2005-12-04-11.36.44.930161 R64-M0-N0-I:J18-U01 RAS APP FATAL ciod: Error reading message prefix on CioStream socket to 172.16.96.116:49507, Link has been severed
APPSEV 1133725005 2005.12.04 R66-M1-N0-I:J18-U01 2005-12-04-11.36.45.055544 R66-M1-N0-I:J18-U01 RAS APP FATAL ciod: Error reading message prefix on CioStream socket to 172.16.96.116:49479, Link has been severed
APPSEV 1133725005 2005.12.04 R64-M0-N4-I:J18-U11 2005-12-04-11.36.45.063506 R64-M0-N4-I:J18-U11 RAS APP FATAL ciod: Error reading message prefix on CioStream socket to 172.16.96.116:49500, Link has been severed
APPSEV 1133725005 2005.12.04 R66-M1-NC-I:J18-U01 2005-12-04-11.36.45.199283 R66-M1-NC-I:J18-U01 RAS APP FATAL ciod: Error reading message prefix on CioStream socket to 172.16.96.116:49475, Link has been severed
APPSEV 1133725005 2005.12.04 R64-M0-N4-I:J18-U01 2005-12-04-11.36.45.201991 R64-M0-N4-I:J18-U01 RAS APP FATAL ciod: Error reading message prefix on CioStream socket to 172.16.96.116:49499, Link has been severed
APPSEV 1133725005 2005.12.04 R67-M1-N4-I:J18-U11 2005-12-04-11.36.45.652809 R67-M1-N4-I:J18-U11 RAS APP FATAL ciod: Error reading message prefix on CioStream socket to 172.16.96.116:49501, Link has been severed
APPSEV 1133725005 2005.12.04 R60-M1-N8-I:J18-U11 2005-12-04-11.36.45.652810 R60-M1-N8-I:J18-U11 RAS APP FATAL ciod: Error reading message prefix on CioStream socket to 172.16.96.116:49456, Link has been severed
APPSEV 1133725005 2005.12.04 R60-M1-N8-I:J18-U01 2005-12-04-11.36.45.797927 R60-M1-N8-I:J18-U01 RAS APP FATAL ciod: Error reading message prefix on CioStream socket to 172.16.96.116:49454, Link has been severed
APPSEV 1133725005 2005.12.04 R67-M1-N4-I:J18-U01 2005-12-04-11.36.45.797936 R67-M1-N4-I:J18-U01 RAS APP FATAL ciod: Error reading message prefix on CioStream socket to 172.16.96.116:49498, Link has been severed
APPSEV 1133725006 2005.12.04 R60-M1-N0-I:J18-U11 2005-12-04-11.36.46.009274 R60-M1-N0-I:J18-U11 RAS APP FATAL ciod: Error reading message prefix on CioStream socket to 172.16.96.116:49464, Link has been severed
APPSEV 1133725006 2005.12.04 R67-M1-N0-I:J18-U11 2005-12-04-11.36.46.009281 R67-M1-N0-I:J18-U11 RAS APP FATAL ciod: Error reading message prefix on CioStream socket to 172.16.96.116:49513, Link has been severed
APPSEV 1133725006 2005.12.04 R67-M1-N0-I:J18-U01 2005-12-04-11.36.46.164411 R67-M1-N0-I:J18-U01 RAS APP FATAL ciod: Error reading message prefix on CioStream socket to 172.16.96.116:49511, Link has been severed
APPSEV 1133725006 2005.12.04 R60-M1-N0-I:J18-U01 2005-12-04-11.36.46.164420 R60-M1-N0-I:J18-U01 RAS APP FATAL ciod: Error reading message prefix on CioStream socket to 172.16.96.116:49462, Link has been severed
APPSEV 1133725006 2005.12.04 R65-M0-NC-I:J18-U11 2005-12-04-11.36.46.313020 R65-M0-NC-I:J18-U11 RAS APP FATAL ciod: Error reading message prefix on CioStream socket to 172.16.96.116:49529, Link has been severed
APPSEV 1133725006 2005.12.04 R65-M0-NC-I:J18-U01 2005-12-04-11.36.46.448811 R65-M0-NC-I:J18-U01 RAS APP FATAL ciod: Error reading message prefix on CioStream socket to 172.16.96.116:49528, Link has been severed
APPSEV 1133725006 2005.12.04 R65-M1-NC-I:J18-U11 2005-12-04-11.36.46.584531 R65-M1-NC-I:J18-U11 RAS APP FATAL ciod: Error reading message prefix on CioStream socket to 172.16.96.116:49535, Link has been severed
APPSEV 1133725006 2005.12.04 R65-M1-NC-I:J18-U01 2005-12-04-11.36.46.715426 R65-M1-NC-I:J18-U01 RAS APP FATAL ciod: Error reading message prefix on CioStream socket to 172.16.96.116:49534, Link has been severed
APPSEV 1133725006 2005.12.04 R60-M1-N4-I:J18-U11 2005-12-04-11.36.46.860757 R60-M1-N4-I:J18-U11 RAS APP FATAL ciod: Error reading message prefix on CioStream socket to 172.16.96.116:49451, Link has been severed
APPSEV 1133725007 2005.12.04 R60-M1-N4-I:J18-U01 2005-12-04-11.36.47.004089 R60-M1-N4-I:J18-U01 RAS APP FATAL ciod: Error reading message prefix on CioStream socket to 172.16.96.116:49450, Link has been severed
APPSEV 1133725007 2005.12.04 R61-M0-N8-I:J18-U11 2005-12-04-11.36.47.132483 R61-M0-N8-I:J18-U11 RAS APP FATAL ciod: Error reading message prefix on CioStream socket to 172.16.96.116:49468, Link has been severed
APPSEV 1133725007 2005.12.04 R61-M0-N8-I:J18-U01 2005-12-04-11.36.47.262921 R61-M0-N8-I:J18-U01 RAS APP FATAL ciod: Error reading message prefix on CioStream socket to 172.16.96.116:49466, Link has been severed
APPSEV 1133725007 2005.12.04 R65-M0-N0-I:J18-U11 2005-12-04-11.36.47.400672 R65-M0-N0-I:J18-U11 RAS APP FATAL ciod: Error reading message prefix on CioStream socket to 172.16.96.116:49527, Link has been severed
APPSEV 1133725007 2005.12.04 R65-M0-N0-I:J18-U01 2005-12-04-11.36.47.539280 R65-M0-N0-I:J18-U01 RAS APP FATAL ciod: Error reading message prefix on CioStream socket to 172.16.96.116:49526, Link has been severed
APPSEV 1133725007 2005.12.04 R60-M0-NC-I:J18-U11 2005-12-04-11.36.47.676282 R60-M0-NC-I:J18-U11 RAS APP FATAL ciod: Error reading message prefix on CioStream socket to 172.16.96.116:49449, Link has been severed
APPSEV 1133725007 2005.12.04 R60-M0-NC-I:J18-U01 2005-12-04-11.36.47.825066 R60-M0-NC-I:J18-U01 RAS APP FATAL ciod: Error reading message prefix on CioStream socket to 172.16.96.116:49448, Link has been severed
APPSEV 1133725007 2005.12.04 R60-M0-N0-I:J18-U11 2005-12-04-11.36.47.967534 R60-M0-N0-I:J18-U11 RAS APP FATAL ciod: Error reading message prefix on CioStream socket to 172.16.96.116:49447, Link has been severed
APPSEV 1133725008 2005.12.04 R60-M0-N0-I:J18-U01 2005-12-04-11.36.48.100043 R60-M0-N0-I:J18-U01 RAS APP FATAL ciod: Error reading message prefix on CioStream socket to 172.16.96.116:49446, Link has been severed
APPSEV 1133725008 2005.12.04 R61-M0-N0-I:J18-U11 2005-12-04-11.36.48.232058 R61-M0-N0-I:J18-U11 RAS APP FATAL ciod: Error reading message prefix on CioStream socket to 172.16.96.116:49480, Link has been severed
APPSEV 1133725008 2005.12.04 R61-M0-N0-I:J18-U01 2005-12-04-11.36.48.369341 R61-M0-N0-I:J18-U01 RAS APP FATAL ciod: Error reading message prefix on CioStream socket to 172.16.96.116:49478, Link has been severed
APPSEV 1133725008 2005.12.04 R61-M1-NC-I:J18-U11 2005-12-04-11.36.48.511672 R61-M1-NC-I:J18-U11 RAS APP FATAL ciod: Error reading message prefix on CioStream socket to 172.16.96.116:49492, Link has been severed
APPSEV 1133725008 2005.12.04 R61-M1-NC-I:J18-U01 2005-12-04-11.36.48.650541 R61-M1-NC-I:J18-U01 RAS APP FATAL ciod: Error reading message prefix on CioStream socket to 172.16.96.116:49490, Link has been severed
APPSEV 1133725008 2005.12.04 R61-M1-N4-I:J18-U11 2005-12-04-11.36.48.793068 R61-M1-N4-I:J18-U11 RAS APP FATAL ciod: Error reading message prefix on CioStream socket to 172.16.96.116:49484, Link has been severed
APPSEV 1133725008 2005.12.04 R61-M1-N4-I:J18-U01 2005-12-04-11.36.48.931615 R61-M1-N4-I:J18-U01 RAS APP FATAL ciod: Error reading message prefix on CioStream socket to 172.16.96.116:49482, Link has been severed
APPSEV 1133725009 2005.12.04 R61-M0-NC-I:J18-U11 2005-12-04-11.36.49.064373 R61-M0-NC-I:J18-U11 RAS APP FATAL ciod: Error reading message prefix on CioStream socket to 172.16.96.116:49476, Link has been severed
APPSEV 1133725009 2005.12.04 R61-M0-NC-I:J18-U01 2005-12-04-11.36.49.195509 R61-M0-NC-I:J18-U01 RAS APP FATAL ciod: Error reading message prefix on CioStream socket to 172.16.96.116:49474, Link has been severed
APPSEV 1133725009 2005.12.04 R61-M1-N8-I:J18-U11 2005-12-04-11.36.49.323635 R61-M1-N8-I:J18-U11 RAS APP FATAL ciod: Error reading message prefix on CioStream socket to 172.16.96.116:49488, Link has been severed
APPSEV 1133725009 2005.12.04 R61-M1-N8-I:J18-U01 2005-12-04-11.36.49.451725 R61-M1-N8-I:J18-U01 RAS APP FATAL ciod: Error reading message prefix on CioStream socket to 172.16.96.116:49486, Link has been severed
APPSEV 1133725009 2005.12.04 R61-M1-N0-I:J18-U11 2005-12-04-11.36.49.592839 R61-M1-N0-I:J18-U11 RAS APP FATAL ciod: Error reading message prefix on CioStream socket to 172.16.96.116:49497, Link has been severed
APPSEV 1133725009 2005.12.04 R61-M1-N0-I:J18-U01 2005-12-04-11.36.49.715312 R61-M1-N0-I:J18-U01 RAS APP FATAL ciod: Error reading message prefix on CioStream socket to 172.16.96.116:49494, Link has been severed
APPSEV 1133725009 2005.12.04 R61-M0-N4-I:J18-U11 2005-12-04-11.36.49.843565 R61-M0-N4-I:J18-U11 RAS APP FATAL ciod: Error reading message prefix on CioStream socket to 172.16.96.116:49472, Link has been severed
APPSEV 1133725009 2005.12.04 R61-M0-N4-I:J18-U01 2005-12-04-11.36.49.966624 R61-M0-N4-I:J18-U01 RAS APP FATAL ciod: Error reading message prefix on CioStream socket to 172.16.96.116:49470, Link has been severed
APPSEV 1133725010 2005.12.04 R60-M0-N8-I:J18-U11 2005-12-04-11.36.50.108140 R60-M0-N8-I:J18-U11 RAS APP FATAL ciod: Error reading message prefix on CioStream socket to 172.16.96.116:49445, Link has been severed
APPSEV 1133725010 2005.12.04 R60-M0-N8-I:J18-U01 2005-12-04-11.36.50.245288 R60-M0-N8-I:J18-U01 RAS APP FATAL ciod: Error reading message prefix on CioStream socket to 172.16.96.116:49444, Link has been severed
APPSEV 1133725010 2005.12.04 R60-M0-N4-I:J18-U11 2005-12-04-11.36.50.347021 R60-M0-N4-I:J18-U11 RAS APP FATAL ciod: Error reading message prefix on CioStream socket to 172.16.96.116:49443, Link has been severed
APPSEV 1133725010 2005.12.04 R60-M0-N4-I:J18-U01 2005-12-04-11.36.50.653616 R60-M0-N4-I:J18-U01 RAS APP FATAL ciod: Error reading message prefix on CioStream socket to 172.16.96.116:49441, Link has been severed
APPSEV 1133725027 2005.12.04 R62-M1-NC-I:J18-U11 2005-12-04-11.37.07.528053 R62-M1-NC-I:J18-U11 RAS APP FATAL ciod: Error reading message prefix on CioStream socket to 172.16.96.116:50233, Link has been severed
- 1133809218 2005.12.05 NULL 2005-12-05-11.00.18.847146 NULL RAS BGLMASTER INFO BGLMaster has been started: ./BGLMaster --consoleip 127.0.0.1 --consoleport 32035 --configfile bglmaster.init --autorestart y --db2profile /u/bgdb2cli/sqllib/db2profile --dbproperties db.properties
- 1133809219 2005.12.05 NULL 2005-12-05-11.00.19.665902 NULL RAS MMCS INFO idoproxydb has been started: $Name: V1R2M0_480_2005 $ Input parameters: -enableflush -loguserinfo db.properties BlueGene1
- 1133809219 2005.12.05 NULL 2005-12-05-11.00.19.787556 NULL RAS MMCS INFO ciodb has been restarted.
- 1133809219 2005.12.05 NULL 2005-12-05-11.00.19.885192 NULL RAS MMCS INFO mmcs_db_server has been started: ./mmcs_db_server --useDatabase BGL --dbproperties db.properties --iolog /bgl/BlueLight/logs/BGL --reconnect-blocks all --shutdown-timeout 120 --shutdown-timeout 240
- 1133815521 2005.12.05 R73-M1-NA-C:J07-U01 2005-12-05-12.45.21.101309 R73-M1-NA-C:J07-U01 RAS KERNEL INFO 1 tree receiver 2 in re-synch state event(s) (dcr 0x019a) detected over 420 seconds
- 1133815523 2005.12.05 R74-M0-N1-C:J05-U01 2005-12-05-12.45.23.810061 R74-M0-N1-C:J05-U01 RAS KERNEL INFO 14 ddr error(s) detected and corrected on rank 0, symbol 30 over 422 seconds
- 1133815523 2005.12.05 R74-M0-N1-C:J05-U01 2005-12-05-12.45.23.868536 R74-M0-N1-C:J05-U01 RAS KERNEL INFO CE sym 30, at 0x042358a0, mask 0x20
- 1133815523 2005.12.05 R74-M0-N1-C:J05-U01 2005-12-05-12.45.23.891098 R74-M0-N1-C:J05-U01 RAS KERNEL INFO CE sym 30, at 0x042358a0, mask 0x20
- 1133815523 2005.12.05 R74-M0-N1-C:J05-U01 2005-12-05-12.45.23.914624 R74-M0-N1-C:J05-U01 RAS KERNEL INFO CE sym 30, at 0x042358a0, mask 0x20
- 1133815523 2005.12.05 R74-M0-N1-C:J05-U01 2005-12-05-12.45.23.926688 R74-M0-N1-C:J05-U01 RAS KERNEL INFO CE sym 30, at 0x042358a0, mask 0x20
- 1133815523 2005.12.05 R74-M0-N1-C:J05-U01 2005-12-05-12.45.23.944129 R74-M0-N1-C:J05-U01 RAS KERNEL INFO CE sym 30, at 0x042358a0, mask 0x20
- 1133815523 2005.12.05 R74-M0-N1-C:J05-U01 2005-12-05-12.45.23.956114 R74-M0-N1-C:J05-U01 RAS KERNEL INFO CE sym 30, at 0x042358a0, mask 0x20
- 1133815523 2005.12.05 R74-M0-N1-C:J05-U01 2005-12-05-12.45.23.968783 R74-M0-N1-C:J05-U01 RAS KERNEL INFO CE sym 30, at 0x042358a0, mask 0x20
- 1133815523 2005.12.05 R74-M0-N1-C:J05-U01 2005-12-05-12.45.23.980138 R74-M0-N1-C:J05-U01 RAS KERNEL INFO CE sym 30, at 0x042358a0, mask 0x20
- 1133815523 2005.12.05 R74-M0-N1-C:J05-U01 2005-12-05-12.45.23.998081 R74-M0-N1-C:J05-U01 RAS KERNEL INFO CE sym 30, at 0x042358a0, mask 0x20
- 1133815524 2005.12.05 R74-M0-N1-C:J05-U01 2005-12-05-12.45.24.010635 R74-M0-N1-C:J05-U01 RAS KERNEL INFO CE sym 30, at 0x042358a0, mask 0x20
- 1133815524 2005.12.05 R74-M0-N1-C:J05-U01 2005-12-05-12.45.24.021970 R74-M0-N1-C:J05-U01 RAS KERNEL INFO CE sym 30, at 0x042358a0, mask 0x20
- 1133815524 2005.12.05 R74-M0-N1-C:J05-U01 2005-12-05-12.45.24.034099 R74-M0-N1-C:J05-U01 RAS KERNEL INFO CE sym 30, at 0x042358a0, mask 0x20
- 1133815524 2005.12.05 R74-M0-N1-C:J05-U01 2005-12-05-12.45.24.045954 R74-M0-N1-C:J05-U01 RAS KERNEL INFO CE sym 30, at 0x042358a0, mask 0x20
- 1133815524 2005.12.05 R74-M0-N1-C:J05-U01 2005-12-05-12.45.24.061437 R74-M0-N1-C:J05-U01 RAS KERNEL INFO CE sym 30, at 0x042358a0, mask 0x20
- 1133815524 2005.12.05 R74-M0-N1-C:J05-U01 2005-12-05-12.45.24.076798 R74-M0-N1-C:J05-U01 RAS KERNEL INFO total of 14 ddr error(s) detected and corrected over 422 seconds
- 1133815527 2005.12.05 R71-M1-N6-C:J16-U11 2005-12-05-12.45.27.169663 R71-M1-N6-C:J16-U11 RAS KERNEL INFO 30 ddr error(s) detected and corrected on rank 0, symbol 9 over 426 seconds
- 1133815527 2005.12.05 R71-M1-N6-C:J16-U11 2005-12-05-12.45.27.262323 R71-M1-N6-C:J16-U11 RAS KERNEL INFO CE sym 9, at 0x07c3f5e0, mask 0x04
- 1133815527 2005.12.05 R71-M1-N6-C:J16-U11 2005-12-05-12.45.27.277383 R71-M1-N6-C:J16-U11 RAS KERNEL INFO CE sym 9, at 0x07c3f5e0, mask 0x04
- 1133815527 2005.12.05 R71-M1-N6-C:J16-U11 2005-12-05-12.45.27.291777 R71-M1-N6-C:J16-U11 RAS KERNEL INFO CE sym 9, at 0x07c3f5e0, mask 0x04
- 1133815527 2005.12.05 R71-M1-N6-C:J16-U11 2005-12-05-12.45.27.313463 R71-M1-N6-C:J16-U11 RAS KERNEL INFO CE sym 9, at 0x07c3f5e0, mask 0x04
- 1133815527 2005.12.05 R71-M1-N6-C:J16-U11 2005-12-05-12.45.27.327448 R71-M1-N6-C:J16-U11 RAS KERNEL INFO CE sym 9, at 0x07c3f5e0, mask 0x04
- 1133815527 2005.12.05 R71-M1-N6-C:J16-U11 2005-12-05-12.45.27.355619 R71-M1-N6-C:J16-U11 RAS KERNEL INFO CE sym 9, at 0x07c3f5e0, mask 0x04
- 1133815527 2005.12.05 R71-M1-N6-C:J16-U11 2005-12-05-12.45.27.376264 R71-M1-N6-C:J16-U11 RAS KERNEL INFO CE sym 9, at 0x07c3f5e0, mask 0x04
- 1133815527 2005.12.05 R71-M1-N6-C:J16-U11 2005-12-05-12.45.27.391807 R71-M1-N6-C:J16-U11 RAS KERNEL INFO CE sym 9, at 0x07c3f5e0, mask 0x04
- 1133815527 2005.12.05 R71-M1-N6-C:J16-U11 2005-12-05-12.45.27.408051 R71-M1-N6-C:J16-U11 RAS KERNEL INFO CE sym 9, at 0x07c3f5e0, mask 0x04
- 1133815527 2005.12.05 R71-M1-N6-C:J16-U11 2005-12-05-12.45.27.425807 R71-M1-N6-C:J16-U11 RAS KERNEL INFO CE sym 9, at 0x07c3f5e0, mask 0x04
- 1133815527 2005.12.05 R71-M1-N6-C:J16-U11 2005-12-05-12.45.27.441477 R71-M1-N6-C:J16-U11 RAS KERNEL INFO CE sym 9, at 0x07c3f5e0, mask 0x04
- 1133815527 2005.12.05 R71-M1-N6-C:J16-U11 2005-12-05-12.45.27.456645 R71-M1-N6-C:J16-U11 RAS KERNEL INFO CE sym 9, at 0x07c3f5e0, mask 0x04
- 1133815527 2005.12.05 R71-M1-N6-C:J16-U11 2005-12-05-12.45.27.471341 R71-M1-N6-C:J16-U11 RAS KERNEL INFO CE sym 9, at 0x07c3f5e0, mask 0x04
- 1133815527 2005.12.05 R71-M1-N6-C:J16-U11 2005-12-05-12.45.27.487540 R71-M1-N6-C:J16-U11 RAS KERNEL INFO CE sym 9, at 0x07c3f5e0, mask 0x04
- 1133815527 2005.12.05 R71-M1-N6-C:J16-U11 2005-12-05-12.45.27.501655 R71-M1-N6-C:J16-U11 RAS KERNEL INFO CE sym 9, at 0x07c3f5e0, mask 0x04
- 1133815527 2005.12.05 R71-M1-N6-C:J16-U11 2005-12-05-12.45.27.517857 R71-M1-N6-C:J16-U11 RAS KERNEL INFO CE sym 9, at 0x07c3f5e0, mask 0x04
- 1133815527 2005.12.05 R71-M1-N6-C:J16-U11 2005-12-05-12.45.27.531449 R71-M1-N6-C:J16-U11 RAS KERNEL INFO CE sym 9, at 0x07c3f5e0, mask 0x04
- 1133815527 2005.12.05 R71-M1-N6-C:J16-U11 2005-12-05-12.45.27.547390 R71-M1-N6-C:J16-U11 RAS KERNEL INFO CE sym 9, at 0x07c3f5e0, mask 0x04
- 1133815527 2005.12.05 R71-M1-N6-C:J16-U11 2005-12-05-12.45.27.561705 R71-M1-N6-C:J16-U11 RAS KERNEL INFO CE sym 9, at 0x07c3f5e0, mask 0x04
- 1133815527 2005.12.05 R71-M1-N6-C:J16-U11 2005-12-05-12.45.27.577233 R71-M1-N6-C:J16-U11 RAS KERNEL INFO CE sym 9, at 0x07c3f5e0, mask 0x04
- 1133815527 2005.12.05 R71-M1-N6-C:J16-U11 2005-12-05-12.45.27.597926 R71-M1-N6-C:J16-U11 RAS KERNEL INFO CE sym 9, at 0x07c3f5e0, mask 0x04
- 1133815527 2005.12.05 R71-M1-N6-C:J16-U11 2005-12-05-12.45.27.624497 R71-M1-N6-C:J16-U11 RAS KERNEL INFO CE sym 9, at 0x07c3f5e0, mask 0x04
- 1133815527 2005.12.05 R71-M1-N6-C:J16-U11 2005-12-05-12.45.27.638550 R71-M1-N6-C:J16-U11 RAS KERNEL INFO CE sym 9, at 0x07c3f5e0, mask 0x04
- 1133815527 2005.12.05 R71-M1-N6-C:J16-U11 2005-12-05-12.45.27.660275 R71-M1-N6-C:J16-U11 RAS KERNEL INFO CE sym 9, at 0x07c3f5e0, mask 0x04
- 1133815527 2005.12.05 R71-M1-N6-C:J16-U11 2005-12-05-12.45.27.672447 R71-M1-N6-C:J16-U11 RAS KERNEL INFO CE sym 9, at 0x07c3f5e0, mask 0x04
- 1133815527 2005.12.05 R71-M1-N6-C:J16-U11 2005-12-05-12.45.27.688751 R71-M1-N6-C:J16-U11 RAS KERNEL INFO CE sym 9, at 0x07c3f5e0, mask 0x04
- 1133815527 2005.12.05 R71-M1-N6-C:J16-U11 2005-12-05-12.45.27.704608 R71-M1-N6-C:J16-U11 RAS KERNEL INFO CE sym 9, at 0x07c3f5e0, mask 0x04
- 1133815527 2005.12.05 R71-M1-N6-C:J16-U11 2005-12-05-12.45.27.726593 R71-M1-N6-C:J16-U11 RAS KERNEL INFO CE sym 9, at 0x07c3f5e0, mask 0x04
- 1133815527 2005.12.05 R71-M1-N6-C:J16-U11 2005-12-05-12.45.27.744439 R71-M1-N6-C:J16-U11 RAS KERNEL INFO CE sym 9, at 0x07c3f5e0, mask 0x04
- 1133815527 2005.12.05 R71-M1-N6-C:J16-U11 2005-12-05-12.45.27.756756 R71-M1-N6-C:J16-U11 RAS KERNEL INFO CE sym 9, at 0x07c3f5e0, mask 0x04
- 1133815527 2005.12.05 R71-M1-N6-C:J16-U11 2005-12-05-12.45.27.768676 R71-M1-N6-C:J16-U11 RAS KERNEL INFO total of 30 ddr error(s) detected and corrected over 426 seconds
- 1133815528 2005.12.05 R74-M1-NB-C:J02-U11 2005-12-05-12.45.28.405777 R74-M1-NB-C:J02-U11 RAS KERNEL INFO 35 ddr error(s) detected and corrected on rank 0, symbol 1 over 427 seconds
- 1133815528 2005.12.05 R74-M1-NB-C:J02-U11 2005-12-05-12.45.28.577756 R74-M1-NB-C:J02-U11 RAS KERNEL INFO CE sym 1, at 0x01d7eaa0, mask 0x02
- 1133815528 2005.12.05 R74-M1-NB-C:J02-U11 2005-12-05-12.45.28.593966 R74-M1-NB-C:J02-U11 RAS KERNEL INFO CE sym 1, at 0x01d7eaa0, mask 0x02
- 1133815528 2005.12.05 R74-M1-NB-C:J02-U11 2005-12-05-12.45.28.606849 R74-M1-NB-C:J02-U11 RAS KERNEL INFO CE sym 1, at 0x01d7eaa0, mask 0x02
- 1133815528 2005.12.05 R74-M1-NB-C:J02-U11 2005-12-05-12.45.28.632332 R74-M1-NB-C:J02-U11 RAS KERNEL INFO CE sym 1, at 0x01d7eaa0, mask 0x02
- 1133815528 2005.12.05 R74-M1-NB-C:J02-U11 2005-12-05-12.45.28.673202 R74-M1-NB-C:J02-U11 RAS KERNEL INFO CE sym 1, at 0x01d7eaa0, mask 0x02
- 1133815528 2005.12.05 R74-M1-NB-C:J02-U11 2005-12-05-12.45.28.696557 R74-M1-NB-C:J02-U11 RAS KERNEL INFO CE sym 1, at 0x01d7eaa0, mask 0x02
- 1133815528 2005.12.05 R74-M1-NB-C:J02-U11 2005-12-05-12.45.28.709077 R74-M1-NB-C:J02-U11 RAS KERNEL INFO CE sym 1, at 0x01d7eaa0, mask 0x02
- 1133815528 2005.12.05 R74-M1-NB-C:J02-U11 2005-12-05-12.45.28.721832 R74-M1-NB-C:J02-U11 RAS KERNEL INFO CE sym 1, at 0x01d7eaa0, mask 0x02
- 1133815528 2005.12.05 R74-M1-NB-C:J02-U11 2005-12-05-12.45.28.737071 R74-M1-NB-C:J02-U11 RAS KERNEL INFO CE sym 1, at 0x01d7eaa0, mask 0x02
- 1133815528 2005.12.05 R74-M1-NB-C:J02-U11 2005-12-05-12.45.28.750359 R74-M1-NB-C:J02-U11 RAS KERNEL INFO CE sym 1, at 0x01d7eaa0, mask 0x02
- 1133815528 2005.12.05 R74-M1-NB-C:J02-U11 2005-12-05-12.45.28.762155 R74-M1-NB-C:J02-U11 RAS KERNEL INFO CE sym 1, at 0x01d7eaa0, mask 0x02
- 1133815528 2005.12.05 R74-M1-NB-C:J02-U11 2005-12-05-12.45.28.780525 R74-M1-NB-C:J02-U11 RAS KERNEL INFO CE sym 1, at 0x01d7eaa0, mask 0x02
- 1133815528 2005.12.05 R74-M1-NB-C:J02-U11 2005-12-05-12.45.28.804363 R74-M1-NB-C:J02-U11 RAS KERNEL INFO CE sym 1, at 0x01d7eaa0, mask 0x02
- 1133815528 2005.12.05 R74-M1-NB-C:J02-U11 2005-12-05-12.45.28.816710 R74-M1-NB-C:J02-U11 RAS KERNEL INFO CE sym 1, at 0x01d7eaa0, mask 0x02
- 1133815528 2005.12.05 R74-M1-NB-C:J02-U11 2005-12-05-12.45.28.828569 R74-M1-NB-C:J02-U11 RAS KERNEL INFO CE sym 1, at 0x01d7eaa0, mask 0x02
- 1133815528 2005.12.05 R74-M1-NB-C:J02-U11 2005-12-05-12.45.28.840598 R74-M1-NB-C:J02-U11 RAS KERNEL INFO CE sym 1, at 0x01d7eaa0, mask 0x02
- 1133815528 2005.12.05 R74-M1-NB-C:J02-U11 2005-12-05-12.45.28.852163 R74-M1-NB-C:J02-U11 RAS KERNEL INFO CE sym 1, at 0x01d7eaa0, mask 0x02
- 1133815528 2005.12.05 R74-M1-NB-C:J02-U11 2005-12-05-12.45.28.865161 R74-M1-NB-C:J02-U11 RAS KERNEL INFO CE sym 1, at 0x01d7eaa0, mask 0x02
- 1133815528 2005.12.05 R74-M1-NB-C:J02-U11 2005-12-05-12.45.28.882777 R74-M1-NB-C:J02-U11 RAS KERNEL INFO CE sym 1, at 0x01d7eaa0, mask 0x02
- 1133815528 2005.12.05 R74-M1-NB-C:J02-U11 2005-12-05-12.45.28.895572 R74-M1-NB-C:J02-U11 RAS KERNEL INFO CE sym 1, at 0x01d7eaa0, mask 0x02
- 1133815528 2005.12.05 R74-M1-NB-C:J02-U11 2005-12-05-12.45.28.916997 R74-M1-NB-C:J02-U11 RAS KERNEL INFO CE sym 1, at 0x01d7eaa0, mask 0x02
- 1133815528 2005.12.05 R74-M1-NB-C:J02-U11 2005-12-05-12.45.28.930870 R74-M1-NB-C:J02-U11 RAS KERNEL INFO CE sym 1, at 0x01d7eaa0, mask 0x02
- 1133815528 2005.12.05 R74-M1-NB-C:J02-U11 2005-12-05-12.45.28.942653 R74-M1-NB-C:J02-U11 RAS KERNEL INFO CE sym 1, at 0x01d7eaa0, mask 0x02
- 1133815528 2005.12.05 R74-M1-NB-C:J02-U11 2005-12-05-12.45.28.954263 R74-M1-NB-C:J02-U11 RAS KERNEL INFO CE sym 1, at 0x01d7eaa0, mask 0x02
- 1133815528 2005.12.05 R74-M1-NB-C:J02-U11 2005-12-05-12.45.28.965993 R74-M1-NB-C:J02-U11 RAS KERNEL INFO CE sym 1, at 0x01d7eaa0, mask 0x02
- 1133815528 2005.12.05 R74-M1-NB-C:J02-U11 2005-12-05-12.45.28.978181 R74-M1-NB-C:J02-U11 RAS KERNEL INFO CE sym 1, at 0x01d7eaa0, mask 0x02
- 1133815528 2005.12.05 R74-M1-NB-C:J02-U11 2005-12-05-12.45.28.996460 R74-M1-NB-C:J02-U11 RAS KERNEL INFO CE sym 1, at 0x01d7eaa0, mask 0x02
- 1133815529 2005.12.05 R74-M1-NB-C:J02-U11 2005-12-05-12.45.29.008760 R74-M1-NB-C:J02-U11 RAS KERNEL INFO CE sym 1, at 0x01d7eaa0, mask 0x02
- 1133815529 2005.12.05 R74-M1-NB-C:J02-U11 2005-12-05-12.45.29.021013 R74-M1-NB-C:J02-U11 RAS KERNEL INFO CE sym 1, at 0x01d7eaa0, mask 0x02
- 1133815529 2005.12.05 R74-M1-NB-C:J02-U11 2005-12-05-12.45.29.032322 R74-M1-NB-C:J02-U11 RAS KERNEL INFO CE sym 1, at 0x01d7eaa0, mask 0x02
- 1133815529 2005.12.05 R74-M1-NB-C:J02-U11 2005-12-05-12.45.29.044354 R74-M1-NB-C:J02-U11 RAS KERNEL INFO CE sym 1, at 0x01d7eaa0, mask 0x02
- 1133815529 2005.12.05 R74-M1-NB-C:J02-U11 2005-12-05-12.45.29.068579 R74-M1-NB-C:J02-U11 RAS KERNEL INFO CE sym 1, at 0x01d7eaa0, mask 0x02
- 1133815529 2005.12.05 R74-M1-NB-C:J02-U11 2005-12-05-12.45.29.082644 R74-M1-NB-C:J02-U11 RAS KERNEL INFO total of 35 ddr error(s) detected and corrected over 427 seconds
- 1133815683 2005.12.05 R40-M0-NB-C:J03-U11 2005-12-05-12.48.03.504162 R40-M0-NB-C:J03-U11 RAS KERNEL INFO 5 ddr error(s) detected and corrected on rank 0, symbol 0 over 420 seconds
- 1133815683 2005.12.05 R40-M0-NB-C:J03-U11 2005-12-05-12.48.03.542750 R40-M0-NB-C:J03-U11 RAS KERNEL INFO CE sym 0, at 0x05fbb6e0, mask 0x80
- 1133815683 2005.12.05 R40-M0-NB-C:J03-U11 2005-12-05-12.48.03.554655 R40-M0-NB-C:J03-U11 RAS KERNEL INFO CE sym 0, at 0x05fbb6e0, mask 0x80
- 1133815683 2005.12.05 R40-M0-NB-C:J03-U11 2005-12-05-12.48.03.578927 R40-M0-NB-C:J03-U11 RAS KERNEL INFO CE sym 0, at 0x05fbb6e0, mask 0x80
- 1133815683 2005.12.05 R40-M0-NB-C:J03-U11 2005-12-05-12.48.03.590444 R40-M0-NB-C:J03-U11 RAS KERNEL INFO CE sym 0, at 0x05fbb6e0, mask 0x80
- 1133815683 2005.12.05 R40-M0-NB-C:J03-U11 2005-12-05-12.48.03.602594 R40-M0-NB-C:J03-U11 RAS KERNEL INFO CE sym 0, at 0x05fbb6e0, mask 0x80
- 1133815683 2005.12.05 R40-M0-NB-C:J03-U11 2005-12-05-12.48.03.614509 R40-M0-NB-C:J03-U11 RAS KERNEL INFO total of 5 ddr error(s) detected and corrected over 420 seconds
- 1133815688 2005.12.05 R62-M0-NA-C:J07-U01 2005-12-05-12.48.08.605597 R62-M0-NA-C:J07-U01 RAS KERNEL INFO 1 ddr error(s) detected and corrected on rank 0, symbol 30 over 425 seconds
- 1133815688 2005.12.05 R62-M0-NA-C:J07-U01 2005-12-05-12.48.08.652245 R62-M0-NA-C:J07-U01 RAS KERNEL INFO CE sym 30, at 0x04599b80, mask 0x08
- 1133815688 2005.12.05 R62-M0-NA-C:J07-U01 2005-12-05-12.48.08.664287 R62-M0-NA-C:J07-U01 RAS KERNEL INFO total of 1 ddr error(s) detected and corrected over 425 seconds
- 1133815688 2005.12.05 R62-M0-N9-C:J04-U01 2005-12-05-12.48.08.690859 R62-M0-N9-C:J04-U01 RAS KERNEL INFO 27 ddr error(s) detected and corrected on rank 0, symbol 12 over 425 seconds
- 1133815688 2005.12.05 R62-M0-N9-C:J04-U01 2005-12-05-12.48.08.706547 R62-M0-N9-C:J04-U01 RAS KERNEL INFO CE sym 12, at 0x0353d340, mask 0x04
- 1133815688 2005.12.05 R62-M0-N9-C:J04-U01 2005-12-05-12.48.08.722142 R62-M0-N9-C:J04-U01 RAS KERNEL INFO CE sym 12, at 0x0353d340, mask 0x04
- 1133815688 2005.12.05 R62-M0-N9-C:J04-U01 2005-12-05-12.48.08.746882 R62-M0-N9-C:J04-U01 RAS KERNEL INFO CE sym 12, at 0x0353d340, mask 0x04
- 1133815688 2005.12.05 R62-M0-N9-C:J04-U01 2005-12-05-12.48.08.758949 R62-M0-N9-C:J04-U01 RAS KERNEL INFO CE sym 12, at 0x0353d340, mask 0x04
- 1133815688 2005.12.05 R62-M0-N9-C:J04-U01 2005-12-05-12.48.08.771181 R62-M0-N9-C:J04-U01 RAS KERNEL INFO CE sym 12, at 0x0353d340, mask 0x04
- 1133815688 2005.12.05 R62-M0-N9-C:J04-U01 2005-12-05-12.48.08.782686 R62-M0-N9-C:J04-U01 RAS KERNEL INFO CE sym 12, at 0x0353d340, mask 0x04
- 1133815688 2005.12.05 R62-M0-N9-C:J04-U01 2005-12-05-12.48.08.794863 R62-M0-N9-C:J04-U01 RAS KERNEL INFO CE sym 12, at 0x0353d340, mask 0x04
- 1133815688 2005.12.05 R62-M0-N9-C:J04-U01 2005-12-05-12.48.08.813130 R62-M0-N9-C:J04-U01 RAS KERNEL INFO CE sym 12, at 0x0353d340, mask 0x04
- 1133815688 2005.12.05 R62-M0-N9-C:J04-U01 2005-12-05-12.48.08.825872 R62-M0-N9-C:J04-U01 RAS KERNEL INFO CE sym 12, at 0x0353d340, mask 0x04
- 1133815688 2005.12.05 R62-M0-N9-C:J04-U01 2005-12-05-12.48.08.849116 R62-M0-N9-C:J04-U01 RAS KERNEL INFO CE sym 12, at 0x0353d340, mask 0x04
- 1133815688 2005.12.05 R62-M0-N9-C:J04-U01 2005-12-05-12.48.08.861931 R62-M0-N9-C:J04-U01 RAS KERNEL INFO CE sym 12, at 0x0353d340, mask 0x04
- 1133815688 2005.12.05 R62-M0-N9-C:J04-U01 2005-12-05-12.48.08.872769 R62-M0-N9-C:J04-U01 RAS KERNEL INFO CE sym 12, at 0x0353d340, mask 0x04
- 1133815688 2005.12.05 R62-M0-N9-C:J04-U01 2005-12-05-12.48.08.885243 R62-M0-N9-C:J04-U01 RAS KERNEL INFO CE sym 12, at 0x0353d340, mask 0x04
- 1133815688 2005.12.05 R62-M0-N9-C:J04-U01 2005-12-05-12.48.08.896821 R62-M0-N9-C:J04-U01 RAS KERNEL INFO CE sym 12, at 0x0353d340, mask 0x04
- 1133815688 2005.12.05 R62-M0-N9-C:J04-U01 2005-12-05-12.48.08.909034 R62-M0-N9-C:J04-U01 RAS KERNEL INFO CE sym 12, at 0x0353d340, mask 0x04
- 1133815688 2005.12.05 R62-M0-N9-C:J04-U01 2005-12-05-12.48.08.922247 R62-M0-N9-C:J04-U01 RAS KERNEL INFO CE sym 12, at 0x0353d340, mask 0x04
- 1133815688 2005.12.05 R62-M0-N9-C:J04-U01 2005-12-05-12.48.08.938700 R62-M0-N9-C:J04-U01 RAS KERNEL INFO CE sym 12, at 0x0353d340, mask 0x04
- 1133815688 2005.12.05 R62-M0-N9-C:J04-U01 2005-12-05-12.48.08.957582 R62-M0-N9-C:J04-U01 RAS KERNEL INFO CE sym 12, at 0x0353d340, mask 0x04
- 1133815688 2005.12.05 R62-M0-N9-C:J04-U01 2005-12-05-12.48.08.968631 R62-M0-N9-C:J04-U01 RAS KERNEL INFO CE sym 12, at 0x0353d340, mask 0x04
- 1133815688 2005.12.05 R62-M0-N9-C:J04-U01 2005-12-05-12.48.08.980773 R62-M0-N9-C:J04-U01 RAS KERNEL INFO CE sym 12, at 0x0353d340, mask 0x04
- 1133815689 2005.12.05 R62-M0-N9-C:J04-U01 2005-12-05-12.48.09.006100 R62-M0-N9-C:J04-U01 RAS KERNEL INFO CE sym 12, at 0x0353d340, mask 0x04
- 1133815689 2005.12.05 R62-M0-N9-C:J04-U01 2005-12-05-12.48.09.021654 R62-M0-N9-C:J04-U01 RAS KERNEL INFO CE sym 12, at 0x0353d340, mask 0x04
- 1133815689 2005.12.05 R62-M0-N9-C:J04-U01 2005-12-05-12.48.09.034878 R62-M0-N9-C:J04-U01 RAS KERNEL INFO CE sym 12, at 0x0353d340, mask 0x04
- 1133815689 2005.12.05 R62-M0-N9-C:J04-U01 2005-12-05-12.48.09.046414 R62-M0-N9-C:J04-U01 RAS KERNEL INFO CE sym 12, at 0x0353d340, mask 0x04
- 1133815689 2005.12.05 R62-M0-N9-C:J04-U01 2005-12-05-12.48.09.058337 R62-M0-N9-C:J04-U01 RAS KERNEL INFO CE sym 12, at 0x0353d340, mask 0x04
- 1133815689 2005.12.05 R62-M0-N9-C:J04-U01 2005-12-05-12.48.09.070246 R62-M0-N9-C:J04-U01 RAS KERNEL INFO CE sym 12, at 0x0353d340, mask 0x04
- 1133815689 2005.12.05 R62-M0-N9-C:J04-U01 2005-12-05-12.48.09.082713 R62-M0-N9-C:J04-U01 RAS KERNEL INFO CE sym 12, at 0x0353d340, mask 0x04
- 1133815689 2005.12.05 R62-M0-N9-C:J04-U01 2005-12-05-12.48.09.100197 R62-M0-N9-C:J04-U01 RAS KERNEL INFO CE sym 12, at 0x0353d340, mask 0x04
- 1133815689 2005.12.05 R62-M0-N9-C:J04-U01 2005-12-05-12.48.09.126619 R62-M0-N9-C:J04-U01 RAS KERNEL INFO CE sym 12, at 0x0353d340, mask 0x04
- 1133815689 2005.12.05 R62-M0-N9-C:J04-U01 2005-12-05-12.48.09.142746 R62-M0-N9-C:J04-U01 RAS KERNEL INFO CE sym 12, at 0x0353d340, mask 0x04
- 1133815689 2005.12.05 R62-M0-N9-C:J04-U01 2005-12-05-12.48.09.155098 R62-M0-N9-C:J04-U01 RAS KERNEL INFO CE sym 12, at 0x0353d340, mask 0x04
- 1133815689 2005.12.05 R62-M0-N9-C:J04-U01 2005-12-05-12.48.09.165916 R62-M0-N9-C:J04-U01 RAS KERNEL INFO CE sym 12, at 0x0353d340, mask 0x04
- 1133815689 2005.12.05 R62-M0-N9-C:J04-U01 2005-12-05-12.48.09.177822 R62-M0-N9-C:J04-U01 RAS KERNEL INFO total of 27 ddr error(s) detected and corrected over 425 seconds
- 1133815690 2005.12.05 R60-M0-N7-C:J16-U11 2005-12-05-12.48.10.306924 R60-M0-N7-C:J16-U11 RAS KERNEL INFO 1 ddr error(s) detected and corrected on rank 0, symbol 13 over 420 seconds
- 1133815690 2005.12.05 R60-M0-N7-C:J16-U11 2005-12-05-12.48.10.357464 R60-M0-N7-C:J16-U11 RAS KERNEL INFO CE sym 13, at 0x05c9d940, mask 0x02
- 1133815690 2005.12.05 R60-M0-N7-C:J16-U11 2005-12-05-12.48.10.369136 R60-M0-N7-C:J16-U11 RAS KERNEL INFO total of 1 ddr error(s) detected and corrected over 420 seconds
- 1133815781 2005.12.05 R43-M1-N5-C:J03-U11 2005-12-05-12.49.41.828542 R43-M1-N5-C:J03-U11 RAS KERNEL INFO critical input interrupt (unit=0x0b bit=0x0a): warning for torus z+ wire, suppressing further interrupts of same type
- 1133816687 2005.12.05 R16-M1-N2-C:J16-U11 2005-12-05-13.04.47.745782 R16-M1-N2-C:J16-U11 RAS KERNEL INFO ddr: activating redundant bit steering for next allocation: rank=0 symbol=6
KERNSOCK 1133873392 2005.12.06 R70-M0-NC-I:J18-U11 2005-12-06-04.49.52.167877 R70-M0-NC-I:J18-U11 RAS KERNEL FATAL idoproxy communication failure: socket closed
KERNSOCK 1133873392 2005.12.06 R63-M0-NC-I:J18-U11 2005-12-06-04.49.52.168455 R63-M0-NC-I:J18-U11 RAS KERNEL FATAL idoproxy communication failure: socket closed
- 1133911785 2005.12.06 R73-M0-N7-C:J11-U01 2005-12-06-15.29.45.843352 R73-M0-N7-C:J11-U01 RAS KERNEL INFO 1 ddr error(s) detected and corrected on rank 0, symbol 6 over 1575 seconds
- 1133911785 2005.12.06 R73-M0-N7-C:J11-U01 2005-12-06-15.29.45.982889 R73-M0-N7-C:J11-U01 RAS KERNEL INFO total of 1 ddr error(s) detected and corrected over 1575 seconds
- 1133911786 2005.12.06 R25-M1-N3-C:J12-U11 2005-12-06-15.29.46.046651 R25-M1-N3-C:J12-U11 RAS KERNEL INFO 1 ddr error(s) detected and corrected on rank 0, symbol 33 over 1575 seconds
- 1133911786 2005.12.06 R25-M1-N3-C:J12-U11 2005-12-06-15.29.46.096385 R25-M1-N3-C:J12-U11 RAS KERNEL INFO total of 1 ddr error(s) detected and corrected over 1575 seconds
KERNSOCK 1133960072 2005.12.07 R00-M0-NC-I:J18-U11 2005-12-07-04.54.32.465384 R00-M0-NC-I:J18-U11 RAS KERNEL FATAL idoproxy communication failure: socket closed
- 1133972429 2005.12.07 R14-M0-ND-C:J02-U01 2005-12-07-08.20.29.675124 R14-M0-ND-C:J02-U01 RAS KERNEL INFO ddr: Suppressing further CE interrupts
- 1133972429 2005.12.07 R14-M0-ND-C:J02-U01 2005-12-07-08.20.29.809170 R14-M0-ND-C:J02-U01 RAS KERNEL INFO 8 ddr error(s) detected and corrected on rank 0, symbol 30 over 247 seconds
- 1133972429 2005.12.07 R14-M0-ND-C:J02-U01 2005-12-07-08.20.29.951606 R14-M0-ND-C:J02-U01 RAS KERNEL INFO total of 8 ddr error(s) detected and corrected over 247 seconds
- 1133972431 2005.12.07 R45-M0-NC-C:J15-U11 2005-12-07-08.20.31.154461 R45-M0-NC-C:J15-U11 RAS KERNEL INFO ddr: Suppressing further CE interrupts
- 1133972431 2005.12.07 R45-M0-NC-C:J15-U11 2005-12-07-08.20.31.272358 R45-M0-NC-C:J15-U11 RAS KERNEL INFO 8 ddr error(s) detected and corrected on rank 0, symbol 4 over 248 seconds
- 1133972431 2005.12.07 R45-M0-NC-C:J15-U11 2005-12-07-08.20.31.363662 R45-M0-NC-C:J15-U11 RAS KERNEL INFO total of 8 ddr error(s) detected and corrected over 248 seconds
- 1133972431 2005.12.07 R75-M0-N7-C:J16-U01 2005-12-07-08.20.31.475350 R75-M0-N7-C:J16-U01 RAS KERNEL INFO ddr: Suppressing further CE interrupts
- 1133972431 2005.12.07 R75-M0-N7-C:J16-U01 2005-12-07-08.20.31.554730 R75-M0-N7-C:J16-U01 RAS KERNEL INFO 8 ddr error(s) detected and corrected on rank 0, symbol 10 over 249 seconds
- 1133972431 2005.12.07 R75-M0-N7-C:J16-U01 2005-12-07-08.20.31.650835 R75-M0-N7-C:J16-U01 RAS KERNEL INFO total of 8 ddr error(s) detected and corrected over 249 seconds
- 1133972432 2005.12.07 R11-M1-N1-C:J02-U11 2005-12-07-08.20.32.569185 R11-M1-N1-C:J02-U11 RAS KERNEL INFO ddr: Suppressing further CE interrupts
- 1133972432 2005.12.07 R11-M1-N1-C:J02-U11 2005-12-07-08.20.32.655522 R11-M1-N1-C:J02-U11 RAS KERNEL INFO 8 ddr error(s) detected and corrected on rank 0, symbol 19 over 250 seconds
- 1133972432 2005.12.07 R11-M1-N1-C:J02-U11 2005-12-07-08.20.32.745632 R11-M1-N1-C:J02-U11 RAS KERNEL INFO total of 8 ddr error(s) detected and corrected over 250 seconds
- 1134017888 2005.12.07 R36-M1-NB-C:J11-U11 2005-12-07-20.58.08.722287 R36-M1-NB-C:J11-U11 RAS KERNEL INFO 5 ddr error(s) detected and corrected on rank 0, symbol 29 over 5345 seconds
- 1134017888 2005.12.07 R36-M1-NB-C:J11-U11 2005-12-07-20.58.08.885135 R36-M1-NB-C:J11-U11 RAS KERNEL INFO total of 5 ddr error(s) detected and corrected over 5345 seconds
- 1134017888 2005.12.07 R25-M0-N2-C:J11-U11 2005-12-07-20.58.08.996640 R25-M0-N2-C:J11-U11 RAS KERNEL INFO 2 ddr error(s) detected and corrected on rank 0, symbol 28 over 5345 seconds
- 1134017889 2005.12.07 R25-M0-N2-C:J11-U11 2005-12-07-20.58.09.094659 R25-M0-N2-C:J11-U11 RAS KERNEL INFO total of 2 ddr error(s) detected and corrected over 5345 seconds
- 1134017889 2005.12.07 R51-M0-N6-C:J17-U01 2005-12-07-20.58.09.212531 R51-M0-N6-C:J17-U01 RAS KERNEL INFO 1 ddr error(s) detected and corrected on rank 0, symbol 27 over 5345 seconds
- 1134017889 2005.12.07 R51-M0-N6-C:J17-U01 2005-12-07-20.58.09.304301 R51-M0-N6-C:J17-U01 RAS KERNEL INFO total of 1 ddr error(s) detected and corrected over 5345 seconds
- 1134017889 2005.12.07 R66-M0-NC-C:J17-U11 2005-12-07-20.58.09.426595 R66-M0-NC-C:J17-U11 RAS KERNEL INFO 1 ddr error(s) detected and corrected on rank 0, symbol 29 over 5345 seconds
- 1134017889 2005.12.07 R66-M0-NC-C:J17-U11 2005-12-07-20.58.09.513430 R66-M0-NC-C:J17-U11 RAS KERNEL INFO total of 1 ddr error(s) detected and corrected over 5345 seconds
- 1134017889 2005.12.07 R31-M1-NF-C:J15-U11 2005-12-07-20.58.09.626455 R31-M1-NF-C:J15-U11 RAS KERNEL INFO 2 ddr error(s) detected and corrected on rank 0, symbol 34 over 5345 seconds
- 1134017889 2005.12.07 R31-M1-NF-C:J15-U11 2005-12-07-20.58.09.717456 R31-M1-NF-C:J15-U11 RAS KERNEL INFO total of 2 ddr error(s) detected and corrected over 5345 seconds
- 1134017889 2005.12.07 R57-M1-N3-C:J13-U11 2005-12-07-20.58.09.828004 R57-M1-N3-C:J13-U11 RAS KERNEL INFO 9 ddr error(s) detected and corrected on rank 0, symbol 10 over 5345 seconds
- 1134017889 2005.12.07 R57-M1-N3-C:J13-U11 2005-12-07-20.58.09.925800 R57-M1-N3-C:J13-U11 RAS KERNEL INFO total of 9 ddr error(s) detected and corrected over 5345 seconds
- 1134017890 2005.12.07 R34-M1-NB-C:J17-U11 2005-12-07-20.58.10.036947 R34-M1-NB-C:J17-U11 RAS KERNEL INFO 1 ddr error(s) detected and corrected on rank 0, symbol 21 over 5345 seconds
- 1134017890 2005.12.07 R34-M1-NB-C:J17-U11 2005-12-07-20.58.10.141056 R34-M1-NB-C:J17-U11 RAS KERNEL INFO total of 1 ddr error(s) detected and corrected over 5345 seconds
- 1134017890 2005.12.07 R22-M0-N6-C:J11-U01 2005-12-07-20.58.10.260985 R22-M0-N6-C:J11-U01 RAS KERNEL INFO 1 ddr error(s) detected and corrected on rank 0, symbol 3 over 5345 seconds
- 1134017890 2005.12.07 R22-M0-N6-C:J11-U01 2005-12-07-20.58.10.350111 R22-M0-N6-C:J11-U01 RAS KERNEL INFO total of 1 ddr error(s) detected and corrected over 5345 seconds
- 1134017890 2005.12.07 R25-M1-N7-C:J13-U11 2005-12-07-20.58.10.462195 R25-M1-N7-C:J13-U11 RAS KERNEL INFO 18 ddr error(s) detected and corrected on rank 0, symbol 21 over 5345 seconds
- 1134017890 2005.12.07 R25-M1-N7-C:J13-U11 2005-12-07-20.58.10.553973 R25-M1-N7-C:J13-U11 RAS KERNEL INFO total of 18 ddr error(s) detected and corrected over 5345 seconds
- 1134017890 2005.12.07 R32-M0-N9-C:J11-U11 2005-12-07-20.58.10.669483 R32-M0-N9-C:J11-U11 RAS KERNEL INFO 4 ddr error(s) detected and corrected on rank 0, symbol 12 over 5345 seconds
- 1134017890 2005.12.07 R32-M0-N9-C:J11-U11 2005-12-07-20.58.10.757748 R32-M0-N9-C:J11-U11 RAS KERNEL INFO total of 4 ddr error(s) detected and corrected over 5345 seconds
- 1134017890 2005.12.07 R42-M0-NC-C:J13-U11 2005-12-07-20.58.10.881134 R42-M0-NC-C:J13-U11 RAS KERNEL INFO 41 L3 EDRAM error(s) (dcr 0x0157) detected and corrected over 5345 seconds
- 1134017890 2005.12.07 R60-M1-N7-C:J17-U01 2005-12-07-20.58.10.970864 R60-M1-N7-C:J17-U01 RAS KERNEL INFO 2 ddr error(s) detected and corrected on rank 0, symbol 11 over 5345 seconds
- 1134017891 2005.12.07 R60-M1-N7-C:J17-U01 2005-12-07-20.58.11.057253 R60-M1-N7-C:J17-U01 RAS KERNEL INFO total of 2 ddr error(s) detected and corrected over 5345 seconds
- 1134017891 2005.12.07 R61-M0-N3-C:J11-U01 2005-12-07-20.58.11.162407 R61-M0-N3-C:J11-U01 RAS KERNEL INFO 32 L3 EDRAM error(s) (dcr 0x0157) detected and corrected over 5345 seconds
- 1134017891 2005.12.07 R50-M0-N2-C:J13-U11 2005-12-07-20.58.11.278527 R50-M0-N2-C:J13-U11 RAS KERNEL INFO 3 ddr error(s) detected and corrected on rank 0, symbol 15 over 5345 seconds
- 1134017891 2005.12.07 R50-M0-N2-C:J13-U11 2005-12-07-20.58.11.367349 R50-M0-N2-C:J13-U11 RAS KERNEL INFO total of 3 ddr error(s) detected and corrected over 5345 seconds
- 1134017891 2005.12.07 R76-M1-NF-C:J15-U11 2005-12-07-20.58.11.472887 R76-M1-NF-C:J15-U11 RAS KERNEL INFO 15 L3 EDRAM error(s) (dcr 0x0157) detected and corrected over 5345 seconds
- 1134017891 2005.12.07 R57-M0-NE-C:J15-U01 2005-12-07-20.58.11.592334 R57-M0-NE-C:J15-U01 RAS KERNEL INFO 28 ddr error(s) detected and corrected on rank 0, symbol 9 over 5345 seconds
- 1134017891 2005.12.07 R57-M0-NE-C:J15-U01 2005-12-07-20.58.11.678649 R57-M0-NE-C:J15-U01 RAS KERNEL INFO total of 28 ddr error(s) detected and corrected over 5345 seconds
- 1134017891 2005.12.07 R03-M0-N9-C:J13-U11 2005-12-07-20.58.11.790234 R03-M0-N9-C:J13-U11 RAS KERNEL INFO 2 L3 EDRAM error(s) (dcr 0x0157) detected and corrected over 5345 seconds
- 1134017891 2005.12.07 R71-M0-NF-C:J15-U11 2005-12-07-20.58.11.897613 R71-M0-NF-C:J15-U11 RAS KERNEL INFO 9 ddr error(s) detected and corrected on rank 0, symbol 8 over 5345 seconds
- 1134017891 2005.12.07 R71-M0-NF-C:J15-U11 2005-12-07-20.58.11.995369 R71-M0-NF-C:J15-U11 RAS KERNEL INFO total of 9 ddr error(s) detected and corrected over 5345 seconds
- 1134017892 2005.12.07 R06-M1-N6-C:J15-U11 2005-12-07-20.58.12.112781 R06-M1-N6-C:J15-U11 RAS KERNEL INFO 1 torus sender y- retransmission error(s) (dcr 0x02f7) detected and corrected over 5345 seconds
- 1134017892 2005.12.07 R06-M1-N6-C:J15-U01 2005-12-07-20.58.12.281784 R06-M1-N6-C:J15-U01 RAS KERNEL INFO 4 torus receiver x+ input pipe error(s) (dcr 0x02ec) detected and corrected over 5345 seconds
- 1134017892 2005.12.07 R06-M1-N6-C:J15-U01 2005-12-07-20.58.12.432301 R06-M1-N6-C:J15-U01 RAS KERNEL INFO 1 torus receiver x- input pipe error(s) (dcr 0x02ed) detected and corrected over 5350 seconds
- 1134017892 2005.12.07 R06-M1-N6-C:J15-U01 2005-12-07-20.58.12.534002 R06-M1-N6-C:J15-U01 RAS KERNEL INFO 2 torus receiver y+ input pipe error(s) (dcr 0x02ee) detected and corrected over 5350 seconds
- 1134017892 2005.12.07 R06-M1-N6-C:J15-U01 2005-12-07-20.58.12.635874 R06-M1-N6-C:J15-U01 RAS KERNEL INFO 1 torus receiver z+ input pipe error(s) (dcr 0x02f0) detected and corrected over 5350 seconds
- 1134017892 2005.12.07 R06-M1-N6-C:J15-U01 2005-12-07-20.58.12.737465 R06-M1-N6-C:J15-U01 RAS KERNEL INFO 2 torus receiver z- input pipe error(s) (dcr 0x02f1) detected and corrected over 5350 seconds
- 1134017892 2005.12.07 R06-M1-N6-C:J15-U01 2005-12-07-20.58.12.839279 R06-M1-N6-C:J15-U01 RAS KERNEL INFO 1 torus sender y+ retransmission error(s) (dcr 0x02f6) detected and corrected over 5350 seconds
- 1134017892 2005.12.07 R06-M1-N6-C:J15-U01 2005-12-07-20.58.12.940900 R06-M1-N6-C:J15-U01 RAS KERNEL INFO 1 torus sender z- retransmission error(s) (dcr 0x02f9) detected and corrected over 5350 seconds
- 1134017893 2005.12.07 R06-M1-N6-C:J15-U01 2005-12-07-20.58.13.060348 R06-M1-N6-C:J15-U01 RAS KERNEL INFO 5 tree receiver 2 in re-synch state event(s) (dcr 0x019a) detected over 5350 seconds
- 1134017893 2005.12.07 R06-M1-N6-C:J17-U01 2005-12-07-20.58.13.171888 R06-M1-N6-C:J17-U01 RAS KERNEL INFO 1 torus sender z+ retransmission error(s) (dcr 0x02f8) detected and corrected over 5345 seconds
- 1134017893 2005.12.07 R40-M0-NA-C:J05-U01 2005-12-07-20.58.13.273293 R40-M0-NA-C:J05-U01 RAS KERNEL INFO 2 ddr error(s) detected and corrected on rank 0, symbol 21 over 5345 seconds
- 1134017893 2005.12.07 R40-M0-NA-C:J05-U01 2005-12-07-20.58.13.365809 R40-M0-NA-C:J05-U01 RAS KERNEL INFO total of 2 ddr error(s) detected and corrected over 5345 seconds
- 1134017893 2005.12.07 R64-M1-N9-C:J03-U11 2005-12-07-20.58.13.477575 R64-M1-N9-C:J03-U11 RAS KERNEL INFO 4 ddr error(s) detected and corrected on rank 0, symbol 30 over 5345 seconds
- 1134017893 2005.12.07 R64-M1-N9-C:J03-U11 2005-12-07-20.58.13.568946 R64-M1-N9-C:J03-U11 RAS KERNEL INFO total of 4 ddr error(s) detected and corrected over 5345 seconds
- 1134017893 2005.12.07 R22-M0-N9-C:J03-U01 2005-12-07-20.58.13.690632 R22-M0-N9-C:J03-U01 RAS KERNEL INFO 6 L3 EDRAM error(s) (dcr 0x0157) detected and corrected over 5345 seconds
- 1134017893 2005.12.07 R61-M1-N9-C:J07-U11 2005-12-07-20.58.13.812026 R61-M1-N9-C:J07-U11 RAS KERNEL INFO 1 ddr error(s) detected and corrected on rank 0, symbol 25 over 5345 seconds
- 1134017893 2005.12.07 R61-M1-N9-C:J07-U11 2005-12-07-20.58.13.940988 R61-M1-N9-C:J07-U11 RAS KERNEL INFO total of 1 ddr error(s) detected and corrected over 5345 seconds
- 1134017894 2005.12.07 R14-M1-NA-C:J07-U01 2005-12-07-20.58.14.057186 R14-M1-NA-C:J07-U01 RAS KERNEL INFO 18 ddr error(s) detected and corrected on rank 0, symbol 15 over 5345 seconds
- 1134017894 2005.12.07 R14-M1-NA-C:J07-U01 2005-12-07-20.58.14.155958 R14-M1-NA-C:J07-U01 RAS KERNEL INFO total of 18 ddr error(s) detected and corrected over 5345 seconds
- 1134017894 2005.12.07 R50-M1-NE-C:J10-U11 2005-12-07-20.58.14.272655 R50-M1-NE-C:J10-U11 RAS KERNEL INFO 1 L3 EDRAM error(s) (dcr 0x0157) detected and corrected over 5345 seconds
- 1134017894 2005.12.07 R27-M0-N1-C:J16-U01 2005-12-07-20.58.14.389413 R27-M0-N1-C:J16-U01 RAS KERNEL INFO 12 ddr error(s) detected and corrected on rank 0, symbol 31 over 5345 seconds
- 1134017894 2005.12.07 R27-M0-N1-C:J16-U01 2005-12-07-20.58.14.496403 R27-M0-N1-C:J16-U01 RAS KERNEL INFO total of 12 ddr error(s) detected and corrected over 5345 seconds
- 1134017894 2005.12.07 R65-M1-NA-C:J14-U01 2005-12-07-20.58.14.613638 R65-M1-NA-C:J14-U01 RAS KERNEL INFO 15 ddr error(s) detected and corrected on rank 0, symbol 27 over 5345 seconds
- 1134017894 2005.12.07 R65-M1-NA-C:J14-U01 2005-12-07-20.58.14.712122 R65-M1-NA-C:J14-U01 RAS KERNEL INFO total of 15 ddr error(s) detected and corrected over 5345 seconds
- 1134017894 2005.12.07 R32-M0-NF-C:J14-U01 2005-12-07-20.58.14.828045 R32-M0-NF-C:J14-U01 RAS KERNEL INFO 5 ddr error(s) detected and corrected on rank 0, symbol 13 over 5345 seconds
- 1134017895 2005.12.07 R32-M0-NF-C:J14-U01 2005-12-07-20.58.15.034775 R32-M0-NF-C:J14-U01 RAS KERNEL INFO total of 5 ddr error(s) detected and corrected over 5345 seconds
- 1134017895 2005.12.07 R60-M0-N2-C:J12-U11 2005-12-07-20.58.15.164772 R60-M0-N2-C:J12-U11 RAS KERNEL INFO 22 ddr error(s) detected and corrected on rank 0, symbol 33 over 5345 seconds
- 1134017895 2005.12.07 R60-M0-N2-C:J12-U11 2005-12-07-20.58.15.274590 R60-M0-N2-C:J12-U11 RAS KERNEL INFO total of 22 ddr error(s) detected and corrected over 5345 seconds
- 1134017895 2005.12.07 R74-M0-N2-C:J12-U11 2005-12-07-20.58.15.415599 R74-M0-N2-C:J12-U11 RAS KERNEL INFO 11 ddr error(s) detected and corrected on rank 0, symbol 27 over 5345 seconds
- 1134017895 2005.12.07 R74-M0-N2-C:J12-U11 2005-12-07-20.58.15.525499 R74-M0-N2-C:J12-U11 RAS KERNEL INFO total of 11 ddr error(s) detected and corrected over 5345 seconds
- 1134017895 2005.12.07 R13-M0-NE-C:J14-U01 2005-12-07-20.58.15.653964 R13-M0-NE-C:J14-U01 RAS KERNEL INFO 4 ddr error(s) detected and corrected on rank 0, symbol 23 over 5345 seconds
- 1134017895 2005.12.07 R13-M0-NE-C:J14-U01 2005-12-07-20.58.15.753052 R13-M0-NE-C:J14-U01 RAS KERNEL INFO total of 4 ddr error(s) detected and corrected over 5345 seconds
- 1134017895 2005.12.07 R21-M1-N4-C:J10-U01 2005-12-07-20.58.15.876433 R21-M1-N4-C:J10-U01 RAS KERNEL INFO 23 ddr error(s) detected and corrected on rank 0, symbol 12 over 5345 seconds
- 1134017895 2005.12.07 R21-M1-N4-C:J10-U01 2005-12-07-20.58.15.980545 R21-M1-N4-C:J10-U01 RAS KERNEL INFO total of 23 ddr error(s) detected and corrected over 5345 seconds
- 1134017896 2005.12.07 R43-M0-NC-C:J12-U01 2005-12-07-20.58.16.103636 R43-M0-NC-C:J12-U01 RAS KERNEL INFO 136 ddr error(s) detected and corrected on rank 0, symbol 12 over 5345 seconds
- 1134017896 2005.12.07 R43-M0-NC-C:J12-U01 2005-12-07-20.58.16.219685 R43-M0-NC-C:J12-U01 RAS KERNEL INFO total of 136 ddr error(s) detected and corrected over 5345 seconds
- 1134017896 2005.12.07 R64-M1-N0-C:J10-U11 2005-12-07-20.58.16.343005 R64-M1-N0-C:J10-U11 RAS KERNEL INFO 1 ddr error(s) detected and corrected on rank 0, symbol 7 over 5345 seconds
- 1134017896 2005.12.07 R64-M1-N0-C:J10-U11 2005-12-07-20.58.16.446828 R64-M1-N0-C:J10-U11 RAS KERNEL INFO total of 1 ddr error(s) detected and corrected over 5345 seconds
- 1134017896 2005.12.07 R60-M0-NC-C:J12-U01 2005-12-07-20.58.16.576596 R60-M0-NC-C:J12-U01 RAS KERNEL INFO 1 ddr error(s) detected and corrected on rank 0, symbol 34 over 5345 seconds
- 1134017896 2005.12.07 R60-M0-NC-C:J12-U01 2005-12-07-20.58.16.674530 R60-M0-NC-C:J12-U01 RAS KERNEL INFO total of 1 ddr error(s) detected and corrected over 5345 seconds
- 1134017896 2005.12.07 R17-M0-N0-C:J10-U01 2005-12-07-20.58.16.797736 R17-M0-N0-C:J10-U01 RAS KERNEL INFO 1 ddr error(s) detected and corrected on rank 0, symbol 29 over 5345 seconds
- 1134017896 2005.12.07 R17-M0-N0-C:J10-U01 2005-12-07-20.58.16.908229 R17-M0-N0-C:J10-U01 RAS KERNEL INFO total of 1 ddr error(s) detected and corrected over 5345 seconds
- 1134017897 2005.12.07 R13-M0-NC-C:J16-U01 2005-12-07-20.58.17.025519 R13-M0-NC-C:J16-U01 RAS KERNEL INFO 10 ddr error(s) detected and corrected on rank 0, symbol 17 over 5345 seconds
- 1134017897 2005.12.07 R13-M0-NC-C:J16-U01 2005-12-07-20.58.17.130232 R13-M0-NC-C:J16-U01 RAS KERNEL INFO total of 10 ddr error(s) detected and corrected over 5345 seconds
- 1134017897 2005.12.07 R55-M0-N9-C:J06-U11 2005-12-07-20.58.17.247121 R55-M0-N9-C:J06-U11 RAS KERNEL INFO 1 torus receiver x+ input pipe error(s) (dcr 0x02ec) detected and corrected over 5345 seconds
- 1134017897 2005.12.07 R55-M0-N9-C:J06-U11 2005-12-07-20.58.17.345212 R55-M0-N9-C:J06-U11 RAS KERNEL INFO 1 torus receiver z- input pipe error(s) (dcr 0x02f1) detected and corrected over 5354 seconds
- 1134017897 2005.12.07 R55-M0-N9-C:J06-U11 2005-12-07-20.58.17.452799 R55-M0-N9-C:J06-U11 RAS KERNEL INFO 13 tree receiver 1 in re-synch state event(s) (dcr 0x0185) detected over 5355 seconds
- 1134017897 2005.12.07 R55-M0-N9-C:J06-U11 2005-12-07-20.58.17.560050 R55-M0-N9-C:J06-U11 RAS KERNEL INFO 20 tree receiver 2 in re-synch state event(s) (dcr 0x019a) detected over 5355 seconds
- 1134017897 2005.12.07 R44-M1-N4-C:J04-U01 2005-12-07-20.58.17.691410 R44-M1-N4-C:J04-U01 RAS KERNEL INFO 1 tree receiver 2 in re-synch state event(s) (dcr 0x019a) detected over 5345 seconds
- 1134017897 2005.12.07 R45-M0-N4-C:J08-U01 2005-12-07-20.58.17.809114 R45-M0-N4-C:J08-U01 RAS KERNEL INFO 7 L3 EDRAM error(s) (dcr 0x0157) detected and corrected over 5345 seconds
- 1134017897 2005.12.07 R64-M1-NB-C:J08-U01 2005-12-07-20.58.17.928668 R64-M1-NB-C:J08-U01 RAS KERNEL INFO 29 ddr error(s) detected and corrected on rank 0, symbol 20 over 5345 seconds
- 1134017898 2005.12.07 R64-M1-NB-C:J08-U01 2005-12-07-20.58.18.020875 R64-M1-NB-C:J08-U01 RAS KERNEL INFO total of 29 ddr error(s) detected and corrected over 5345 seconds
- 1134017898 2005.12.07 R60-M0-NA-C:J04-U01 2005-12-07-20.58.18.144080 R60-M0-NA-C:J04-U01 RAS KERNEL INFO 4 ddr error(s) detected and corrected on rank 0, symbol 29 over 5345 seconds
- 1134017898 2005.12.07 R60-M0-NA-C:J04-U01 2005-12-07-20.58.18.349397 R60-M0-NA-C:J04-U01 RAS KERNEL INFO total of 4 ddr error(s) detected and corrected over 5345 seconds
- 1134017898 2005.12.07 R25-M1-N9-C:J04-U01 2005-12-07-20.58.18.467207 R25-M1-N9-C:J04-U01 RAS KERNEL INFO 1 ddr error(s) detected and corrected on rank 0, symbol 29 over 5345 seconds
- 1134017898 2005.12.07 R25-M1-N9-C:J04-U01 2005-12-07-20.58.18.559663 R25-M1-N9-C:J04-U01 RAS KERNEL INFO total of 1 ddr error(s) detected and corrected over 5345 seconds
- 1134017898 2005.12.07 R72-M1-N3-C:J08-U11 2005-12-07-20.58.18.682229 R72-M1-N3-C:J08-U11 RAS KERNEL INFO 1 ddr error(s) detected and corrected on rank 0, symbol 24 over 5345 seconds
- 1134017898 2005.12.07 R72-M1-N3-C:J08-U11 2005-12-07-20.58.18.780869 R72-M1-N3-C:J08-U11 RAS KERNEL INFO total of 1 ddr error(s) detected and corrected over 5345 seconds
- 1134017898 2005.12.07 R11-M0-N9-C:J06-U11 2005-12-07-20.58.18.838432 R11-M0-N9-C:J06-U11 RAS KERNEL INFO 1 ddr error(s) detected and corrected on rank 0, symbol 35 over 5345 seconds
- 1134017898 2005.12.07 R11-M0-N9-C:J06-U11 2005-12-07-20.58.18.942106 R11-M0-N9-C:J06-U11 RAS KERNEL INFO total of 1 ddr error(s) detected and corrected over 5345 seconds
- 1134017899 2005.12.07 R71-M1-N0-C:J04-U11 2005-12-07-20.58.19.053334 R71-M1-N0-C:J04-U11 RAS KERNEL INFO 1 ddr error(s) detected and corrected on rank 0, symbol 34 over 5345 seconds
- 1134017899 2005.12.07 R71-M1-N0-C:J04-U11 2005-12-07-20.58.19.145746 R71-M1-N0-C:J04-U11 RAS KERNEL INFO total of 1 ddr error(s) detected and corrected over 5345 seconds
- 1134081162 2005.12.08 R63-M0-N0-I:J18-U11 2005-12-08-14.32.42.680514 R63-M0-N0-I:J18-U11 RAS KERNEL INFO ciod: pollControlDescriptors: Detected the debugger died.
- 1134081162 2005.12.08 R63-M0-N0-I:J18-U01 2005-12-08-14.32.42.904378 R63-M0-N0-I:J18-U01 RAS KERNEL INFO ciod: pollControlDescriptors: Detected the debugger died.
- 1134081162 2005.12.08 R63-M0-NC-I:J18-U11 2005-12-08-14.32.42.999856 R63-M0-NC-I:J18-U11 RAS KERNEL INFO ciod: pollControlDescriptors: Detected the debugger died.
- 1134081163 2005.12.08 R63-M0-NC-I:J18-U01 2005-12-08-14.32.43.130421 R63-M0-NC-I:J18-U01 RAS KERNEL INFO ciod: pollControlDescriptors: Detected the debugger died.
- 1134081163 2005.12.08 R63-M0-N8-I:J18-U11 2005-12-08-14.32.43.262087 R63-M0-N8-I:J18-U11 RAS KERNEL INFO ciod: pollControlDescriptors: Detected the debugger died.
- 1134081163 2005.12.08 R63-M0-N8-I:J18-U01 2005-12-08-14.32.43.393915 R63-M0-N8-I:J18-U01 RAS KERNEL INFO ciod: pollControlDescriptors: Detected the debugger died.
- 1134081163 2005.12.08 R63-M0-N4-I:J18-U11 2005-12-08-14.32.43.531604 R63-M0-N4-I:J18-U11 RAS KERNEL INFO ciod: pollControlDescriptors: Detected the debugger died.
- 1134081163 2005.12.08 R63-M0-N4-I:J18-U01 2005-12-08-14.32.43.687615 R63-M0-N4-I:J18-U01 RAS KERNEL INFO ciod: pollControlDescriptors: Detected the debugger died.
LINKIAP 1134094250 2005.12.08 R63-M0-L2-U21-A 2005-12-08-18.10.50.362904 R63-M0-L2-U21-A RAS LINKCARD FATAL MidplaneSwitchController::receiveTrain() iap failed: R63-M0-L2-U21-A, status=ffbffbff ec000000
LINKIAP 1134094250 2005.12.08 R63-M0-L2-U21-A 2005-12-08-18.10.50.536792 R63-M0-L2-U21-A RAS LINKCARD FATAL MidplaneSwitchController::receiveTrain() iap failed: R63-M0-L2-U21-A, status=ffbffbff ec000000
- 1134110855 2005.12.08 R12-M1-NA-C:J08-U11 2005-12-08-22.47.35.391016 R12-M1-NA-C:J08-U11 RAS KERNEL INFO critical input interrupt (unit=0x0b bit=0x0b): warning for torus z- wire, suppressing further interrupts of same type
- 1134161718 2005.12.09 R62-M0-NC-I:J18-U11 2005-12-09-12.55.18.720120 R62-M0-NC-I:J18-U11 RAS APP FATAL ciod: Error loading /bgl/apps/SWL/stability/HPL/WORK/1495./hpl_DD: invalid or missing program image, No such file or directory
- 1134161718 2005.12.09 R62-M0-NC-I:J18-U01 2005-12-09-12.55.18.861881 R62-M0-NC-I:J18-U01 RAS APP FATAL ciod: Error loading /bgl/apps/SWL/stability/HPL/WORK/1495./hpl_DD: invalid or missing program image, No such file or directory
- 1134161718 2005.12.09 R62-M0-N0-I:J18-U11 2005-12-09-12.55.18.999400 R62-M0-N0-I:J18-U11 RAS APP FATAL ciod: Error loading /bgl/apps/SWL/stability/HPL/WORK/1495./hpl_DD: invalid or missing program image, No such file or directory
- 1134161719 2005.12.09 R62-M0-N0-I:J18-U01 2005-12-09-12.55.19.138862 R62-M0-N0-I:J18-U01 RAS APP FATAL ciod: Error loading /bgl/apps/SWL/stability/HPL/WORK/1495./hpl_DD: invalid or missing program image, No such file or directory
- 1134161719 2005.12.09 R62-M0-N4-I:J18-U11 2005-12-09-12.55.19.278263 R62-M0-N4-I:J18-U11 RAS APP FATAL ciod: Error loading /bgl/apps/SWL/stability/HPL/WORK/1495./hpl_DD: invalid or missing program image, No such file or directory
- 1134161719 2005.12.09 R62-M0-N4-I:J18-U01 2005-12-09-12.55.19.411987 R62-M0-N4-I:J18-U01 RAS APP FATAL ciod: Error loading /bgl/apps/SWL/stability/HPL/WORK/1495./hpl_DD: invalid or missing program image, No such file or directory
- 1134161719 2005.12.09 R62-M0-N8-I:J18-U11 2005-12-09-12.55.19.544730 R62-M0-N8-I:J18-U11 RAS APP FATAL ciod: Error loading /bgl/apps/SWL/stability/HPL/WORK/1495./hpl_DD: invalid or missing program image, No such file or directory
- 1134161719 2005.12.09 R62-M0-N8-I:J18-U01 2005-12-09-12.55.19.674472 R62-M0-N8-I:J18-U01 RAS APP FATAL ciod: Error loading /bgl/apps/SWL/stability/HPL/WORK/1495./hpl_DD: invalid or missing program image, No such file or directory
- 1134161845 2005.12.09 R74-M1-NC-C:J15-U11 2005-12-09-12.57.25.924478 R74-M1-NC-C:J15-U11 RAS KERNEL INFO 5 ddr error(s) detected and corrected on rank 0, symbol 24 over 4984 seconds
- 1134161846 2005.12.09 R74-M1-NC-C:J15-U11 2005-12-09-12.57.26.042944 R74-M1-NC-C:J15-U11 RAS KERNEL INFO total of 5 ddr error(s) detected and corrected over 4984 seconds
- 1134161846 2005.12.09 R70-M1-N9-C:J07-U01 2005-12-09-12.57.26.070006 R70-M1-N9-C:J07-U01 RAS KERNEL INFO 1 ddr error(s) detected and corrected on rank 0, symbol 2 over 4984 seconds
- 1134161846 2005.12.09 R70-M1-N9-C:J07-U01 2005-12-09-12.57.26.180498 R70-M1-N9-C:J07-U01 RAS KERNEL INFO total of 1 ddr error(s) detected and corrected over 4984 seconds
- 1134161846 2005.12.09 R73-M1-NA-C:J07-U01 2005-12-09-12.57.26.207966 R73-M1-NA-C:J07-U01 RAS KERNEL INFO 5 tree receiver 1 in re-synch state event(s) (dcr 0x0185) detected over 4984 seconds
- 1134161846 2005.12.09 R73-M1-NA-C:J07-U01 2005-12-09-12.57.26.329935 R73-M1-NA-C:J07-U01 RAS KERNEL INFO 89 tree receiver 2 in re-synch state event(s) (dcr 0x019a) detected over 4984 seconds
- 1134161846 2005.12.09 R73-M1-NA-C:J07-U01 2005-12-09-12.57.26.458821 R73-M1-NA-C:J07-U01 RAS KERNEL INFO 89 tree receiver 2 in re-synch state event(s) (dcr 0x019a) detected over 4984 seconds
- 1134161846 2005.12.09 R76-M0-NB-C:J07-U11 2005-12-09-12.57.26.486977 R76-M0-NB-C:J07-U11 RAS KERNEL INFO 2 ddr error(s) detected and corrected on rank 0, symbol 25 over 4984 seconds
- 1134161846 2005.12.09 R76-M0-NB-C:J07-U11 2005-12-09-12.57.26.605599 R76-M0-NB-C:J07-U11 RAS KERNEL INFO total of 2 ddr error(s) detected and corrected over 4984 seconds
- 1134161846 2005.12.09 R75-M0-N0-C:J09-U11 2005-12-09-12.57.26.633220 R75-M0-N0-C:J09-U11 RAS KERNEL INFO 2 ddr error(s) detected and corrected on rank 0, symbol 14 over 4984 seconds
- 1134161846 2005.12.09 R75-M0-N0-C:J09-U11 2005-12-09-12.57.26.748739 R75-M0-N0-C:J09-U11 RAS KERNEL INFO total of 2 ddr error(s) detected and corrected over 4984 seconds
- 1134161846 2005.12.09 R77-M0-N4-C:J16-U11 2005-12-09-12.57.26.776152 R77-M0-N4-C:J16-U11 RAS KERNEL INFO 1 ddr error(s) detected and corrected on rank 0, symbol 12 over 4984 seconds
- 1134161846 2005.12.09 R77-M0-N4-C:J16-U11 2005-12-09-12.57.26.904640 R77-M0-N4-C:J16-U11 RAS KERNEL INFO total of 1 ddr error(s) detected and corrected over 4984 seconds
- 1134161846 2005.12.09 R74-M1-N0-C:J12-U01 2005-12-09-12.57.26.931929 R74-M1-N0-C:J12-U01 RAS KERNEL INFO 3 ddr error(s) detected and corrected on rank 0, symbol 28 over 4984 seconds
- 1134161847 2005.12.09 R74-M1-N0-C:J12-U01 2005-12-09-12.57.27.043795 R74-M1-N0-C:J12-U01 RAS KERNEL INFO total of 3 ddr error(s) detected and corrected over 4984 seconds
- 1134161847 2005.12.09 R72-M0-N0-C:J06-U01 2005-12-09-12.57.27.075355 R72-M0-N0-C:J06-U01 RAS KERNEL INFO 2 ddr error(s) detected and corrected on rank 0, symbol 5 over 4984 seconds
- 1134161847 2005.12.09 R72-M0-N0-C:J06-U01 2005-12-09-12.57.27.186198 R72-M0-N0-C:J06-U01 RAS KERNEL INFO total of 2 ddr error(s) detected and corrected over 4984 seconds
- 1134161847 2005.12.09 R71-M0-N5-C:J02-U01 2005-12-09-12.57.27.215646 R71-M0-N5-C:J02-U01 RAS KERNEL INFO 3 ddr error(s) detected and corrected on rank 0, symbol 35 over 4984 seconds
- 1134161847 2005.12.09 R71-M0-N5-C:J02-U01 2005-12-09-12.57.27.323956 R71-M0-N5-C:J02-U01 RAS KERNEL INFO total of 3 ddr error(s) detected and corrected over 4984 seconds
- 1134171686 2005.12.09 R63-M1-N3-C:J06-U01 2005-12-09-15.41.26.830986 R63-M1-N3-C:J06-U01 RAS KERNEL INFO 2 ddr error(s) detected and corrected on rank 0, symbol 9 over 4105 seconds
- 1134171686 2005.12.09 R63-M1-N3-C:J06-U01 2005-12-09-15.41.26.923937 R63-M1-N3-C:J06-U01 RAS KERNEL INFO total of 2 ddr error(s) detected and corrected over 4105 seconds
- 1134171852 2005.12.09 R66-M0-NC-C:J17-U11 2005-12-09-15.44.12.082104 R66-M0-NC-C:J17-U11 RAS KERNEL INFO 1 ddr error(s) detected and corrected on rank 0, symbol 29 over 4289 seconds
- 1134171852 2005.12.09 R66-M0-NC-C:J17-U11 2005-12-09-15.44.12.168309 R66-M0-NC-C:J17-U11 RAS KERNEL INFO total of 1 ddr error(s) detected and corrected over 4289 seconds
- 1134200447 2005.12.09 R62-M1-ND-C:J13-U11 2005-12-09-23.40.47.513584 R62-M1-ND-C:J13-U11 RAS KERNEL INFO 64 L3 EDRAM error(s) (dcr 0x0157) detected and corrected over 3279 seconds
- 1134200684 2005.12.09 R72-M0-N1-C:J15-U11 2005-12-09-23.44.44.585741 R72-M0-N1-C:J15-U11 RAS KERNEL INFO 4 L3 EDRAM error(s) (dcr 0x0157) detected and corrected over 5542 seconds
- 1134200684 2005.12.09 R71-M0-NA-C:J11-U11 2005-12-09-23.44.44.699730 R71-M0-NA-C:J11-U11 RAS KERNEL INFO 3 ddr error(s) detected and corrected on rank 0, symbol 20 over 5542 seconds
- 1134200684 2005.12.09 R71-M0-NA-C:J11-U11 2005-12-09-23.44.44.791095 R71-M0-NA-C:J11-U11 RAS KERNEL INFO total of 3 ddr error(s) detected and corrected over 5542 seconds
- 1134200684 2005.12.09 R77-M0-N8-C:J07-U01 2005-12-09-23.44.44.824881 R77-M0-N8-C:J07-U01 RAS KERNEL INFO 7 ddr error(s) detected and corrected on rank 0, symbol 7 over 5542 seconds
- 1134200684 2005.12.09 R77-M0-N8-C:J07-U01 2005-12-09-23.44.44.926527 R77-M0-N8-C:J07-U01 RAS KERNEL INFO total of 7 ddr error(s) detected and corrected over 5542 seconds
- 1134200684 2005.12.09 R73-M1-NA-C:J07-U01 2005-12-09-23.44.44.956096 R73-M1-NA-C:J07-U01 RAS KERNEL INFO 1 tree receiver 1 in re-synch state event(s) (dcr 0x0185) detected over 5542 seconds
- 1134200685 2005.12.09 R73-M1-NA-C:J07-U01 2005-12-09-23.44.45.055919 R73-M1-NA-C:J07-U01 RAS KERNEL INFO 22 tree receiver 2 in re-synch state event(s) (dcr 0x019a) detected over 5542 seconds
- 1134200685 2005.12.09 R76-M1-NE-C:J03-U11 2005-12-09-23.44.45.085597 R76-M1-NE-C:J03-U11 RAS KERNEL INFO 1 tree receiver 1 in re-synch state event(s) (dcr 0x0185) detected over 5542 seconds
- 1134200685 2005.12.09 R76-M1-NE-C:J03-U11 2005-12-09-23.44.45.192474 R76-M1-NE-C:J03-U11 RAS KERNEL INFO 2 tree receiver 2 in re-synch state event(s) (dcr 0x019a) detected over 5542 seconds
- 1134200685 2005.12.09 R71-M1-NF-C:J05-U11 2005-12-09-23.44.45.219047 R71-M1-NF-C:J05-U11 RAS KERNEL INFO 1 ddr error(s) detected and corrected on rank 0, symbol 8 over 5542 seconds
- 1134200685 2005.12.09 R71-M1-NF-C:J05-U11 2005-12-09-23.44.45.336317 R71-M1-NF-C:J05-U11 RAS KERNEL INFO total of 1 ddr error(s) detected and corrected over 5542 seconds
- 1134200685 2005.12.09 R72-M0-N5-C:J07-U11 2005-12-09-23.44.45.369119 R72-M0-N5-C:J07-U11 RAS KERNEL INFO 3 ddr error(s) detected and corrected on rank 0, symbol 16 over 5542 seconds
- 1134200685 2005.12.09 R72-M0-N5-C:J07-U11 2005-12-09-23.44.45.473858 R72-M0-N5-C:J07-U11 RAS KERNEL INFO total of 3 ddr error(s) detected and corrected over 5542 seconds
- 1134200685 2005.12.09 R74-M1-N0-C:J12-U01 2005-12-09-23.44.45.502181 R74-M1-N0-C:J12-U01 RAS KERNEL INFO 1 ddr error(s) detected and corrected on rank 0, symbol 28 over 5542 seconds
- 1134200685 2005.12.09 R74-M1-N0-C:J12-U01 2005-12-09-23.44.45.599697 R74-M1-N0-C:J12-U01 RAS KERNEL INFO total of 1 ddr error(s) detected and corrected over 5542 seconds
- 1134200685 2005.12.09 R71-M0-NF-C:J04-U01 2005-12-09-23.44.45.626354 R71-M0-NF-C:J04-U01 RAS KERNEL INFO 1 ddr error(s) detected and corrected on rank 0, symbol 12 over 5542 seconds
- 1134200685 2005.12.09 R71-M0-NF-C:J04-U01 2005-12-09-23.44.45.743390 R71-M0-NF-C:J04-U01 RAS KERNEL INFO total of 1 ddr error(s) detected and corrected over 5542 seconds
- 1134212603 2005.12.10 R42-M1-N3-C:J09-U01 2005-12-10-03.03.23.066126 R42-M1-N3-C:J09-U01 RAS KERNEL INFO data cache flush parity error detected. attempting to correct
- 1134213138 2005.12.10 R64-M1-N6-C:J13-U01 2005-12-10-03.12.18.266131 R64-M1-N6-C:J13-U01 RAS KERNEL INFO 1 ddr error(s) detected and corrected on rank 0, symbol 7 over 3891 seconds
- 1134213138 2005.12.10 R64-M1-N6-C:J13-U01 2005-12-10-03.12.18.368177 R64-M1-N6-C:J13-U01 RAS KERNEL INFO total of 1 ddr error(s) detected and corrected over 3891 seconds
- 1134213138 2005.12.10 R65-M1-N9-C:J17-U01 2005-12-10-03.12.18.386551 R65-M1-N9-C:J17-U01 RAS KERNEL INFO 1 ddr error(s) detected and corrected on rank 0, symbol 23 over 3891 seconds
- 1134213138 2005.12.10 R65-M1-N9-C:J17-U01 2005-12-10-03.12.18.403909 R65-M1-N9-C:J17-U01 RAS KERNEL INFO total of 1 ddr error(s) detected and corrected over 3891 seconds
- 1134213138 2005.12.10 R65-M0-N9-C:J07-U01 2005-12-10-03.12.18.422696 R65-M0-N9-C:J07-U01 RAS KERNEL INFO 1 ddr error(s) detected and corrected on rank 0, symbol 14 over 3891 seconds
- 1134213138 2005.12.10 R65-M0-N9-C:J07-U01 2005-12-10-03.12.18.438982 R65-M0-N9-C:J07-U01 RAS KERNEL INFO total of 1 ddr error(s) detected and corrected over 3891 seconds
- 1134213138 2005.12.10 R60-M0-N6-C:J07-U11 2005-12-10-03.12.18.456405 R60-M0-N6-C:J07-U11 RAS KERNEL INFO 3 ddr error(s) detected and corrected on rank 0, symbol 25 over 3891 seconds
- 1134213138 2005.12.10 R60-M0-N6-C:J07-U11 2005-12-10-03.12.18.485178 R60-M0-N6-C:J07-U11 RAS KERNEL INFO total of 3 ddr error(s) detected and corrected over 3891 seconds
- 1134213138 2005.12.10 R61-M1-N9-C:J07-U11 2005-12-10-03.12.18.514283 R61-M1-N9-C:J07-U11 RAS KERNEL INFO 1 tree receiver 2 in re-synch state event(s) (dcr 0x019a) detected over 3891 seconds
- 1134213138 2005.12.10 R64-M0-N7-C:J10-U11 2005-12-10-03.12.18.596889 R64-M0-N7-C:J10-U11 RAS KERNEL INFO 2 ddr error(s) detected and corrected on rank 0, symbol 11 over 3891 seconds
- 1134213138 2005.12.10 R64-M0-N7-C:J10-U11 2005-12-10-03.12.18.624657 R64-M0-N7-C:J10-U11 RAS KERNEL INFO total of 2 ddr error(s) detected and corrected over 3891 seconds
- 1134213138 2005.12.10 R64-M0-N8-C:J12-U11 2005-12-10-03.12.18.654066 R64-M0-N8-C:J12-U11 RAS KERNEL INFO 7 ddr error(s) detected and corrected on rank 0, symbol 21 over 3891 seconds
- 1134213138 2005.12.10 R64-M0-N8-C:J12-U11 2005-12-10-03.12.18.670534 R64-M0-N8-C:J12-U11 RAS KERNEL INFO total of 7 ddr error(s) detected and corrected over 3891 seconds
- 1134213138 2005.12.10 R61-M0-N9-C:J08-U01 2005-12-10-03.12.18.685123 R61-M0-N9-C:J08-U01 RAS KERNEL INFO 2 ddr error(s) detected and corrected on rank 0, symbol 31 over 3891 seconds
- 1134213138 2005.12.10 R61-M0-N9-C:J08-U01 2005-12-10-03.12.18.702066 R61-M0-N9-C:J08-U01 RAS KERNEL INFO total of 2 ddr error(s) detected and corrected over 3891 seconds
- 1134247814 2005.12.10 R77-M1-NB-C:J07-U11 2005-12-10-12.50.14.248611 R77-M1-NB-C:J07-U11 RAS KERNEL INFO critical input interrupt (unit=0x0b bit=0x06): warning for torus y+ wire, suppressing further interrupts of same type
- 1134248731 2005.12.10 R01-M0-NA-C:J03-U11 2005-12-10-13.05.31.456683 R01-M0-NA-C:J03-U11 RAS KERNEL INFO critical input interrupt (unit=0x0b bit=0x17): warning for tree C1 wire, suppressing further interrupts of same type
- 1134248774 2005.12.10 R06-M1-NA-C:J14-U01 2005-12-10-13.06.14.391015 R06-M1-NA-C:J14-U01 RAS KERNEL INFO critical input interrupt (unit=0x0b bit=0x0e): warning for tree A0 wire, suppressing further interrupts of same type
- 1134248871 2005.12.10 R00-M0-N1-C:J02-U11 2005-12-10-13.07.51.808015 R00-M0-N1-C:J02-U11 RAS KERNEL INFO critical input interrupt (unit=0x0b bit=0x06): warning for torus y+ wire, suppressing further interrupts of same type
- 1134253991 2005.12.10 R52-M1-ND-C:J08-U11 2005-12-10-14.33.11.840862 R52-M1-ND-C:J08-U11 RAS KERNEL INFO critical input interrupt (unit=0x0b bit=0x0b): warning for torus z- wire, suppressing further interrupts of same type
- 1134272743 2005.12.10 R64-M1-N3-C:J15-U01 2005-12-10-19.45.43.541888 R64-M1-N3-C:J15-U01 RAS KERNEL INFO ddr: Suppressing further CE interrupts
- 1134272743 2005.12.10 R64-M1-N3-C:J15-U01 2005-12-10-19.45.43.663887 R64-M1-N3-C:J15-U01 RAS KERNEL INFO 2 ddr error(s) detected and corrected on rank 0, symbol 15 over 52 seconds
- 1134272743 2005.12.10 R64-M1-N3-C:J15-U01 2005-12-10-19.45.43.681085 R64-M1-N3-C:J15-U01 RAS KERNEL INFO total of 2 ddr error(s) detected and corrected over 52 seconds
- 1134285926 2005.12.10 R70-M1-N8-C:J13-U11 2005-12-10-23.25.26.165780 R70-M1-N8-C:J13-U11 RAS KERNEL INFO critical input interrupt (unit=0x0b bit=0x0b): warning for torus z- wire, suppressing further interrupts of same type
- 1134285947 2005.12.10 R53-M1-N4-C:J09-U01 2005-12-10-23.25.47.192263 R53-M1-N4-C:J09-U01 RAS KERNEL INFO 1 ddr error(s) detected and corrected on rank 0, symbol 35 over 3293 seconds
- 1134285947 2005.12.10 R53-M1-N4-C:J09-U01 2005-12-10-23.25.47.293706 R53-M1-N4-C:J09-U01 RAS KERNEL INFO total of 1 ddr error(s) detected and corrected over 3293 seconds
- 1134285947 2005.12.10 R57-M0-NB-C:J07-U11 2005-12-10-23.25.47.318535 R57-M0-NB-C:J07-U11 RAS KERNEL INFO 1 ddr error(s) detected and corrected on rank 0, symbol 35 over 3293 seconds
- 1134285947 2005.12.10 R57-M0-NB-C:J07-U11 2005-12-10-23.25.47.341115 R57-M0-NB-C:J07-U11 RAS KERNEL INFO total of 1 ddr error(s) detected and corrected over 3293 seconds
- 1134285947 2005.12.10 R55-M0-N9-C:J06-U11 2005-12-10-23.25.47.366451 R55-M0-N9-C:J06-U11 RAS KERNEL INFO 5 torus receiver x+ input pipe error(s) (dcr 0x02ec) detected and corrected over 3293 seconds
- 1134285947 2005.12.10 R55-M0-N9-C:J06-U11 2005-12-10-23.25.47.479081 R55-M0-N9-C:J06-U11 RAS KERNEL INFO 1 torus receiver x- input pipe error(s) (dcr 0x02ed) detected and corrected over 3293 seconds
- 1134285947 2005.12.10 R55-M0-N9-C:J06-U11 2005-12-10-23.25.47.503108 R55-M0-N9-C:J06-U11 RAS KERNEL INFO 3 torus receiver y+ input pipe error(s) (dcr 0x02ee) detected and corrected over 3293 seconds
- 1134285947 2005.12.10 R55-M0-N9-C:J06-U11 2005-12-10-23.25.47.527167 R55-M0-N9-C:J06-U11 RAS KERNEL INFO 1 torus receiver y- input pipe error(s) (dcr 0x02ef) detected and corrected over 3293 seconds
- 1134285947 2005.12.10 R55-M0-N9-C:J06-U11 2005-12-10-23.25.47.550825 R55-M0-N9-C:J06-U11 RAS KERNEL INFO 1 torus receiver z+ input pipe error(s) (dcr 0x02f0) detected and corrected over 3293 seconds
- 1134285947 2005.12.10 R55-M0-N9-C:J06-U11 2005-12-10-23.25.47.574752 R55-M0-N9-C:J06-U11 RAS KERNEL INFO 6 torus receiver z- input pipe error(s) (dcr 0x02f1) detected and corrected over 3293 seconds
- 1134285947 2005.12.10 R55-M0-N9-C:J06-U11 2005-12-10-23.25.47.598697 R55-M0-N9-C:J06-U11 RAS KERNEL INFO 24 tree receiver 1 in re-synch state event(s) (dcr 0x0185) detected over 3293 seconds
- 1134285947 2005.12.10 R55-M0-N9-C:J06-U11 2005-12-10-23.25.47.622334 R55-M0-N9-C:J06-U11 RAS KERNEL INFO 26 tree receiver 2 in re-synch state event(s) (dcr 0x019a) detected over 3293 seconds
- 1134285947 2005.12.10 R45-M0-N4-C:J08-U01 2005-12-10-23.25.47.659224 R45-M0-N4-C:J08-U01 RAS KERNEL INFO 1 L3 EDRAM error(s) (dcr 0x0157) detected and corrected over 3293 seconds
- 1134285947 2005.12.10 R52-M0-NB-C:J02-U01 2005-12-10-23.25.47.683461 R52-M0-NB-C:J02-U01 RAS KERNEL INFO 11 L3 directory error(s) (dcr 0x0152) detected and corrected over 3293 seconds
- 1134303269 2005.12.11 R57-M0-NB-C:J07-U11 2005-12-11-04.14.29.928192 R57-M0-NB-C:J07-U11 RAS KERNEL INFO 1 ddr error(s) detected and corrected on rank 0, symbol 35 over 3292 seconds
- 1134303270 2005.12.11 R57-M0-NB-C:J07-U11 2005-12-11-04.14.30.039742 R57-M0-NB-C:J07-U11 RAS KERNEL INFO total of 1 ddr error(s) detected and corrected over 3292 seconds
- 1134303270 2005.12.11 R55-M0-N9-C:J06-U11 2005-12-11-04.14.30.066381 R55-M0-N9-C:J06-U11 RAS KERNEL INFO 4 torus receiver x+ input pipe error(s) (dcr 0x02ec) detected and corrected over 3292 seconds
- 1134303270 2005.12.11 R55-M0-N9-C:J06-U11 2005-12-11-04.14.30.089878 R55-M0-N9-C:J06-U11 RAS KERNEL INFO 1 torus receiver x- input pipe error(s) (dcr 0x02ed) detected and corrected over 3293 seconds
- 1134303270 2005.12.11 R55-M0-N9-C:J06-U11 2005-12-11-04.14.30.114271 R55-M0-N9-C:J06-U11 RAS KERNEL INFO 2 torus receiver y+ input pipe error(s) (dcr 0x02ee) detected and corrected over 3293 seconds
- 1134303270 2005.12.11 R55-M0-N9-C:J06-U11 2005-12-11-04.14.30.150049 R55-M0-N9-C:J06-U11 RAS KERNEL INFO 1 torus receiver y- input pipe error(s) (dcr 0x02ef) detected and corrected over 3293 seconds
- 1134303270 2005.12.11 R55-M0-N9-C:J06-U11 2005-12-11-04.14.30.174073 R55-M0-N9-C:J06-U11 RAS KERNEL INFO 1 torus receiver z+ input pipe error(s) (dcr 0x02f0) detected and corrected over 3293 seconds
- 1134303270 2005.12.11 R55-M0-N9-C:J06-U11 2005-12-11-04.14.30.197498 R55-M0-N9-C:J06-U11 RAS KERNEL INFO 4 torus receiver z- input pipe error(s) (dcr 0x02f1) detected and corrected over 3293 seconds
- 1134303270 2005.12.11 R55-M0-N9-C:J06-U11 2005-12-11-04.14.30.218797 R55-M0-N9-C:J06-U11 RAS KERNEL INFO 19 tree receiver 1 in re-synch state event(s) (dcr 0x0185) detected over 3293 seconds
- 1134303270 2005.12.11 R55-M0-N9-C:J06-U11 2005-12-11-04.14.30.246020 R55-M0-N9-C:J06-U11 RAS KERNEL INFO 27 tree receiver 2 in re-synch state event(s) (dcr 0x019a) detected over 3293 seconds
- 1134303270 2005.12.11 R44-M1-N4-C:J04-U01 2005-12-11-04.14.30.271519 R44-M1-N4-C:J04-U01 RAS KERNEL INFO 1 torus receiver x+ input pipe error(s) (dcr 0x02ec) detected and corrected over 3292 seconds
- 1134303270 2005.12.11 R44-M1-N4-C:J04-U01 2005-12-11-04.14.30.301462 R44-M1-N4-C:J04-U01 RAS KERNEL INFO 1 torus receiver y+ input pipe error(s) (dcr 0x02ee) detected and corrected over 3293 seconds
- 1134303270 2005.12.11 R44-M1-N4-C:J04-U01 2005-12-11-04.14.30.323414 R44-M1-N4-C:J04-U01 RAS KERNEL INFO 1 torus receiver z- input pipe error(s) (dcr 0x02f1) detected and corrected over 3293 seconds
- 1134303270 2005.12.11 R44-M1-N4-C:J04-U01 2005-12-11-04.14.30.345462 R44-M1-N4-C:J04-U01 RAS KERNEL INFO 1 tree receiver 0 in re-synch state event(s) (dcr 0x01bc) detected over 3293 seconds
- 1134303270 2005.12.11 R44-M1-N4-C:J04-U01 2005-12-11-04.14.30.369139 R44-M1-N4-C:J04-U01 RAS KERNEL INFO 1 tree receiver 1 in re-synch state event(s) (dcr 0x0185) detected over 3293 seconds
- 1134303270 2005.12.11 R44-M1-N4-C:J04-U01 2005-12-11-04.14.30.404953 R44-M1-N4-C:J04-U01 RAS KERNEL INFO 2 tree receiver 2 in re-synch state event(s) (dcr 0x019a) detected over 3293 seconds
- 1134303270 2005.12.11 R52-M0-NB-C:J02-U01 2005-12-11-04.14.30.430183 R52-M0-NB-C:J02-U01 RAS KERNEL INFO 20 L3 directory error(s) (dcr 0x0152) detected and corrected over 3292 seconds
- 1134303270 2005.12.11 R45-M0-N9-C:J08-U11 2005-12-11-04.14.30.462689 R45-M0-N9-C:J08-U11 RAS KERNEL INFO 1 ddr error(s) detected and corrected on rank 0, symbol 35 over 3292 seconds
- 1134303270 2005.12.11 R45-M0-N9-C:J08-U11 2005-12-11-04.14.30.566515 R45-M0-N9-C:J08-U11 RAS KERNEL INFO total of 1 ddr error(s) detected and corrected over 3292 seconds
- 1134303270 2005.12.11 R45-M0-NE-C:J02-U11 2005-12-11-04.14.30.596618 R45-M0-NE-C:J02-U11 RAS KERNEL INFO 1 ddr error(s) detected and corrected on rank 0, symbol 22 over 3292 seconds
- 1134303270 2005.12.11 R45-M0-NE-C:J02-U11 2005-12-11-04.14.30.692096 R45-M0-NE-C:J02-U11 RAS KERNEL INFO total of 1 ddr error(s) detected and corrected over 3292 seconds
- 1134303270 2005.12.11 R56-M0-ND-C:J04-U01 2005-12-11-04.14.30.723065 R56-M0-ND-C:J04-U01 RAS KERNEL INFO 1 L3 EDRAM error(s) (dcr 0x0157) detected and corrected over 3292 seconds
- 1134337714 2005.12.11 R66-M1-N1-C:J08-U11 2005-12-11-13.48.34.040644 R66-M1-N1-C:J08-U11 RAS KERNEL INFO data cache flush parity error detected. attempting to correct
- 1134395531 2005.12.12 R37-M1-NC-C:J02-U11 2005-12-12-05.52.11.064547 R37-M1-NC-C:J02-U11 RAS KERNEL INFO instruction cache parity error corrected
- 1134395546 2005.12.12 R53-M0-NC-C:J02-U01 2005-12-12-05.52.26.432476 R53-M0-NC-C:J02-U01 RAS KERNEL INFO data cache flush parity error detected. attempting to correct
- 1134435570 2005.12.12 R01-M1-N3-C:J02-U11 2005-12-12-16.59.30.692231 R01-M1-N3-C:J02-U11 RAS KERNEL INFO instruction cache parity error corrected
- 1134449464 2005.12.12 R40-M0-NE-C:J12-U11 2005-12-12-20.51.04.596878 R40-M0-NE-C:J12-U11 RAS KERNEL INFO 2 ddr error(s) detected and corrected on rank 0, symbol 10 over 13569 seconds
- 1134449464 2005.12.12 R40-M0-NE-C:J12-U11 2005-12-12-20.51.04.773062 R40-M0-NE-C:J12-U11 RAS KERNEL INFO total of 2 ddr error(s) detected and corrected over 13569 seconds
- 1134449465 2005.12.12 R55-M0-N1-C:J15-U01 2005-12-12-20.51.05.165822 R55-M0-N1-C:J15-U01 RAS KERNEL INFO 1 ddr error(s) detected and corrected on rank 0, symbol 2 over 13570 seconds
- 1134449465 2005.12.12 R55-M0-N1-C:J15-U01 2005-12-12-20.51.05.330276 R55-M0-N1-C:J15-U01 RAS KERNEL INFO total of 1 ddr error(s) detected and corrected over 13570 seconds
- 1134449465 2005.12.12 R53-M0-N3-C:J13-U01 2005-12-12-20.51.05.508418 R53-M0-N3-C:J13-U01 RAS KERNEL INFO 1 ddr error(s) detected and corrected on rank 0, symbol 15 over 13570 seconds
- 1134449465 2005.12.12 R53-M0-N3-C:J13-U01 2005-12-12-20.51.05.682751 R53-M0-N3-C:J13-U01 RAS KERNEL INFO total of 1 ddr error(s) detected and corrected over 13570 seconds
- 1134449465 2005.12.12 R20-M0-NC-C:J13-U11 2005-12-12-20.51.05.840262 R20-M0-NC-C:J13-U11 RAS KERNEL INFO 2 ddr error(s) detected and corrected on rank 0, symbol 31 over 13570 seconds
- 1134449466 2005.12.12 R20-M0-NC-C:J13-U11 2005-12-12-20.51.06.000569 R20-M0-NC-C:J13-U11 RAS KERNEL INFO total of 2 ddr error(s) detected and corrected over 13570 seconds
- 1134449466 2005.12.12 R66-M0-NC-C:J17-U11 2005-12-12-20.51.06.163547 R66-M0-NC-C:J17-U11 RAS KERNEL INFO 5 ddr error(s) detected and corrected on rank 0, symbol 29 over 13570 seconds
- 1134449466 2005.12.12 R66-M0-NC-C:J17-U11 2005-12-12-20.51.06.329258 R66-M0-NC-C:J17-U11 RAS KERNEL INFO total of 5 ddr error(s) detected and corrected over 13570 seconds
- 1134449466 2005.12.12 R71-M0-NA-C:J11-U11 2005-12-12-20.51.06.501705 R71-M0-NA-C:J11-U11 RAS KERNEL INFO 6 ddr error(s) detected and corrected on rank 0, symbol 20 over 13570 seconds
- 1134449466 2005.12.12 R71-M0-NA-C:J11-U11 2005-12-12-20.51.06.673810 R71-M0-NA-C:J11-U11 RAS KERNEL INFO total of 6 ddr error(s) detected and corrected over 13570 seconds
- 1134449466 2005.12.12 R17-M1-N7-C:J11-U11 2005-12-12-20.51.06.836513 R17-M1-N7-C:J11-U11 RAS KERNEL INFO 1 ddr error(s) detected and corrected on rank 0, symbol 7 over 13570 seconds
- 1134449466 2005.12.12 R17-M1-N7-C:J11-U11 2005-12-12-20.51.06.994273 R17-M1-N7-C:J11-U11 RAS KERNEL INFO total of 1 ddr error(s) detected and corrected over 13570 seconds
- 1134449467 2005.12.12 R07-M0-N8-C:J11-U11 2005-12-12-20.51.07.165337 R07-M0-N8-C:J11-U11 RAS KERNEL INFO 1 ddr error(s) detected and corrected on rank 0, symbol 27 over 13570 seconds
- 1134449467 2005.12.12 R07-M0-N8-C:J11-U11 2005-12-12-20.51.07.329306 R07-M0-N8-C:J11-U11 RAS KERNEL INFO total of 1 ddr error(s) detected and corrected over 13570 seconds
- 1134449467 2005.12.12 R06-M1-N6-C:J15-U01 2005-12-12-20.51.07.483178 R06-M1-N6-C:J15-U01 RAS KERNEL INFO 2 torus receiver x+ input pipe error(s) (dcr 0x02ec) detected and corrected over 13570 seconds
- 1134449467 2005.12.12 R06-M1-N6-C:J15-U01 2005-12-12-20.51.07.648770 R06-M1-N6-C:J15-U01 RAS KERNEL INFO 2 torus receiver x- input pipe error(s) (dcr 0x02ed) detected and corrected over 13573 seconds
- 1134449467 2005.12.12 R06-M1-N6-C:J15-U01 2005-12-12-20.51.07.816115 R06-M1-N6-C:J15-U01 RAS KERNEL INFO 2 torus receiver y+ input pipe error(s) (dcr 0x02ee) detected and corrected over 13573 seconds
- 1134449467 2005.12.12 R06-M1-N6-C:J15-U01 2005-12-12-20.51.07.972458 R06-M1-N6-C:J15-U01 RAS KERNEL INFO 1 torus receiver y- input pipe error(s) (dcr 0x02ef) detected and corrected over 13573 seconds
- 1134449468 2005.12.12 R06-M1-N6-C:J15-U01 2005-12-12-20.51.08.148338 R06-M1-N6-C:J15-U01 RAS KERNEL INFO 2 torus receiver z+ input pipe error(s) (dcr 0x02f0) detected and corrected over 13573 seconds
- 1134449468 2005.12.12 R06-M1-N6-C:J15-U01 2005-12-12-20.51.08.353871 R06-M1-N6-C:J15-U01 RAS KERNEL INFO 2 torus receiver z- input pipe error(s) (dcr 0x02f1) detected and corrected over 13573 seconds
- 1134449468 2005.12.12 R06-M1-N6-C:J15-U01 2005-12-12-20.51.08.567737 R06-M1-N6-C:J15-U01 RAS KERNEL INFO 2 tree receiver 0 in re-synch state event(s) (dcr 0x01bc) detected over 13574 seconds
- 1134449468 2005.12.12 R06-M1-N6-C:J15-U01 2005-12-12-20.51.08.724463 R06-M1-N6-C:J15-U01 RAS KERNEL INFO 5 tree receiver 2 in re-synch state event(s) (dcr 0x019a) detected over 13574 seconds
- 1134449468 2005.12.12 R06-M1-N4-C:J13-U01 2005-12-12-20.51.08.908287 R06-M1-N4-C:J13-U01 RAS KERNEL INFO 1 L3 EDRAM error(s) (dcr 0x0157) detected and corrected over 13570 seconds
- 1134449469 2005.12.12 R77-M0-N8-C:J07-U01 2005-12-12-20.51.09.086865 R77-M0-N8-C:J07-U01 RAS KERNEL INFO 2 ddr error(s) detected and corrected on rank 0, symbol 7 over 13570 seconds
- 1134449469 2005.12.12 R77-M0-N8-C:J07-U01 2005-12-12-20.51.09.253634 R77-M0-N8-C:J07-U01 RAS KERNEL INFO total of 2 ddr error(s) detected and corrected over 13570 seconds
- 1134449469 2005.12.12 R42-M1-ND-C:J07-U11 2005-12-12-20.51.09.410327 R42-M1-ND-C:J07-U11 RAS KERNEL INFO 5 ddr error(s) detected and corrected on rank 0, symbol 20 over 13570 seconds
- 1134449469 2005.12.12 R42-M1-ND-C:J07-U11 2005-12-12-20.51.09.576412 R42-M1-ND-C:J07-U11 RAS KERNEL INFO total of 5 ddr error(s) detected and corrected over 13570 seconds
- 1134449469 2005.12.12 R57-M1-NC-C:J09-U11 2005-12-12-20.51.09.737443 R57-M1-NC-C:J09-U11 RAS KERNEL INFO 3 ddr error(s) detected and corrected on rank 0, symbol 21 over 13570 seconds
- 1134449469 2005.12.12 R57-M1-NC-C:J09-U11 2005-12-12-20.51.09.907189 R57-M1-NC-C:J09-U11 RAS KERNEL INFO total of 3 ddr error(s) detected and corrected over 13570 seconds
- 1134449470 2005.12.12 R60-M0-N6-C:J07-U11 2005-12-12-20.51.10.071775 R60-M0-N6-C:J07-U11 RAS KERNEL INFO 3 ddr error(s) detected and corrected on rank 0, symbol 25 over 13570 seconds
- 1134449470 2005.12.12 R60-M0-N6-C:J07-U11 2005-12-12-20.51.10.227003 R60-M0-N6-C:J07-U11 RAS KERNEL INFO total of 3 ddr error(s) detected and corrected over 13570 seconds
- 1134449470 2005.12.12 R61-M1-N9-C:J07-U11 2005-12-12-20.51.10.401085 R61-M1-N9-C:J07-U11 RAS KERNEL INFO 1 tree receiver 2 in re-synch state event(s) (dcr 0x019a) detected over 13570 seconds
- 1134449470 2005.12.12 R71-M1-NF-C:J05-U11 2005-12-12-20.51.10.575603 R71-M1-NF-C:J05-U11 RAS KERNEL INFO 1 ddr error(s) detected and corrected on rank 0, symbol 8 over 13570 seconds
- 1134449470 2005.12.12 R71-M1-NF-C:J05-U11 2005-12-12-20.51.10.739808 R71-M1-NF-C:J05-U11 RAS KERNEL INFO total of 1 ddr error(s) detected and corrected over 13570 seconds
- 1134449470 2005.12.12 R72-M0-N5-C:J07-U11 2005-12-12-20.51.10.890566 R72-M0-N5-C:J07-U11 RAS KERNEL INFO 6 ddr error(s) detected and corrected on rank 0, symbol 16 over 13570 seconds
- 1134449471 2005.12.12 R72-M0-N5-C:J07-U11 2005-12-12-20.51.11.039019 R72-M0-N5-C:J07-U11 RAS KERNEL INFO total of 6 ddr error(s) detected and corrected over 13570 seconds
- 1134449471 2005.12.12 R62-M0-NA-C:J07-U01 2005-12-12-20.51.11.193923 R62-M0-NA-C:J07-U01 RAS KERNEL INFO 4 ddr error(s) detected and corrected on rank 0, symbol 30 over 13570 seconds
- 1134449471 2005.12.12 R62-M0-NA-C:J07-U01 2005-12-12-20.51.11.344569 R62-M0-NA-C:J07-U01 RAS KERNEL INFO total of 4 ddr error(s) detected and corrected over 13570 seconds
- 1134449471 2005.12.12 R62-M0-N8-C:J03-U11 2005-12-12-20.51.11.502509 R62-M0-N8-C:J03-U11 RAS KERNEL INFO 3 ddr error(s) detected and corrected on rank 0, symbol 22 over 13570 seconds
- 1134449471 2005.12.12 R62-M0-N8-C:J03-U11 2005-12-12-20.51.11.658671 R62-M0-N8-C:J03-U11 RAS KERNEL INFO total of 3 ddr error(s) detected and corrected over 13570 seconds
- 1134449471 2005.12.12 R33-M0-N0-C:J03-U01 2005-12-12-20.51.11.808835 R33-M0-N0-C:J03-U01 RAS KERNEL INFO 1 ddr error(s) detected and corrected on rank 0, symbol 7 over 13570 seconds
- 1134449471 2005.12.12 R33-M0-N0-C:J03-U01 2005-12-12-20.51.11.957362 R33-M0-N0-C:J03-U01 RAS KERNEL INFO total of 1 ddr error(s) detected and corrected over 13570 seconds
- 1134449472 2005.12.12 R16-M1-N0-C:J03-U11 2005-12-12-20.51.12.111236 R16-M1-N0-C:J03-U11 RAS KERNEL INFO 1 ddr error(s) detected and corrected on rank 0, symbol 31 over 13570 seconds
- 1134449472 2005.12.12 R16-M1-N0-C:J03-U11 2005-12-12-20.51.12.280897 R16-M1-N0-C:J03-U11 RAS KERNEL INFO total of 1 ddr error(s) detected and corrected over 13570 seconds
- 1134449472 2005.12.12 R06-M1-N7-C:J09-U01 2005-12-12-20.51.12.437072 R06-M1-N7-C:J09-U01 RAS KERNEL INFO 2 ddr error(s) detected and corrected on rank 0, symbol 35 over 13570 seconds
- 1134449472 2005.12.12 R06-M1-N7-C:J09-U01 2005-12-12-20.51.12.610676 R06-M1-N7-C:J09-U01 RAS KERNEL INFO total of 2 ddr error(s) detected and corrected over 13570 seconds
- 1134449472 2005.12.12 R11-M1-N1-C:J03-U11 2005-12-12-20.51.12.776449 R11-M1-N1-C:J03-U11 RAS KERNEL INFO 1 ddr error(s) detected and corrected on rank 0, symbol 20 over 13570 seconds
- 1134449472 2005.12.12 R11-M1-N1-C:J03-U11 2005-12-12-20.51.12.935860 R11-M1-N1-C:J03-U11 RAS KERNEL INFO total of 1 ddr error(s) detected and corrected over 13570 seconds
- 1134449473 2005.12.12 R41-M1-N9-C:J12-U01 2005-12-12-20.51.13.117175 R41-M1-N9-C:J12-U01 RAS KERNEL INFO 1 ddr error(s) detected and corrected on rank 0, symbol 4 over 13570 seconds
- 1134449473 2005.12.12 R41-M1-N9-C:J12-U01 2005-12-12-20.51.13.273627 R41-M1-N9-C:J12-U01 RAS KERNEL INFO total of 1 ddr error(s) detected and corrected over 13570 seconds
- 1134449473 2005.12.12 R34-M1-N6-C:J10-U01 2005-12-12-20.51.13.429813 R34-M1-N6-C:J10-U01 RAS KERNEL INFO 21 ddr error(s) detected and corrected on rank 0, symbol 7 over 13570 seconds
- 1134449473 2005.12.12 R34-M1-N6-C:J10-U01 2005-12-12-20.51.13.591588 R34-M1-N6-C:J10-U01 RAS KERNEL INFO total of 21 ddr error(s) detected and corrected over 13570 seconds
- 1134449473 2005.12.12 R72-M0-N2-C:J12-U11 2005-12-12-20.51.13.793027 R72-M0-N2-C:J12-U11 RAS KERNEL INFO 81 ddr error(s) detected and corrected on rank 0, symbol 7 over 13570 seconds
- 1134449473 2005.12.12 R72-M0-N2-C:J12-U11 2005-12-12-20.51.13.958260 R72-M0-N2-C:J12-U11 RAS KERNEL INFO total of 81 ddr error(s) detected and corrected over 13570 seconds
- 1134449474 2005.12.12 R16-M1-N2-C:J12-U01 2005-12-12-20.51.14.131366 R16-M1-N2-C:J12-U01 RAS KERNEL INFO 88 ddr error(s) detected and corrected on rank 0, symbol 28 over 13570 seconds
- 1134449474 2005.12.12 R16-M1-N2-C:J12-U01 2005-12-12-20.51.14.272055 R16-M1-N2-C:J12-U01 RAS KERNEL INFO total of 88 ddr error(s) detected and corrected over 13570 seconds
- 1134449474 2005.12.12 R11-M1-N9-C:J12-U11 2005-12-12-20.51.14.462967 R11-M1-N9-C:J12-U11 RAS KERNEL INFO 2 ddr error(s) detected and corrected on rank 0, symbol 9 over 13570 seconds
- 1134449474 2005.12.12 R11-M1-N9-C:J12-U11 2005-12-12-20.51.14.623576 R11-M1-N9-C:J12-U11 RAS KERNEL INFO total of 2 ddr error(s) detected and corrected over 13570 seconds
- 1134449474 2005.12.12 R06-M1-ND-C:J10-U11 2005-12-12-20.51.14.777745 R06-M1-ND-C:J10-U11 RAS KERNEL INFO 1 ddr error(s) detected and corrected on rank 0, symbol 22 over 13570 seconds
- 1134449474 2005.12.12 R06-M1-ND-C:J10-U11 2005-12-12-20.51.14.943270 R06-M1-ND-C:J10-U11 RAS KERNEL INFO total of 1 ddr error(s) detected and corrected over 13570 seconds
- 1134449475 2005.12.12 R02-M1-N7-C:J16-U01 2005-12-12-20.51.15.109219 R02-M1-N7-C:J16-U01 RAS KERNEL INFO 1 ddr error(s) detected and corrected on rank 0, symbol 23 over 13570 seconds
- 1134449475 2005.12.12 R02-M1-N7-C:J16-U01 2005-12-12-20.51.15.263969 R02-M1-N7-C:J16-U01 RAS KERNEL INFO total of 1 ddr error(s) detected and corrected over 13570 seconds
- 1134449475 2005.12.12 R04-M0-N1-C:J10-U01 2005-12-12-20.51.15.435234 R04-M0-N1-C:J10-U01 RAS KERNEL INFO 3 ddr error(s) detected and corrected on rank 0, symbol 11 over 13570 seconds
- 1134449475 2005.12.12 R04-M0-N1-C:J10-U01 2005-12-12-20.51.15.609623 R04-M0-N1-C:J10-U01 RAS KERNEL INFO total of 3 ddr error(s) detected and corrected over 13570 seconds
- 1134449475 2005.12.12 R74-M1-N0-C:J12-U01 2005-12-12-20.51.15.773055 R74-M1-N0-C:J12-U01 RAS KERNEL INFO 1 ddr error(s) detected and corrected on rank 0, symbol 28 over 13570 seconds
- 1134449475 2005.12.12 R74-M1-N0-C:J12-U01 2005-12-12-20.51.15.943159 R74-M1-N0-C:J12-U01 RAS KERNEL INFO total of 1 ddr error(s) detected and corrected over 13570 seconds
- 1134449476 2005.12.12 R61-M0-N4-C:J10-U11 2005-12-12-20.51.16.109806 R61-M0-N4-C:J10-U11 RAS KERNEL INFO 1 ddr error(s) detected and corrected on rank 0, symbol 12 over 13570 seconds
- 1134449476 2005.12.12 R61-M0-N4-C:J10-U11 2005-12-12-20.51.16.278903 R61-M0-N4-C:J10-U11 RAS KERNEL INFO total of 1 ddr error(s) detected and corrected over 13570 seconds
- 1134449476 2005.12.12 R55-M0-N9-C:J06-U11 2005-12-12-20.51.16.438263 R55-M0-N9-C:J06-U11 RAS KERNEL INFO 14 torus receiver x+ input pipe error(s) (dcr 0x02ec) detected and corrected over 13570 seconds
- 1134449476 2005.12.12 R55-M0-N9-C:J06-U11 2005-12-12-20.51.16.596988 R55-M0-N9-C:J06-U11 RAS KERNEL INFO 3 torus receiver x- input pipe error(s) (dcr 0x02ed) detected and corrected over 13582 seconds
- 1134449476 2005.12.12 R55-M0-N9-C:J06-U11 2005-12-12-20.51.16.754571 R55-M0-N9-C:J06-U11 RAS KERNEL INFO 5 torus receiver y+ input pipe error(s) (dcr 0x02ee) detected and corrected over 13582 seconds
- 1134449476 2005.12.12 R55-M0-N9-C:J06-U11 2005-12-12-20.51.16.915202 R55-M0-N9-C:J06-U11 RAS KERNEL INFO 2 torus receiver y- input pipe error(s) (dcr 0x02ef) detected and corrected over 13582 seconds
- 1134449477 2005.12.12 R55-M0-N9-C:J06-U11 2005-12-12-20.51.17.088664 R55-M0-N9-C:J06-U11 RAS KERNEL INFO 2 torus receiver z+ input pipe error(s) (dcr 0x02f0) detected and corrected over 13582 seconds
- 1134449477 2005.12.12 R55-M0-N9-C:J06-U11 2005-12-12-20.51.17.242653 R55-M0-N9-C:J06-U11 RAS KERNEL INFO 13 torus receiver z- input pipe error(s) (dcr 0x02f1) detected and corrected over 13582 seconds
- 1134449477 2005.12.12 R55-M0-N9-C:J06-U11 2005-12-12-20.51.17.397038 R55-M0-N9-C:J06-U11 RAS KERNEL INFO 99 tree receiver 1 in re-synch state event(s) (dcr 0x0185) detected over 13582 seconds
- 1134449477 2005.12.12 R55-M0-N9-C:J06-U11 2005-12-12-20.51.17.559279 R55-M0-N9-C:J06-U11 RAS KERNEL INFO 117 tree receiver 2 in re-synch state event(s) (dcr 0x019a) detected over 13582 seconds
- 1134449477 2005.12.12 R44-M1-N4-C:J04-U01 2005-12-12-20.51.17.725234 R44-M1-N4-C:J04-U01 RAS KERNEL INFO 2 tree receiver 1 in re-synch state event(s) (dcr 0x0185) detected over 13570 seconds
- 1134449477 2005.12.12 R44-M1-N4-C:J04-U01 2005-12-12-20.51.17.883456 R44-M1-N4-C:J04-U01 RAS KERNEL INFO 2 tree receiver 2 in re-synch state event(s) (dcr 0x019a) detected over 13570 seconds
- 1134449478 2005.12.12 R45-M0-N4-C:J08-U01 2005-12-12-20.51.18.040429 R45-M0-N4-C:J08-U01 RAS KERNEL INFO 3 L3 EDRAM error(s) (dcr 0x0157) detected and corrected over 13570 seconds
- 1134449478 2005.12.12 R52-M1-NE-C:J08-U01 2005-12-12-20.51.18.219124 R52-M1-NE-C:J08-U01 RAS KERNEL INFO 1 ddr error(s) detected and corrected on rank 0, symbol 8 over 13570 seconds
- 1134449478 2005.12.12 R52-M1-NE-C:J08-U01 2005-12-12-20.51.18.379586 R52-M1-NE-C:J08-U01 RAS KERNEL INFO total of 1 ddr error(s) detected and corrected over 13570 seconds
- 1134449478 2005.12.12 R50-M0-NF-C:J04-U11 2005-12-12-20.51.18.542057 R50-M0-NF-C:J04-U11 RAS KERNEL INFO 1 ddr error(s) detected and corrected on rank 0, symbol 31 over 13570 seconds
- 1134449478 2005.12.12 R50-M0-NF-C:J04-U11 2005-12-12-20.51.18.703975 R50-M0-NF-C:J04-U11 RAS KERNEL INFO total of 1 ddr error(s) detected and corrected over 13570 seconds
- 1134449479 2005.12.12 R64-M1-N3-C:J11-U11 2005-12-12-20.51.19.086439 R64-M1-N3-C:J11-U11 RAS KERNEL INFO 1 ddr error(s) detected and corrected on rank 0, symbol 14 over 13570 seconds
- 1134449479 2005.12.12 R64-M1-N3-C:J11-U11 2005-12-12-20.51.19.249465 R64-M1-N3-C:J11-U11 RAS KERNEL INFO total of 1 ddr error(s) detected and corrected over 13570 seconds
- 1134449479 2005.12.12 R57-M0-NB-C:J07-U11 2005-12-12-20.51.19.416082 R57-M0-NB-C:J07-U11 RAS KERNEL INFO 1 ddr error(s) detected and corrected on rank 0, symbol 35 over 13570 seconds
- 1134449479 2005.12.12 R57-M0-NB-C:J07-U11 2005-12-12-20.51.19.587670 R57-M0-NB-C:J07-U11 RAS KERNEL INFO total of 1 ddr error(s) detected and corrected over 13570 seconds
- 1134449479 2005.12.12 R76-M1-NE-C:J03-U11 2005-12-12-20.51.19.738331 R76-M1-NE-C:J03-U11 RAS KERNEL INFO 1 tree receiver 1 in re-synch state event(s) (dcr 0x0185) detected over 13570 seconds
- 1134449479 2005.12.12 R76-M1-NE-C:J03-U11 2005-12-12-20.51.19.889917 R76-M1-NE-C:J03-U11 RAS KERNEL INFO 1 tree receiver 2 in re-synch state event(s) (dcr 0x019a) detected over 13570 seconds
- 1134449480 2005.12.12 R70-M0-NF-C:J05-U11 2005-12-12-20.51.20.045231 R70-M0-NF-C:J05-U11 RAS KERNEL INFO 310 ddr error(s) detected and corrected on rank 0, symbol 23 over 13570 seconds
- 1134449480 2005.12.12 R70-M0-NF-C:J05-U11 2005-12-12-20.51.20.217193 R70-M0-NF-C:J05-U11 RAS KERNEL INFO total of 310 ddr error(s) detected and corrected over 13570 seconds
- 1134449480 2005.12.12 R35-M1-NA-C:J09-U01 2005-12-12-20.51.20.440418 R35-M1-NA-C:J09-U01 RAS KERNEL INFO 5 L3 EDRAM error(s) (dcr 0x0157) detected and corrected over 13570 seconds
- 1134449480 2005.12.12 R51-M0-N3-C:J16-U01 2005-12-12-20.51.20.603518 R51-M0-N3-C:J16-U01 RAS KERNEL INFO 1 ddr error(s) detected and corrected on rank 0, symbol 7 over 13570 seconds
- 1134449480 2005.12.12 R51-M0-N3-C:J16-U01 2005-12-12-20.51.20.764785 R51-M0-N3-C:J16-U01 RAS KERNEL INFO total of 1 ddr error(s) detected and corrected over 13570 seconds
- 1134449480 2005.12.12 R33-M1-NF-C:J10-U11 2005-12-12-20.51.20.932983 R33-M1-NF-C:J10-U11 RAS KERNEL INFO 1 ddr error(s) detected and corrected on rank 0, symbol 29 over 13570 seconds
- 1134449481 2005.12.12 R33-M1-NF-C:J10-U11 2005-12-12-20.51.21.088164 R33-M1-NF-C:J10-U11 RAS KERNEL INFO total of 1 ddr error(s) detected and corrected over 13570 seconds
- 1134449481 2005.12.12 R22-M1-N2-C:J02-U01 2005-12-12-20.51.21.258213 R22-M1-N2-C:J02-U01 RAS KERNEL INFO 1 ddr error(s) detected and corrected on rank 0, symbol 1 over 13570 seconds
- 1134449481 2005.12.12 R22-M1-N2-C:J02-U01 2005-12-12-20.51.21.423233 R22-M1-N2-C:J02-U01 RAS KERNEL INFO total of 1 ddr error(s) detected and corrected over 13570 seconds
- 1134449481 2005.12.12 R15-M1-N6-C:J04-U11 2005-12-12-20.51.21.580760 R15-M1-N6-C:J04-U11 RAS KERNEL INFO 2 ddr error(s) detected and corrected on rank 0, symbol 14 over 13570 seconds
- 1134449481 2005.12.12 R15-M1-N6-C:J04-U11 2005-12-12-20.51.21.745642 R15-M1-N6-C:J04-U11 RAS KERNEL INFO total of 2 ddr error(s) detected and corrected over 13570 seconds
- 1134460294 2005.12.12 R03-M1-N9-C:J13-U01 2005-12-12-23.51.34.802313 R03-M1-N9-C:J13-U01 RAS KERNEL INFO critical input interrupt (unit=0x0b bit=0x17): warning for tree C1 wire, suppressing further interrupts of same type
- 1134460403 2005.12.12 R41-M1-NA-C:J15-U11 2005-12-12-23.53.23.617197 R41-M1-NA-C:J15-U11 RAS KERNEL INFO critical input interrupt (unit=0x0b bit=0x0a): warning for torus z+ wire, suppressing further interrupts of same type
- 1134460415 2005.12.12 R32-M0-NB-C:J06-U01 2005-12-12-23.53.35.487811 R32-M0-NB-C:J06-U01 RAS KERNEL INFO critical input interrupt (unit=0x0b bit=0x0b): warning for torus z- wire, suppressing further interrupts of same type
- 1134460815 2005.12.13 R43-M1-N2-C:J17-U01 2005-12-13-00.00.15.422829 R43-M1-N2-C:J17-U01 RAS KERNEL INFO critical input interrupt (unit=0x0b bit=0x03): warning for torus x- wire, suppressing further interrupts of same type
- 1134597609 2005.12.14 R62-M1-ND-C:J13-U11 2005-12-14-14.00.09.698192 R62-M1-ND-C:J13-U11 RAS KERNEL INFO 1 L3 EDRAM error(s) (dcr 0x0157) detected and corrected over 850 seconds
- 1134597609 2005.12.14 R06-M0-N0-C:J11-U01 2005-12-14-14.00.09.843123 R06-M0-N0-C:J11-U01 RAS KERNEL INFO 1 ddr error(s) detected and corrected on rank 0, symbol 4 over 850 seconds
- 1134597609 2005.12.14 R06-M0-N0-C:J11-U01 2005-12-14-14.00.09.945425 R06-M0-N0-C:J11-U01 RAS KERNEL INFO total of 1 ddr error(s) detected and corrected over 850 seconds
- 1134597610 2005.12.14 R35-M1-NA-C:J09-U01 2005-12-14-14.00.10.045756 R35-M1-NA-C:J09-U01 RAS KERNEL INFO 63 L3 EDRAM error(s) (dcr 0x0157) detected and corrected over 850 seconds
- 1134597610 2005.12.14 R02-M0-NC-C:J12-U01 2005-12-14-14.00.10.156884 R02-M0-NC-C:J12-U01 RAS KERNEL INFO 1 ddr error(s) detected and corrected on rank 0, symbol 35 over 850 seconds
- 1134597610 2005.12.14 R02-M0-NC-C:J12-U01 2005-12-14-14.00.10.245434 R02-M0-NC-C:J12-U01 RAS KERNEL INFO total of 1 ddr error(s) detected and corrected over 850 seconds
- 1134597610 2005.12.14 R55-M0-N9-C:J06-U11 2005-12-14-14.00.10.353796 R55-M0-N9-C:J06-U11 RAS KERNEL INFO 1 torus receiver x+ input pipe error(s) (dcr 0x02ec) detected and corrected over 850 seconds
- 1134597610 2005.12.14 R55-M0-N9-C:J06-U11 2005-12-14-14.00.10.466562 R55-M0-N9-C:J06-U11 RAS KERNEL INFO 1 torus receiver z- input pipe error(s) (dcr 0x02f1) detected and corrected over 852 seconds
- 1134597610 2005.12.14 R55-M0-N9-C:J06-U11 2005-12-14-14.00.10.579914 R55-M0-N9-C:J06-U11 RAS KERNEL INFO 8 tree receiver 1 in re-synch state event(s) (dcr 0x0185) detected over 852 seconds
- 1134597610 2005.12.14 R55-M0-N9-C:J06-U11 2005-12-14-14.00.10.705695 R55-M0-N9-C:J06-U11 RAS KERNEL INFO 8 tree receiver 2 in re-synch state event(s) (dcr 0x019a) detected over 852 seconds
- 1134624403 2005.12.14 R23-M0-N5-C:J12-U01 2005-12-14-21.26.43.610917 R23-M0-N5-C:J12-U01 RAS KERNEL INFO ddr: activating redundant bit steering for next allocation: rank=0 symbol=29
- 1134624403 2005.12.14 R23-M0-N5-C:J12-U01 2005-12-14-21.26.43.740064 R23-M0-N5-C:J12-U01 RAS KERNEL INFO ddr: Suppressing further CE interrupts
- 1134734753 2005.12.16 R26-M0-N1-C:J12-U11 2005-12-16-04.05.53.762871 R26-M0-N1-C:J12-U11 RAS KERNEL INFO data cache flush parity error detected. attempting to correct
- 1134758795 2005.12.16 R55-M0-N9-C:J06-U11 2005-12-16-10.46.35.783563 R55-M0-N9-C:J06-U11 RAS KERNEL INFO 3 tree receiver 1 in re-synch state event(s) (dcr 0x0185) detected over 353 seconds
- 1134758795 2005.12.16 R55-M0-N9-C:J06-U11 2005-12-16-10.46.35.902929 R55-M0-N9-C:J06-U11 RAS KERNEL INFO 4 tree receiver 2 in re-synch state event(s) (dcr 0x019a) detected over 353 seconds
- 1134758796 2005.12.16 R47-M0-NC-I:J18-U11 2005-12-16-10.46.36.572539 R47-M0-NC-I:J18-U11 RAS KERNEL INFO ciod: generated 1 core files for program /g/g0/hommes/bgl/dd3d.v1.5.0.1/dd3d
KERNMNTF 1134773043 2005.12.16 R31-M0-N8-I:J18-U11 2005-12-16-14.44.03.060029 R31-M0-N8-I:J18-U11 RAS KERNEL FATAL Lustre mount FAILED : bglio409 : block_id : location
KERNMNTF 1134773049 2005.12.16 R55-M0-N8-I:J18-U01 2005-12-16-14.44.09.110461 R55-M0-N8-I:J18-U01 RAS KERNEL FATAL Lustre mount FAILED : bglio730 : block_id : location
KERNMNTF 1134773054 2005.12.16 R44-M1-N0-I:J18-U01 2005-12-16-14.44.14.909564 R44-M1-N0-I:J18-U01 RAS KERNEL FATAL Lustre mount FAILED : bglio582 : block_id : location
KERNMNTF 1134773055 2005.12.16 R46-M1-NC-I:J18-U01 2005-12-16-14.44.15.876070 R46-M1-NC-I:J18-U01 RAS KERNEL FATAL Lustre mount FAILED : bglio624 : block_id : location
KERNMNTF 1134773062 2005.12.16 R22-M1-N4-I:J18-U11 2005-12-16-14.44.22.188114 R22-M1-N4-I:J18-U11 RAS KERNEL FATAL Lustre mount FAILED : bglio295 : block_id : location
- 1134784847 2005.12.16 R66-M0-N8-I:J18-U11 2005-12-16-18.00.47.402770 R66-M0-N8-I:J18-U11 RAS KERNEL INFO ciod: pollControlDescriptors: Detected the debugger died.
- 1134784847 2005.12.16 R66-M0-N8-I:J18-U01 2005-12-16-18.00.47.539854 R66-M0-N8-I:J18-U01 RAS KERNEL INFO ciod: pollControlDescriptors: Detected the debugger died.
- 1134784847 2005.12.16 R67-M0-N4-I:J18-U11 2005-12-16-18.00.47.678049 R67-M0-N4-I:J18-U11 RAS KERNEL INFO ciod: pollControlDescriptors: Detected the debugger died.
- 1134784847 2005.12.16 R67-M0-N4-I:J18-U01 2005-12-16-18.00.47.814571 R67-M0-N4-I:J18-U01 RAS KERNEL INFO ciod: pollControlDescriptors: Detected the debugger died.
- 1134784847 2005.12.16 R67-M0-N0-I:J18-U11 2005-12-16-18.00.47.958834 R67-M0-N0-I:J18-U11 RAS KERNEL INFO ciod: pollControlDescriptors: Detected the debugger died.
- 1134784848 2005.12.16 R67-M0-N0-I:J18-U01 2005-12-16-18.00.48.091440 R67-M0-N0-I:J18-U01 RAS KERNEL INFO ciod: pollControlDescriptors: Detected the debugger died.
- 1134784848 2005.12.16 R67-M0-N8-I:J18-U11 2005-12-16-18.00.48.233300 R67-M0-N8-I:J18-U11 RAS KERNEL INFO ciod: pollControlDescriptors: Detected the debugger died.
- 1134784848 2005.12.16 R67-M0-N8-I:J18-U01 2005-12-16-18.00.48.366770 R67-M0-N8-I:J18-U01 RAS KERNEL INFO ciod: pollControlDescriptors: Detected the debugger died.
- 1134784848 2005.12.16 R67-M0-NC-I:J18-U11 2005-12-16-18.00.48.505394 R67-M0-NC-I:J18-U11 RAS KERNEL INFO ciod: pollControlDescriptors: Detected the debugger died.
- 1134784848 2005.12.16 R67-M0-NC-I:J18-U01 2005-12-16-18.00.48.644854 R67-M0-NC-I:J18-U01 RAS KERNEL INFO ciod: pollControlDescriptors: Detected the debugger died.
- 1134784848 2005.12.16 R67-M1-NC-I:J18-U11 2005-12-16-18.00.48.773874 R67-M1-NC-I:J18-U11 RAS KERNEL INFO ciod: pollControlDescriptors: Detected the debugger died.
- 1134784848 2005.12.16 R67-M1-NC-I:J18-U01 2005-12-16-18.00.48.910450 R67-M1-NC-I:J18-U01 RAS KERNEL INFO ciod: pollControlDescriptors: Detected the debugger died.
- 1134784849 2005.12.16 R67-M1-N8-I:J18-U11 2005-12-16-18.00.49.042396 R67-M1-N8-I:J18-U11 RAS KERNEL INFO ciod: pollControlDescriptors: Detected the debugger died.
- 1134784849 2005.12.16 R67-M1-N8-I:J18-U01 2005-12-16-18.00.49.174610 R67-M1-N8-I:J18-U01 RAS KERNEL INFO ciod: pollControlDescriptors: Detected the debugger died.
- 1134784849 2005.12.16 R66-M1-N4-I:J18-U11 2005-12-16-18.00.49.305649 R66-M1-N4-I:J18-U11 RAS KERNEL INFO ciod: pollControlDescriptors: Detected the debugger died.
- 1134784849 2005.12.16 R66-M1-N4-I:J18-U01 2005-12-16-18.00.49.439594 R66-M1-N4-I:J18-U01 RAS KERNEL INFO ciod: pollControlDescriptors: Detected the debugger died.
- 1134784849 2005.12.16 R66-M0-N0-I:J18-U11 2005-12-16-18.00.49.563670 R66-M0-N0-I:J18-U11 RAS KERNEL INFO ciod: pollControlDescriptors: Detected the debugger died.
- 1134784849 2005.12.16 R66-M0-N0-I:J18-U01 2005-12-16-18.00.49.688826 R66-M0-N0-I:J18-U01 RAS KERNEL INFO ciod: pollControlDescriptors: Detected the debugger died.
- 1134784849 2005.12.16 R66-M1-N8-I:J18-U11 2005-12-16-18.00.49.814019 R66-M1-N8-I:J18-U11 RAS KERNEL INFO ciod: pollControlDescriptors: Detected the debugger died.
- 1134784849 2005.12.16 R66-M1-N8-I:J18-U01 2005-12-16-18.00.49.940363 R66-M1-N8-I:J18-U01 RAS KERNEL INFO ciod: pollControlDescriptors: Detected the debugger died.
- 1134784850 2005.12.16 R66-M0-NC-I:J18-U11 2005-12-16-18.00.50.060252 R66-M0-NC-I:J18-U11 RAS KERNEL INFO ciod: pollControlDescriptors: Detected the debugger died.
- 1134784850 2005.12.16 R66-M0-NC-I:J18-U01 2005-12-16-18.00.50.186705 R66-M0-NC-I:J18-U01 RAS KERNEL INFO ciod: pollControlDescriptors: Detected the debugger died.
- 1134784850 2005.12.16 R66-M0-N4-I:J18-U11 2005-12-16-18.00.50.318720 R66-M0-N4-I:J18-U11 RAS KERNEL INFO ciod: pollControlDescriptors: Detected the debugger died.
- 1134784850 2005.12.16 R66-M0-N4-I:J18-U01 2005-12-16-18.00.50.438360 R66-M0-N4-I:J18-U01 RAS KERNEL INFO ciod: pollControlDescriptors: Detected the debugger died.
- 1134784850 2005.12.16 R66-M1-N0-I:J18-U11 2005-12-16-18.00.50.557499 R66-M1-N0-I:J18-U11 RAS KERNEL INFO ciod: pollControlDescriptors: Detected the debugger died.
- 1134784850 2005.12.16 R66-M1-N0-I:J18-U01 2005-12-16-18.00.50.683248 R66-M1-N0-I:J18-U01 RAS KERNEL INFO ciod: pollControlDescriptors: Detected the debugger died.
- 1134784850 2005.12.16 R66-M1-NC-I:J18-U11 2005-12-16-18.00.50.809411 R66-M1-NC-I:J18-U11 RAS KERNEL INFO ciod: pollControlDescriptors: Detected the debugger died.
- 1134784850 2005.12.16 R66-M1-NC-I:J18-U01 2005-12-16-18.00.50.929048 R66-M1-NC-I:J18-U01 RAS KERNEL INFO ciod: pollControlDescriptors: Detected the debugger died.
- 1134784851 2005.12.16 R67-M1-N4-I:J18-U11 2005-12-16-18.00.51.056087 R67-M1-N4-I:J18-U11 RAS KERNEL INFO ciod: pollControlDescriptors: Detected the debugger died.
- 1134784851 2005.12.16 R67-M1-N4-I:J18-U01 2005-12-16-18.00.51.189159 R67-M1-N4-I:J18-U01 RAS KERNEL INFO ciod: pollControlDescriptors: Detected the debugger died.
- 1134784851 2005.12.16 R67-M1-N0-I:J18-U11 2005-12-16-18.00.51.307566 R67-M1-N0-I:J18-U11 RAS KERNEL INFO ciod: pollControlDescriptors: Detected the debugger died.
- 1134784851 2005.12.16 R67-M1-N0-I:J18-U01 2005-12-16-18.00.51.426682 R67-M1-N0-I:J18-U01 RAS KERNEL INFO ciod: pollControlDescriptors: Detected the debugger died.
- 1134849709 2005.12.17 R61-M1-ND-C:J07-U11 2005-12-17-12.01.49.450510 R61-M1-ND-C:J07-U11 RAS KERNEL INFO 1 ddr error(s) detected and corrected on rank 0, symbol 35 over 46 seconds
- 1134849709 2005.12.17 R61-M1-ND-C:J07-U11 2005-12-17-12.01.49.562359 R61-M1-ND-C:J07-U11 RAS KERNEL INFO total of 1 ddr error(s) detected and corrected over 46 seconds
- 1134849770 2005.12.17 R60-M0-N2-C:J12-U11 2005-12-17-12.02.50.380863 R60-M0-N2-C:J12-U11 RAS KERNEL INFO 1 ddr error(s) detected and corrected on rank 0, symbol 33 over 46 seconds
- 1134849770 2005.12.17 R60-M0-N2-C:J12-U11 2005-12-17-12.02.50.496180 R60-M0-N2-C:J12-U11 RAS KERNEL INFO total of 1 ddr error(s) detected and corrected over 46 seconds
KERNREC 1134849825 2005.12.17 R70-M1-NC-C:J02-U11 2005-12-17-12.03.45.529970 R70-M1-NC-C:J02-U11 RAS KERNEL FATAL Error receiving packet on tree network, packet index 262144 greater than max 366 (softheader=00000002 00000001 0008882c 00040000) PSR0=00006f06 PSR1=00000000 PRXF=00000002 PIXF=00000007
- 1134849828 2005.12.17 R51-M1-N4-C:J07-U01 2005-12-17-12.03.48.465354 R51-M1-N4-C:J07-U01 RAS KERNEL INFO 2 torus receiver x+ input pipe error(s) (dcr 0x02ec) detected and corrected over 58 seconds
- 1134849828 2005.12.17 R51-M1-N4-C:J07-U01 2005-12-17-12.03.48.563253 R51-M1-N4-C:J07-U01 RAS KERNEL INFO 2 torus receiver x- input pipe error(s) (dcr 0x02ed) detected and corrected over 59 seconds
- 1134849828 2005.12.17 R51-M1-N4-C:J07-U01 2005-12-17-12.03.48.593075 R51-M1-N4-C:J07-U01 RAS KERNEL INFO 2 torus receiver y+ input pipe error(s) (dcr 0x02ee) detected and corrected over 59 seconds
- 1134849828 2005.12.17 R51-M1-N4-C:J07-U01 2005-12-17-12.03.48.623120 R51-M1-N4-C:J07-U01 RAS KERNEL INFO 2 torus receiver y- input pipe error(s) (dcr 0x02ef) detected and corrected over 59 seconds
- 1134849828 2005.12.17 R51-M1-N4-C:J07-U01 2005-12-17-12.03.48.646576 R51-M1-N4-C:J07-U01 RAS KERNEL INFO 2 torus receiver z+ input pipe error(s) (dcr 0x02f0) detected and corrected over 59 seconds
- 1134849828 2005.12.17 R51-M1-N4-C:J07-U01 2005-12-17-12.03.48.671407 R51-M1-N4-C:J07-U01 RAS KERNEL INFO 2 torus receiver z- input pipe error(s) (dcr 0x02f1) detected and corrected over 59 seconds
- 1134849828 2005.12.17 R40-M0-NE-C:J12-U11 2005-12-17-12.03.48.705574 R40-M0-NE-C:J12-U11 RAS KERNEL INFO 1 ddr error(s) detected and corrected on rank 0, symbol 10 over 58 seconds
- 1134849828 2005.12.17 R60-M0-N2-C:J12-U11 2005-12-17-12.03.48.762976 R60-M0-N2-C:J12-U11 RAS KERNEL INFO 1 ddr error(s) detected and corrected on rank 0, symbol 33 over 41 seconds
- 1134849828 2005.12.17 R40-M0-NE-C:J12-U11 2005-12-17-12.03.48.796673 R40-M0-NE-C:J12-U11 RAS KERNEL INFO total of 1 ddr error(s) detected and corrected over 58 seconds
- 1134849828 2005.12.17 R60-M0-N2-C:J12-U11 2005-12-17-12.03.48.807842 R60-M0-N2-C:J12-U11 RAS KERNEL INFO total of 1 ddr error(s) detected and corrected over 41 seconds
- 1134849828 2005.12.17 R42-M1-N4-C:J16-U01 2005-12-17-12.03.48.842139 R42-M1-N4-C:J16-U01 RAS KERNEL INFO 1 L3 directory error(s) (dcr 0x0152) detected and corrected over 58 seconds
- 1134849828 2005.12.17 R56-M0-NE-C:J06-U01 2005-12-17-12.03.48.965420 R56-M0-NE-C:J06-U01 RAS KERNEL INFO 1 ddr error(s) detected and corrected on rank 0, symbol 7 over 58 seconds
- 1134849828 2005.12.17 R56-M0-NE-C:J06-U01 2005-12-17-12.03.48.987460 R56-M0-NE-C:J06-U01 RAS KERNEL INFO total of 1 ddr error(s) detected and corrected over 58 seconds
- 1134849829 2005.12.17 R55-M0-N9-C:J06-U11 2005-12-17-12.03.49.015184 R55-M0-N9-C:J06-U11 RAS KERNEL INFO 1 torus receiver x+ input pipe error(s) (dcr 0x02ec) detected and corrected over 58 seconds
- 1134849829 2005.12.17 R55-M0-N9-C:J06-U11 2005-12-17-12.03.49.521098 R55-M0-N9-C:J06-U11 RAS KERNEL INFO 1 torus receiver y+ input pipe error(s) (dcr 0x02ee) detected and corrected over 60 seconds
- 1134849829 2005.12.17 R55-M0-N9-C:J06-U11 2005-12-17-12.03.49.550548 R55-M0-N9-C:J06-U11 RAS KERNEL INFO 2 torus receiver z- input pipe error(s) (dcr 0x02f1) detected and corrected over 60 seconds
- 1134849829 2005.12.17 R44-M1-N4-C:J04-U01 2005-12-17-12.03.49.589961 R44-M1-N4-C:J04-U01 RAS KERNEL INFO 2 torus receiver x+ input pipe error(s) (dcr 0x02ec) detected and corrected over 58 seconds
- 1134849829 2005.12.17 R44-M1-N4-C:J04-U01 2005-12-17-12.03.49.736772 R44-M1-N4-C:J04-U01 RAS KERNEL INFO 1 torus receiver y+ input pipe error(s) (dcr 0x02ee) detected and corrected over 60 seconds
- 1134849886 2005.12.17 R60-M0-N2-C:J12-U11 2005-12-17-12.04.46.090014 R60-M0-N2-C:J12-U11 RAS KERNEL INFO 1 ddr error(s) detected and corrected on rank 0, symbol 33 over 41 seconds
- 1134849886 2005.12.17 R60-M0-N2-C:J12-U11 2005-12-17-12.04.46.208718 R60-M0-N2-C:J12-U11 RAS KERNEL INFO total of 1 ddr error(s) detected and corrected over 41 seconds
- 1134901476 2005.12.18 R25-M1-N7-C:J13-U11 2005-12-18-02.24.36.231163 R25-M1-N7-C:J13-U11 RAS KERNEL INFO 6 ddr error(s) detected and corrected on rank 0, symbol 21 over 1347 seconds
- 1134901476 2005.12.18 R25-M1-N7-C:J13-U11 2005-12-18-02.24.36.350647 R25-M1-N7-C:J13-U11 RAS KERNEL INFO total of 6 ddr error(s) detected and corrected over 1347 seconds
- 1134901476 2005.12.18 R23-M1-N3-C:J17-U11 2005-12-18-02.24.36.482760 R23-M1-N3-C:J17-U11 RAS KERNEL INFO 2 L3 EDRAM error(s) (dcr 0x0157) detected and corrected over 1347 seconds
- 1134901476 2005.12.18 R23-M1-N3-C:J17-U11 2005-12-18-02.24.36.596587 R23-M1-N3-C:J17-U11 RAS KERNEL INFO 2 L3 EDRAM error(s) (dcr 0x0157) detected and corrected over 1347 seconds
- 1134901476 2005.12.18 R17-M0-NA-C:J13-U01 2005-12-18-02.24.36.731517 R17-M0-NA-C:J13-U01 RAS KERNEL INFO 2 ddr error(s) detected and corrected on rank 0, symbol 22 over 1347 seconds
- 1134901476 2005.12.18 R17-M0-NA-C:J13-U01 2005-12-18-02.24.36.835242 R17-M0-NA-C:J13-U01 RAS KERNEL INFO total of 2 ddr error(s) detected and corrected over 1347 seconds
- 1134901476 2005.12.18 R20-M1-NF-C:J07-U01 2005-12-18-02.24.36.959050 R20-M1-NF-C:J07-U01 RAS KERNEL INFO 3 ddr error(s) detected and corrected on rank 0, symbol 30 over 1347 seconds
- 1134901477 2005.12.18 R20-M1-NF-C:J07-U01 2005-12-18-02.24.37.074346 R20-M1-NF-C:J07-U01 RAS KERNEL INFO total of 3 ddr error(s) detected and corrected over 1347 seconds
- 1134901477 2005.12.18 R22-M0-N9-C:J03-U01 2005-12-18-02.24.37.263275 R22-M0-N9-C:J03-U01 RAS KERNEL INFO 2 L3 EDRAM error(s) (dcr 0x0157) detected and corrected over 1347 seconds
- 1134901477 2005.12.18 R22-M0-N9-C:J03-U01 2005-12-18-02.24.37.404412 R22-M0-N9-C:J03-U01 RAS KERNEL INFO 2 L3 EDRAM error(s) (dcr 0x0157) detected and corrected over 1347 seconds
- 1134901477 2005.12.18 R13-M0-NB-C:J16-U01 2005-12-18-02.24.37.532189 R13-M0-NB-C:J16-U01 RAS KERNEL INFO 1 ddr error(s) detected and corrected on rank 0, symbol 19 over 1347 seconds
- 1134901477 2005.12.18 R13-M0-NB-C:J16-U01 2005-12-18-02.24.37.636468 R13-M0-NB-C:J16-U01 RAS KERNEL INFO total of 1 ddr error(s) detected and corrected over 1347 seconds
- 1134901477 2005.12.18 R37-M0-N5-C:J08-U01 2005-12-18-02.24.37.759737 R37-M0-N5-C:J08-U01 RAS KERNEL INFO 1 ddr error(s) detected and corrected on rank 0, symbol 11 over 1347 seconds
- 1134901477 2005.12.18 R37-M0-N5-C:J08-U01 2005-12-18-02.24.37.870266 R37-M0-N5-C:J08-U01 RAS KERNEL INFO total of 1 ddr error(s) detected and corrected over 1347 seconds
- 1134901477 2005.12.18 R30-M1-N7-C:J02-U01 2005-12-18-02.24.37.999155 R30-M1-N7-C:J02-U01 RAS KERNEL INFO 1 L3 EDRAM error(s) (dcr 0x0157) detected and corrected over 1347 seconds
- 1134901478 2005.12.18 R30-M1-N7-C:J02-U01 2005-12-18-02.24.38.104160 R30-M1-N7-C:J02-U01 RAS KERNEL INFO 1 L3 EDRAM error(s) (dcr 0x0157) detected and corrected over 1347 seconds
KERNMC 1134931310 2005.12.18 R62-M1-NA-C:J14-U01 2005-12-18-10.41.50.687457 R62-M1-NA-C:J14-U01 RAS KERNEL FATAL machine check interrupt
- 1134931310 2005.12.18 R62-M1-NA-C:J14-U01 2005-12-18-10.41.50.792151 R62-M1-NA-C:J14-U01 RAS KERNEL FATAL instruction address: 0x004d1eec
- 1134931310 2005.12.18 R62-M1-NA-C:J14-U01 2005-12-18-10.41.50.924244 R62-M1-NA-C:J14-U01 RAS KERNEL FATAL Machine Check Status Register: 0x81000000
- 1134931311 2005.12.18 R62-M1-NA-C:J14-U01 2005-12-18-10.41.51.060062 R62-M1-NA-C:J14-U01 RAS KERNEL FATAL machine check summary.............1
- 1134931311 2005.12.18 R62-M1-NA-C:J14-U01 2005-12-18-10.41.51.199227 R62-M1-NA-C:J14-U01 RAS KERNEL FATAL instruction plb error.............0
- 1134931311 2005.12.18 R62-M1-NA-C:J14-U01 2005-12-18-10.41.51.316173 R62-M1-NA-C:J14-U01 RAS KERNEL FATAL data read plb error...............0
- 1134931311 2005.12.18 R62-M1-NA-C:J14-U01 2005-12-18-10.41.51.456775 R62-M1-NA-C:J14-U01 RAS KERNEL FATAL data write plb error..............0
- 1134931311 2005.12.18 R62-M1-NA-C:J14-U01 2005-12-18-10.41.51.592039 R62-M1-NA-C:J14-U01 RAS KERNEL FATAL tlb error.........................0
- 1134931311 2005.12.18 R62-M1-NA-C:J14-U01 2005-12-18-10.41.51.736580 R62-M1-NA-C:J14-U01 RAS KERNEL FATAL i-cache parity error..............0
- 1134931311 2005.12.18 R62-M1-NA-C:J14-U01 2005-12-18-10.41.51.882005 R62-M1-NA-C:J14-U01 RAS KERNEL FATAL d-cache search parity error.......0
- 1134931312 2005.12.18 R62-M1-NA-C:J14-U01 2005-12-18-10.41.52.014408 R62-M1-NA-C:J14-U01 RAS KERNEL FATAL d-cache flush parity error........1
- 1134931312 2005.12.18 R62-M1-NA-C:J14-U01 2005-12-18-10.41.52.139557 R62-M1-NA-C:J14-U01 RAS KERNEL FATAL imprecise machine check...........0
- 1134931312 2005.12.18 R62-M1-NA-C:J14-U01 2005-12-18-10.41.52.266162 R62-M1-NA-C:J14-U01 RAS KERNEL FATAL Machine State Register: 0x0002f900
- 1134931312 2005.12.18 R62-M1-NA-C:J14-U01 2005-12-18-10.41.52.390579 R62-M1-NA-C:J14-U01 RAS KERNEL FATAL wait state enable.................0
- 1134931312 2005.12.18 R62-M1-NA-C:J14-U01 2005-12-18-10.41.52.522645 R62-M1-NA-C:J14-U01 RAS KERNEL FATAL critical input interrupt enable...1
- 1134931312 2005.12.18 R62-M1-NA-C:J14-U01 2005-12-18-10.41.52.648662 R62-M1-NA-C:J14-U01 RAS KERNEL FATAL external input interrupt enable...1
- 1134931312 2005.12.18 R62-M1-NA-C:J14-U01 2005-12-18-10.41.52.841398 R62-M1-NA-C:J14-U01 RAS KERNEL FATAL problem state (0=sup,1=usr).......1
- 1134931312 2005.12.18 R62-M1-NA-C:J14-U01 2005-12-18-10.41.52.989118 R62-M1-NA-C:J14-U01 RAS KERNEL FATAL floating point instr. enabled.....1
- 1134931313 2005.12.18 R62-M1-NA-C:J14-U01 2005-12-18-10.41.53.117272 R62-M1-NA-C:J14-U01 RAS KERNEL FATAL machine check enable..............1
- 1134931313 2005.12.18 R62-M1-NA-C:J14-U01 2005-12-18-10.41.53.248900 R62-M1-NA-C:J14-U01 RAS KERNEL FATAL floating pt ex mode 0 enable......1
- 1134931313 2005.12.18 R62-M1-NA-C:J14-U01 2005-12-18-10.41.53.385471 R62-M1-NA-C:J14-U01 RAS KERNEL FATAL debug wait enable.................0
- 1134931313 2005.12.18 R62-M1-NA-C:J14-U01 2005-12-18-10.41.53.512617 R62-M1-NA-C:J14-U01 RAS KERNEL FATAL debug interrupt enable............0
- 1134931313 2005.12.18 R62-M1-NA-C:J14-U01 2005-12-18-10.41.53.644082 R62-M1-NA-C:J14-U01 RAS KERNEL FATAL floating pt ex mode 1 enable......1
- 1134931313 2005.12.18 R62-M1-NA-C:J14-U01 2005-12-18-10.41.53.770721 R62-M1-NA-C:J14-U01 RAS KERNEL FATAL instruction address space.........0
- 1134931313 2005.12.18 R62-M1-NA-C:J14-U01 2005-12-18-10.41.53.908032 R62-M1-NA-C:J14-U01 RAS KERNEL FATAL data address space................0
- 1134931314 2005.12.18 R62-M1-NA-C:J14-U01 2005-12-18-10.41.54.045390 R62-M1-NA-C:J14-U01 RAS KERNEL FATAL Core Configuration Register 0: 0x00002000
- 1134931314 2005.12.18 R62-M1-NA-C:J14-U01 2005-12-18-10.41.54.180557 R62-M1-NA-C:J14-U01 RAS KERNEL FATAL disable store gathering..................0
- 1134931314 2005.12.18 R62-M1-NA-C:J14-U01 2005-12-18-10.41.54.317398 R62-M1-NA-C:J14-U01 RAS KERNEL FATAL disable apu instruction broadcast........0
- 1134931314 2005.12.18 R62-M1-NA-C:J14-U01 2005-12-18-10.41.54.447679 R62-M1-NA-C:J14-U01 RAS KERNEL FATAL disable trace broadcast..................0
- 1134931314 2005.12.18 R62-M1-NA-C:J14-U01 2005-12-18-10.41.54.577941 R62-M1-NA-C:J14-U01 RAS KERNEL FATAL guaranteed instruction cache block touch.0
- 1134931314 2005.12.18 R62-M1-NA-C:J14-U01 2005-12-18-10.41.54.708989 R62-M1-NA-C:J14-U01 RAS KERNEL FATAL guaranteed data cache block touch........1
- 1134931314 2005.12.18 R62-M1-NA-C:J14-U01 2005-12-18-10.41.54.849312 R62-M1-NA-C:J14-U01 RAS KERNEL FATAL force load/store alignment...............0
- 1134931314 2005.12.18 R62-M1-NA-C:J14-U01 2005-12-18-10.41.54.984681 R62-M1-NA-C:J14-U01 RAS KERNEL FATAL icache prefetch depth....................0
- 1134931315 2005.12.18 R62-M1-NA-C:J14-U01 2005-12-18-10.41.55.115513 R62-M1-NA-C:J14-U01 RAS KERNEL FATAL icache prefetch threshold................0
- 1134931315 2005.12.18 R62-M1-NA-C:J14-U01 2005-12-18-10.41.55.242254 R62-M1-NA-C:J14-U01 RAS KERNEL FATAL General Purpose Registers:
- 1134931315 2005.12.18 R62-M1-NA-C:J14-U01 2005-12-18-10.41.55.379511 R62-M1-NA-C:J14-U01 RAS KERNEL FATAL r00=0x00000001 r01=0x1ffa9410 r02=0x1eeeeeee r03=0x000006f8
- 1134931315 2005.12.18 R62-M1-NA-C:J14-U01 2005-12-18-10.41.55.518044 R62-M1-NA-C:J14-U01 RAS KERNEL FATAL r04=0x000006f0 r05=0x0194adb8 r06=0x0194adb0 r07=0x056a2a20
- 1134931315 2005.12.18 R62-M1-NA-C:J14-U01 2005-12-18-10.41.55.642162 R62-M1-NA-C:J14-U01 RAS KERNEL FATAL r08=0x00055800 r09=0x00055800 r10=0x01349d58 r11=0x00000002
- 1134931315 2005.12.18 R62-M1-NA-C:J14-U01 2005-12-18-10.41.55.791183 R62-M1-NA-C:J14-U01 RAS KERNEL FATAL r12=0x00a1c2a0 r13=0x1eeeeeee r14=0x00e60000 r15=0x00000006
- 1134931315 2005.12.18 R62-M1-NA-C:J14-U01 2005-12-18-10.41.55.922087 R62-M1-NA-C:J14-U01 RAS KERNEL FATAL r16=0x00d4e260 r17=0xfffead80 r18=0x00000072 r19=0x00c8e140
- 1134931316 2005.12.18 R62-M1-NA-C:J14-U01 2005-12-18-10.41.56.060157 R62-M1-NA-C:J14-U01 RAS KERNEL FATAL r20=0x00dde3b0 r21=0x00d8fd70 r22=0x01344e10 r23=0x00000001
- 1134931316 2005.12.18 R62-M1-NA-C:J14-U01 2005-12-18-10.41.56.191894 R62-M1-NA-C:J14-U01 RAS KERNEL FATAL r24=0x00d913d0 r25=0x0002a000 r26=0x00000000 r27=0x00001500
- 1134931316 2005.12.18 R62-M1-NA-C:J14-U01 2005-12-18-10.41.56.323636 R62-M1-NA-C:J14-U01 RAS KERNEL FATAL r28=0x00a1bed0 r29=0x007f9c08 r30=0x00000380 r31=0x00d945b8
- 1134931316 2005.12.18 R62-M1-NA-C:J14-U01 2005-12-18-10.41.56.454139 R62-M1-NA-C:J14-U01 RAS KERNEL FATAL Special Purpose Registers:
- 1134931316 2005.12.18 R62-M1-NA-C:J14-U01 2005-12-18-10.41.56.593174 R62-M1-NA-C:J14-U01 RAS KERNEL FATAL lr=0x004d1ea4 cr=0x42000820 xer=0x20000002 ctr=0x00000002
- 1134931316 2005.12.18 R62-M1-NA-C:J14-U01 2005-12-18-10.41.56.726859 R62-M1-NA-C:J14-U01 RAS KERNEL FATAL msr=0x0002f900 dear=0x00000000 esr=0x00000000 fpscr=0x8a024000
- 1134931316 2005.12.18 R62-M1-NA-C:J14-U01 2005-12-18-10.41.56.861899 R62-M1-NA-C:J14-U01 RAS KERNEL FATAL dbcr0=0x00000000 dbsr=0x00000000 ccr0=0x00002000
- 1134931316 2005.12.18 R62-M1-NA-C:J14-U01 2005-12-18-10.41.56.999333 R62-M1-NA-C:J14-U01 RAS KERNEL FATAL Floating Point Status and Control Register: 0x8a024000
- 1134931317 2005.12.18 R62-M1-NA-C:J14-U01 2005-12-18-10.41.57.136966 R62-M1-NA-C:J14-U01 RAS KERNEL FATAL exception summary........................1
- 1134931317 2005.12.18 R62-M1-NA-C:J14-U01 2005-12-18-10.41.57.271672 R62-M1-NA-C:J14-U01 RAS KERNEL FATAL enabled exception summary................0
- 1134931317 2005.12.18 R62-M1-NA-C:J14-U01 2005-12-18-10.41.57.395968 R62-M1-NA-C:J14-U01 RAS KERNEL FATAL invalid operation exception summary......0
- 1134931317 2005.12.18 R62-M1-NA-C:J14-U01 2005-12-18-10.41.57.514696 R62-M1-NA-C:J14-U01 RAS KERNEL FATAL overflow exception.......................0
- 1134931317 2005.12.18 R62-M1-NA-C:J14-U01 2005-12-18-10.41.57.642054 R62-M1-NA-C:J14-U01 RAS KERNEL FATAL underflow exception......................1
- 1134931317 2005.12.18 R62-M1-NA-C:J14-U01 2005-12-18-10.41.57.767247 R62-M1-NA-C:J14-U01 RAS KERNEL FATAL divide-by-zero exception.................0
- 1134931317 2005.12.18 R62-M1-NA-C:J14-U01 2005-12-18-10.41.57.961544 R62-M1-NA-C:J14-U01 RAS KERNEL FATAL inexact exception........................1
- 1134931318 2005.12.18 R62-M1-NA-C:J14-U01 2005-12-18-10.41.58.151103 R62-M1-NA-C:J14-U01 RAS KERNEL FATAL invalid (SNAN)...........................0
- 1134931318 2005.12.18 R62-M1-NA-C:J14-U01 2005-12-18-10.41.58.275627 R62-M1-NA-C:J14-U01 RAS KERNEL FATAL invalid (Inf-Inf)........................0
- 1134931318 2005.12.18 R62-M1-NA-C:J14-U01 2005-12-18-10.41.58.401501 R62-M1-NA-C:J14-U01 RAS KERNEL FATAL invalid (Inf/Inf)........................0
- 1134931318 2005.12.18 R62-M1-NA-C:J14-U01 2005-12-18-10.41.58.528517 R62-M1-NA-C:J14-U01 RAS KERNEL FATAL invalid (Zero/Zero)......................0
- 1134931318 2005.12.18 R62-M1-NA-C:J14-U01 2005-12-18-10.41.58.652440 R62-M1-NA-C:J14-U01 RAS KERNEL FATAL invalid (Inf/Zero).......................0
- 1134931318 2005.12.18 R62-M1-NA-C:J14-U01 2005-12-18-10.41.58.772803 R62-M1-NA-C:J14-U01 RAS KERNEL FATAL invalid (compare)........................0
- 1134931318 2005.12.18 R62-M1-NA-C:J14-U01 2005-12-18-10.41.58.894034 R62-M1-NA-C:J14-U01 RAS KERNEL FATAL fraction rounded.........................0
- 1134931319 2005.12.18 R62-M1-NA-C:J14-U01 2005-12-18-10.41.59.024114 R62-M1-NA-C:J14-U01 RAS KERNEL FATAL fraction inexact.........................1
- 1134931319 2005.12.18 R62-M1-NA-C:J14-U01 2005-12-18-10.41.59.143059 R62-M1-NA-C:J14-U01 RAS KERNEL FATAL quiet NaN................................0
- 1134931319 2005.12.18 R62-M1-NA-C:J14-U01 2005-12-18-10.41.59.282962 R62-M1-NA-C:J14-U01 RAS KERNEL FATAL minus inf................................0
- 1134931319 2005.12.18 R62-M1-NA-C:J14-U01 2005-12-18-10.41.59.405823 R62-M1-NA-C:J14-U01 RAS KERNEL FATAL minus normalized number..................0
- 1134931319 2005.12.18 R62-M1-NA-C:J14-U01 2005-12-18-10.41.59.525609 R62-M1-NA-C:J14-U01 RAS KERNEL FATAL minus denormalized number................0
- 1134931319 2005.12.18 R62-M1-NA-C:J14-U01 2005-12-18-10.41.59.646162 R62-M1-NA-C:J14-U01 RAS KERNEL FATAL minus zero...............................0
- 1134931319 2005.12.18 R62-M1-NA-C:J14-U01 2005-12-18-10.41.59.767264 R62-M1-NA-C:J14-U01 RAS KERNEL FATAL plus zero................................0
- 1134931319 2005.12.18 R62-M1-NA-C:J14-U01 2005-12-18-10.41.59.893056 R62-M1-NA-C:J14-U01 RAS KERNEL FATAL plus denormalized number.................0
- 1134931320 2005.12.18 R62-M1-NA-C:J14-U01 2005-12-18-10.42.00.025623 R62-M1-NA-C:J14-U01 RAS KERNEL FATAL plus normalized number...................1
- 1134931320 2005.12.18 R62-M1-NA-C:J14-U01 2005-12-18-10.42.00.144544 R62-M1-NA-C:J14-U01 RAS KERNEL FATAL plus infinity............................0
- 1134931320 2005.12.18 R62-M1-NA-C:J14-U01 2005-12-18-10.42.00.261489 R62-M1-NA-C:J14-U01 RAS KERNEL FATAL reserved.................................0
- 1134931320 2005.12.18 R62-M1-NA-C:J14-U01 2005-12-18-10.42.00.380112 R62-M1-NA-C:J14-U01 RAS KERNEL FATAL invalid operation exception (software)...0
- 1134931320 2005.12.18 R62-M1-NA-C:J14-U01 2005-12-18-10.42.00.497105 R62-M1-NA-C:J14-U01 RAS KERNEL FATAL invalid operation exception (sqrt).......0
- 1134931320 2005.12.18 R62-M1-NA-C:J14-U01 2005-12-18-10.42.00.612962 R62-M1-NA-C:J14-U01 RAS KERNEL FATAL invalid operation exception (int cnvt)...0
- 1134931320 2005.12.18 R62-M1-NA-C:J14-U01 2005-12-18-10.42.00.733555 R62-M1-NA-C:J14-U01 RAS KERNEL FATAL enable invalid operation exceptions......0
- 1134931320 2005.12.18 R62-M1-NA-C:J14-U01 2005-12-18-10.42.00.879268 R62-M1-NA-C:J14-U01 RAS KERNEL FATAL enable overflow exceptions...............0
- 1134931321 2005.12.18 R62-M1-NA-C:J14-U01 2005-12-18-10.42.01.002579 R62-M1-NA-C:J14-U01 RAS KERNEL FATAL enable underflow exceptions..............0
- 1134931321 2005.12.18 R62-M1-NA-C:J14-U01 2005-12-18-10.42.01.122943 R62-M1-NA-C:J14-U01 RAS KERNEL FATAL enable divide-by-zero exceptions.........0
- 1134931321 2005.12.18 R62-M1-NA-C:J14-U01 2005-12-18-10.42.01.245777 R62-M1-NA-C:J14-U01 RAS KERNEL FATAL enable inexact exceptions................0
- 1134931321 2005.12.18 R62-M1-NA-C:J14-U01 2005-12-18-10.42.01.374180 R62-M1-NA-C:J14-U01 RAS KERNEL FATAL enable non-IEEE mode.....................0
- 1134931321 2005.12.18 R62-M1-NA-C:J14-U01 2005-12-18-10.42.01.494144 R62-M1-NA-C:J14-U01 RAS KERNEL FATAL round nearest............................0
- 1134931321 2005.12.18 R62-M1-NA-C:J14-U01 2005-12-18-10.42.01.616301 R62-M1-NA-C:J14-U01 RAS KERNEL FATAL round toward zero........................0
- 1134931321 2005.12.18 R62-M1-NA-C:J14-U01 2005-12-18-10.42.01.745586 R62-M1-NA-C:J14-U01 RAS KERNEL FATAL round toward +infinity...................0
- 1134931321 2005.12.18 R62-M1-NA-C:J14-U01 2005-12-18-10.42.01.878278 R62-M1-NA-C:J14-U01 RAS KERNEL FATAL round toward -infinity...................0
- 1134931321 2005.12.18 R62-M1-NA-C:J14-U01 2005-12-18-10.42.01.996808 R62-M1-NA-C:J14-U01 RAS KERNEL FATAL Floating Point Registers:
- 1134931322 2005.12.18 R62-M1-NA-C:J14-U01 2005-12-18-10.42.02.117363 R62-M1-NA-C:J14-U01 RAS KERNEL FATAL fpr0=0xf7b9a788 0001827f 3f6a8c91 3ec756aa
- 1134931322 2005.12.18 R62-M1-NA-C:J14-U01 2005-12-18-10.42.02.238698 R62-M1-NA-C:J14-U01 RAS KERNEL FATAL fpr1=0x01077800 8ff2ff96 d0e7aef3 3eca2702
- 1134931322 2005.12.18 R62-M1-NA-C:J14-U01 2005-12-18-10.42.02.362876 R62-M1-NA-C:J14-U01 RAS KERNEL FATAL fpr2=0x00017ba6 00000000 a858080e 3f9e315a
- 1134931322 2005.12.18 R62-M1-NA-C:J14-U01 2005-12-18-10.42.02.488677 R62-M1-NA-C:J14-U01 RAS KERNEL FATAL fpr3=0x00000000 8f2c2960 90140eab 3fa24e17
- 1134931322 2005.12.18 R62-M1-NA-C:J14-U01 2005-12-18-10.42.02.612420 R62-M1-NA-C:J14-U01 RAS KERNEL FATAL fpr4=0xfc4b6390 00000000 84450a5a 3f2d7422
- 1134931322 2005.12.18 R62-M1-NA-C:J14-U01 2005-12-18-10.42.02.739126 R62-M1-NA-C:J14-U01 RAS KERNEL FATAL fpr5=0x00000000 1b9d1880 dfd4314f 3f24878b
- 1134931322 2005.12.18 R62-M1-NA-C:J14-U01 2005-12-18-10.42.02.869421 R62-M1-NA-C:J14-U01 RAS KERNEL FATAL fpr6=0xfcd34daf 00000000 36e7473e bfa04bd3
- 1134931323 2005.12.18 R62-M1-NA-C:J14-U01 2005-12-18-10.42.03.051973 R62-M1-NA-C:J14-U01 RAS KERNEL FATAL fpr7=0x00000000 fd937100 fcc3d8f4 00000000
- 1134931323 2005.12.18 R62-M1-NA-C:J14-U01 2005-12-18-10.42.03.241497 R62-M1-NA-C:J14-U01 RAS KERNEL FATAL fpr8=0x02a6a7af 00000000 720a8300 fdbdf4a6
- 1134931323 2005.12.18 R62-M1-NA-C:J14-U01 2005-12-18-10.42.03.366713 R62-M1-NA-C:J14-U01 RAS KERNEL FATAL fpr9=0x00000000 bb8462e0 fcd63593 00000000
- 1134931323 2005.12.18 R62-M1-NA-C:J14-U01 2005-12-18-10.42.03.491402 R62-M1-NA-C:J14-U01 RAS KERNEL FATAL fpr10=0x2895e900 fdd2470d 00000000 30f18240
- 1134931323 2005.12.18 R62-M1-NA-C:J14-U01 2005-12-18-10.42.03.621445 R62-M1-NA-C:J14-U01 RAS KERNEL FATAL fpr11=0x1cb67000 fdd17678 00000000 213e0940
- 1134931323 2005.12.18 R62-M1-NA-C:J14-U01 2005-12-18-10.42.03.744404 R62-M1-NA-C:J14-U01 RAS KERNEL FATAL fpr12=0x09f3a000 727ebf3e 00010c81 aaecab24
- 1134931323 2005.12.18 R62-M1-NA-C:J14-U01 2005-12-18-10.42.03.887757 R62-M1-NA-C:J14-U01 RAS KERNEL FATAL fpr13=0x6127af00 e00cb387 0001cd23 f8bde000
- 1134931324 2005.12.18 R62-M1-NA-C:J14-U01 2005-12-18-10.42.04.019395 R62-M1-NA-C:J14-U01 RAS KERNEL FATAL fpr14=0xffffffff ffffffff ffffffff ffffffff
- 1134931324 2005.12.18 R62-M1-NA-C:J14-U01 2005-12-18-10.42.04.150391 R62-M1-NA-C:J14-U01 RAS KERNEL FATAL fpr15=0xffffffff ffffffff ffffffff ffffffff
- 1134931324 2005.12.18 R62-M1-NA-C:J14-U01 2005-12-18-10.42.04.271409 R62-M1-NA-C:J14-U01 RAS KERNEL FATAL fpr16=0xffffffff ffffffff ffffffff ffffffff
- 1134931324 2005.12.18 R62-M1-NA-C:J14-U01 2005-12-18-10.42.04.402996 R62-M1-NA-C:J14-U01 RAS KERNEL FATAL fpr17=0xffffffff ffffffff ffffffff ffffffff
- 1134931324 2005.12.18 R62-M1-NA-C:J14-U01 2005-12-18-10.42.04.526747 R62-M1-NA-C:J14-U01 RAS KERNEL FATAL fpr18=0xffffffff ffffffff ffffffff ffffffff
- 1134931324 2005.12.18 R62-M1-NA-C:J14-U01 2005-12-18-10.42.04.647019 R62-M1-NA-C:J14-U01 RAS KERNEL FATAL fpr19=0xffffffff ffffffff ffffffff ffffffff
- 1134931324 2005.12.18 R62-M1-NA-C:J14-U01 2005-12-18-10.42.04.767781 R62-M1-NA-C:J14-U01 RAS KERNEL FATAL fpr20=0xffffffff ffffffff ffffffff ffffffff
- 1134931324 2005.12.18 R62-M1-NA-C:J14-U01 2005-12-18-10.42.04.898519 R62-M1-NA-C:J14-U01 RAS KERNEL FATAL fpr21=0xffffffff ffffffff ffffffff ffffffff
- 1134931325 2005.12.18 R62-M1-NA-C:J14-U01 2005-12-18-10.42.05.017337 R62-M1-NA-C:J14-U01 RAS KERNEL FATAL fpr22=0xffffffff ffffffff ffffffff ffffffff
- 1134931325 2005.12.18 R62-M1-NA-C:J14-U01 2005-12-18-10.42.05.137772 R62-M1-NA-C:J14-U01 RAS KERNEL FATAL fpr23=0xffffffff ffffffff ffffffff ffffffff
- 1134931325 2005.12.18 R62-M1-NA-C:J14-U01 2005-12-18-10.42.05.258957 R62-M1-NA-C:J14-U01 RAS KERNEL FATAL fpr24=0xffffffff ffffffff ffffffff ffffffff
- 1134931325 2005.12.18 R62-M1-NA-C:J14-U01 2005-12-18-10.42.05.377475 R62-M1-NA-C:J14-U01 RAS KERNEL FATAL fpr25=0xffffffff ffffffff 00000000 00000000
- 1134931325 2005.12.18 R62-M1-NA-C:J14-U01 2005-12-18-10.42.05.496724 R62-M1-NA-C:J14-U01 RAS KERNEL FATAL fpr26=0xffffffff ffffffff 00000000 40000000
- 1134931325 2005.12.18 R62-M1-NA-C:J14-U01 2005-12-18-10.42.05.616630 R62-M1-NA-C:J14-U01 RAS KERNEL FATAL fpr27=0xffffffff ffffffff 00000000 3ff00000
- 1134931325 2005.12.18 R62-M1-NA-C:J14-U01 2005-12-18-10.42.05.736882 R62-M1-NA-C:J14-U01 RAS KERNEL FATAL fpr28=0xffffffff ffffffff d9d7bdbb 3ddb7cdf
- 1134931325 2005.12.18 R62-M1-NA-C:J14-U01 2005-12-18-10.42.05.874056 R62-M1-NA-C:J14-U01 RAS KERNEL FATAL fpr29=0xffffffff ffffffff 00000000 00000000
- 1134931325 2005.12.18 R62-M1-NA-C:J14-U01 2005-12-18-10.42.05.993556 R62-M1-NA-C:J14-U01 RAS KERNEL FATAL fpr30=0xffffffff ffffffff 00000000 bfe00000
- 1134931326 2005.12.18 R62-M1-NA-C:J14-U01 2005-12-18-10.42.06.112827 R62-M1-NA-C:J14-U01 RAS KERNEL FATAL fpr31=0xffffffff ffffffff 00000000 3fe00000
KERNRTSP 1134931326 2005.12.18 R62-M1-NA-C:J14-U01 2005-12-18-10.42.06.233581 R62-M1-NA-C:J14-U01 RAS KERNEL FATAL rts panic! - stopping execution
APPSEV 1134931326 2005.12.18 R63-M1-NC-I:J18-U11 2005-12-18-10.42.06.392935 R63-M1-NC-I:J18-U11 RAS APP FATAL ciod: Error reading message prefix on CioStream socket to 172.16.96.116:45062, Link has been severed
APPSEV 1134931326 2005.12.18 R63-M1-NC-I:J18-U01 2005-12-18-10.42.06.539625 R63-M1-NC-I:J18-U01 RAS APP FATAL ciod: Error reading message prefix on CioStream socket to 172.16.96.116:45061, Link has been severed
APPSEV 1134931326 2005.12.18 R63-M1-N4-I:J18-U11 2005-12-18-10.42.06.675060 R63-M1-N4-I:J18-U11 RAS APP FATAL ciod: Error reading message prefix on CioStream socket to 172.16.96.116:45058, Link has been severed
APPSEV 1134931326 2005.12.18 R63-M1-N4-I:J18-U01 2005-12-18-10.42.06.813376 R63-M1-N4-I:J18-U01 RAS APP FATAL ciod: Error reading message prefix on CioStream socket to 172.16.96.116:45057, Link has been severed
APPSEV 1134931326 2005.12.18 R63-M1-N0-I:J18-U01 2005-12-18-10.42.06.963810 R63-M1-N0-I:J18-U01 RAS APP FATAL ciod: Error reading message prefix on CioStream socket to 172.16.96.116:45063, Link has been severed
APPSEV 1134931327 2005.12.18 R62-M1-N0-I:J18-U11 2005-12-18-10.42.07.141383 R62-M1-N0-I:J18-U11 RAS APP FATAL ciod: Error reading message prefix on CioStream socket to 172.16.96.116:45056, Link has been severed
APPSEV 1134931327 2005.12.18 R62-M1-N4-I:J18-U11 2005-12-18-10.42.07.297321 R62-M1-N4-I:J18-U11 RAS APP FATAL ciod: Error reading message prefix on CioStream socket to 172.16.96.116:45050, Link has been severed
APPSEV 1134931327 2005.12.18 R62-M1-N4-I:J18-U01 2005-12-18-10.42.07.435843 R62-M1-N4-I:J18-U01 RAS APP FATAL ciod: Error reading message prefix on CioStream socket to 172.16.96.116:45049, Link has been severed
APPSEV 1134931327 2005.12.18 R62-M1-N8-I:J18-U11 2005-12-18-10.42.07.586597 R62-M1-N8-I:J18-U11 RAS APP FATAL ciod: Error reading message prefix on CioStream socket to 172.16.96.116:45052, Link has been severed
APPSEV 1134931327 2005.12.18 R62-M1-N8-I:J18-U01 2005-12-18-10.42.07.732087 R62-M1-N8-I:J18-U01 RAS APP FATAL ciod: Error reading message prefix on CioStream socket to 172.16.96.116:45051, Link has been severed
APPSEV 1134931327 2005.12.18 R62-M1-NC-I:J18-U01 2005-12-18-10.42.07.881172 R62-M1-NC-I:J18-U01 RAS APP FATAL ciod: Error reading message prefix on CioStream socket to 172.16.96.116:45053, Link has been severed
APPSEV 1134931328 2005.12.18 R63-M1-N0-I:J18-U11 2005-12-18-10.42.08.194637 R63-M1-N0-I:J18-U11 RAS APP FATAL ciod: Error reading message prefix on CioStream socket to 172.16.96.116:45064, Link has been severed
APPSEV 1134931328 2005.12.18 R63-M1-N8-I:J18-U11 2005-12-18-10.42.08.400266 R63-M1-N8-I:J18-U11 RAS APP FATAL ciod: Error reading message prefix on CioStream socket to 172.16.96.116:45060, Link has been severed
APPSEV 1134931328 2005.12.18 R63-M1-N8-I:J18-U01 2005-12-18-10.42.08.529088 R63-M1-N8-I:J18-U01 RAS APP FATAL ciod: Error reading message prefix on CioStream socket to 172.16.96.116:45059, Link has been severed
APPSEV 1134931328 2005.12.18 R62-M1-N0-I:J18-U01 2005-12-18-10.42.08.705377 R62-M1-N0-I:J18-U01 RAS APP FATAL ciod: Error reading message prefix on CioStream socket to 172.16.96.116:45055, Link has been severed
APPSEV 1134931328 2005.12.18 R62-M1-NC-I:J18-U11 2005-12-18-10.42.08.888498 R62-M1-NC-I:J18-U11 RAS APP FATAL ciod: Error reading message prefix on CioStream socket to 172.16.96.116:45054, Link has been severed
- 1135008410 2005.12.19 - 2005-12-19-08.06.50.433597 RAS KERNEL FATAL Kill job 58476 timed out. Block freed.
APPSEV 1135008412 2005.12.19 R54-M0-N0-I:J18-U01 2005-12-19-08.06.52.326650 R54-M0-N0-I:J18-U01 RAS APP FATAL ciod: Error reading message prefix on CioStream socket to 172.16.96.116:44115, Link has been severed
APPSEV 1135008412 2005.12.19 R54-M1-NC-I:J18-U01 2005-12-19-08.06.52.522809 R54-M1-NC-I:J18-U01 RAS APP FATAL ciod: Error reading message prefix on CioStream socket to 172.16.96.116:44125, Link has been severed
APPSEV 1135008412 2005.12.19 R44-M0-NC-I:J18-U01 2005-12-19-08.06.52.772570 R44-M0-NC-I:J18-U01 RAS APP FATAL ciod: Error reading message prefix on CioStream socket to 172.16.96.116:43989, Link has been severed
APPSEV 1135008412 2005.12.19 R44-M0-N4-I:J18-U01 2005-12-19-08.06.52.999235 R44-M0-N4-I:J18-U01 RAS APP FATAL ciod: Error reading message prefix on CioStream socket to 172.16.96.116:43985, Link has been severed
APPSEV 1135008413 2005.12.19 R40-M0-N0-I:J18-U01 2005-12-19-08.06.53.228045 R40-M0-N0-I:J18-U01 RAS APP FATAL ciod: Error reading message prefix on CioStream socket to 172.16.96.116:43923, Link has been severed
APPSEV 1135008413 2005.12.19 R51-M0-N0-I:J18-U01 2005-12-19-08.06.53.381143 R51-M0-N0-I:J18-U01 RAS APP FATAL ciod: Error reading message prefix on CioStream socket to 172.16.96.116:44063, Link has been severed
APPSEV 1135008413 2005.12.19 R40-M0-NC-I:J18-U11 2005-12-19-08.06.53.572763 R40-M0-NC-I:J18-U11 RAS APP FATAL ciod: Error reading message prefix on CioStream socket to 172.16.96.116:43926, Link has been severed
APPSEV 1135008413 2005.12.19 R40-M0-NC-I:J18-U01 2005-12-19-08.06.53.736561 R40-M0-NC-I:J18-U01 RAS APP FATAL ciod: Error reading message prefix on CioStream socket to 172.16.96.116:43925, Link has been severed
APPSEV 1135008413 2005.12.19 R56-M1-NC-I:J18-U11 2005-12-19-08.06.53.904541 R56-M1-NC-I:J18-U11 RAS APP FATAL ciod: Error reading message prefix on CioStream socket to 172.16.96.116:44158, Link has been severed
APPSEV 1135008414 2005.12.19 R56-M1-NC-I:J18-U01 2005-12-19-08.06.54.065634 R56-M1-NC-I:J18-U01 RAS APP FATAL ciod: Error reading message prefix on CioStream socket to 172.16.96.116:44157, Link has been severed
APPSEV 1135008414 2005.12.19 R41-M0-N0-I:J18-U11 2005-12-19-08.06.54.220876 R41-M0-N0-I:J18-U11 RAS APP FATAL ciod: Error reading message prefix on CioStream socket to 172.16.96.116:43940, Link has been severed
APPSEV 1135008414 2005.12.19 R43-M0-N4-I:J18-U01 2005-12-19-08.06.54.411615 R43-M0-N4-I:J18-U01 RAS APP FATAL ciod: Error reading message prefix on CioStream socket to 172.16.96.116:43967, Link has been severed
APPSEV 1135008414 2005.12.19 R42-M1-N4-I:J18-U01 2005-12-19-08.06.54.567429 R42-M1-N4-I:J18-U01 RAS APP FATAL ciod: Error reading message prefix on CioStream socket to 172.16.96.116:43959, Link has been severed
APPSEV 1135008414 2005.12.19 R50-M1-N8-I:J18-U11 2005-12-19-08.06.54.852366 R50-M1-N8-I:J18-U11 RAS APP FATAL ciod: Error reading message prefix on CioStream socket to 172.16.96.116:44058, Link has been severed
APPSEV 1135008415 2005.12.19 R40-M1-NC-I:J18-U11 2005-12-19-08.06.55.283473 R40-M1-NC-I:J18-U11 RAS APP FATAL ciod: Error reading message prefix on CioStream socket to 172.16.96.116:43932, Link has been severed
APPSEV 1135008415 2005.12.19 R41-M0-NC-I:J18-U01 2005-12-19-08.06.55.488718 R41-M0-NC-I:J18-U01 RAS APP FATAL ciod: Error reading message prefix on CioStream socket to 172.16.96.116:43941, Link has been severed
APPSEV 1135008415 2005.12.19 R41-M1-N4-I:J18-U11 2005-12-19-08.06.55.642636 R41-M1-N4-I:J18-U11 RAS APP FATAL ciod: Error reading message prefix on CioStream socket to 172.16.96.116:43944, Link has been severed
APPSEV 1135008415 2005.12.19 R54-M1-N0-I:J18-U11 2005-12-19-08.06.55.819065 R54-M1-N0-I:J18-U11 RAS APP FATAL ciod: Error reading message prefix on CioStream socket to 172.16.96.116:44124, Link has been severed
APPSEV 1135008415 2005.12.19 R54-M1-N0-I:J18-U01 2005-12-19-08.06.55.965778 R54-M1-N0-I:J18-U01 RAS APP FATAL ciod: Error reading message prefix on CioStream socket to 172.16.96.116:44123, Link has been severed
APPSEV 1135008416 2005.12.19 R54-M1-N8-I:J18-U11 2005-12-19-08.06.56.115592 R54-M1-N8-I:J18-U11 RAS APP FATAL ciod: Error reading message prefix on CioStream socket to 172.16.96.116:44122, Link has been severed
APPSEV 1135008416 2005.12.19 R54-M1-N8-I:J18-U01 2005-12-19-08.06.56.266818 R54-M1-N8-I:J18-U01 RAS APP FATAL ciod: Error reading message prefix on CioStream socket to 172.16.96.116:44121, Link has been severed
APPSEV 1135008416 2005.12.19 R53-M0-N4-I:J18-U01 2005-12-19-08.06.56.436178 R53-M0-N4-I:J18-U01 RAS APP FATAL ciod: Error reading message prefix on CioStream socket to 172.16.96.116:44095, Link has been severed
APPSEV 1135008416 2005.12.19 R41-M0-N4-I:J18-U01 2005-12-19-08.06.56.630811 R41-M0-N4-I:J18-U01 RAS APP FATAL ciod: Error reading message prefix on CioStream socket to 172.16.96.116:43935, Link has been severed
APPSEV 1135008416 2005.12.19 R53-M1-N8-I:J18-U01 2005-12-19-08.06.56.902593 R53-M1-N8-I:J18-U01 RAS APP FATAL ciod: Error reading message prefix on CioStream socket to 172.16.96.116:44105, Link has been severed
APPSEV 1135008417 2005.12.19 R56-M1-N0-I:J18-U01 2005-12-19-08.06.57.071269 R56-M1-N0-I:J18-U01 RAS APP FATAL ciod: Error reading message prefix on CioStream socket to 172.16.96.116:44155, Link has been severed
APPSEV 1135008417 2005.12.19 R56-M1-N4-I:J18-U11 2005-12-19-08.06.57.230404 R56-M1-N4-I:J18-U11 RAS APP FATAL ciod: Error reading message prefix on CioStream socket to 172.16.96.116:44152, Link has been severed
APPSEV 1135008417 2005.12.19 R56-M0-N4-I:J18-U11 2005-12-19-08.06.57.413932 R56-M0-N4-I:J18-U11 RAS APP FATAL ciod: Error reading message prefix on CioStream socket to 172.16.96.116:44144, Link has been severed
APPSEV 1135008417 2005.12.19 R55-M1-N4-I:J18-U11 2005-12-19-08.06.57.571620 R55-M1-N4-I:J18-U11 RAS APP FATAL ciod: Error reading message prefix on CioStream socket to 172.16.96.116:44136, Link has been severed
APPSEV 1135008417 2005.12.19 R51-M1-N0-I:J18-U01 2005-12-19-08.06.57.734756 R51-M1-N0-I:J18-U01 RAS APP FATAL ciod: Error reading message prefix on CioStream socket to 172.16.96.116:44075, Link has been severed
APPSEV 1135008417 2005.12.19 R51-M1-NC-I:J18-U01 2005-12-19-08.06.57.928921 R51-M1-NC-I:J18-U01 RAS APP FATAL ciod: Error reading message prefix on CioStream socket to 172.16.96.116:44077, Link has been severed
APPSEV 1135008418 2005.12.19 R54-M1-N4-I:J18-U01 2005-12-19-08.06.58.093837 R54-M1-N4-I:J18-U01 RAS APP FATAL ciod: Error reading message prefix on CioStream socket to 172.16.96.116:44119, Link has been severed
APPSEV 1135008418 2005.12.19 R53-M0-N0-I:J18-U11 2005-12-19-08.06.58.269939 R53-M0-N0-I:J18-U11 RAS APP FATAL ciod: Error reading message prefix on CioStream socket to 172.16.96.116:44102, Link has been severed
APPSEV 1135008418 2005.12.19 R56-M0-NC-I:J18-U11 2005-12-19-08.06.58.420058 R56-M0-NC-I:J18-U11 RAS APP FATAL ciod: Error reading message prefix on CioStream socket to 172.16.96.116:44150, Link has been severed
APPSEV 1135008418 2005.12.19 R51-M1-N4-I:J18-U01 2005-12-19-08.06.58.589975 R51-M1-N4-I:J18-U01 RAS APP FATAL ciod: Error reading message prefix on CioStream socket to 172.16.96.116:44071, Link has been severed
APPSEV 1135008418 2005.12.19 R53-M1-N4-I:J18-U11 2005-12-19-08.06.58.742685 R53-M1-N4-I:J18-U11 RAS APP FATAL ciod: Error reading message prefix on CioStream socket to 172.16.96.116:44104, Link has been severed
APPSEV 1135008418 2005.12.19 R53-M1-N0-I:J18-U11 2005-12-19-08.06.58.892407 R53-M1-N0-I:J18-U11 RAS APP FATAL ciod: Error reading message prefix on CioStream socket to 172.16.96.116:44110, Link has been severed
APPSEV 1135008419 2005.12.19 R45-M1-N4-I:J18-U11 2005-12-19-08.06.59.179119 R45-M1-N4-I:J18-U11 RAS APP FATAL ciod: Error reading message prefix on CioStream socket to 172.16.96.116:44008, Link has been severed
APPSEV 1135008419 2005.12.19 R44-M1-N8-I:J18-U11 2005-12-19-08.06.59.330629 R44-M1-N8-I:J18-U11 RAS APP FATAL ciod: Error reading message prefix on CioStream socket to 172.16.96.116:43994, Link has been severed
APPSEV 1135008419 2005.12.19 R44-M0-N8-I:J18-U01 2005-12-19-08.06.59.507361 R44-M0-N8-I:J18-U01 RAS APP FATAL ciod: Error reading message prefix on CioStream socket to 172.16.96.116:43983, Link has been severed
APPSEV 1135008419 2005.12.19 R44-M0-N0-I:J18-U11 2005-12-19-08.06.59.665422 R44-M0-N0-I:J18-U11 RAS APP FATAL ciod: Error reading message prefix on CioStream socket to 172.16.96.116:43988, Link has been severed
APPSEV 1135008420 2005.12.19 R44-M0-N0-I:J18-U01 2005-12-19-08.07.00.011500 R44-M0-N0-I:J18-U01 RAS APP FATAL ciod: Error reading message prefix on CioStream socket to 172.16.96.116:43987, Link has been severed
APPSEV 1135008420 2005.12.19 R51-M1-N8-I:J18-U01 2005-12-19-08.07.00.280339 R51-M1-N8-I:J18-U01 RAS APP FATAL ciod: Error reading message prefix on CioStream socket to 172.16.96.116:44073, Link has been severed
APPSEV 1135008420 2005.12.19 R44-M1-N4-I:J18-U11 2005-12-19-08.07.00.431622 R44-M1-N4-I:J18-U11 RAS APP FATAL ciod: Error reading message prefix on CioStream socket to 172.16.96.116:43992, Link has been severed
APPSEV 1135008420 2005.12.19 R44-M1-N4-I:J18-U01 2005-12-19-08.07.00.596040 R44-M1-N4-I:J18-U01 RAS APP FATAL ciod: Error reading message prefix on CioStream socket to 172.16.96.116:43991, Link has been severed
APPSEV 1135008420 2005.12.19 R44-M1-N0-I:J18-U11 2005-12-19-08.07.00.753648 R44-M1-N0-I:J18-U11 RAS APP FATAL ciod: Error reading message prefix on CioStream socket to 172.16.96.116:43998, Link has been severed
APPSEV 1135008420 2005.12.19 R44-M1-N0-I:J18-U01 2005-12-19-08.07.00.927277 R44-M1-N0-I:J18-U01 RAS APP FATAL ciod: Error reading message prefix on CioStream socket to 172.16.96.116:43997, Link has been severed
APPSEV 1135008421 2005.12.19 R40-M1-N4-I:J18-U11 2005-12-19-08.07.01.104751 R40-M1-N4-I:J18-U11 RAS APP FATAL ciod: Error reading message prefix on CioStream socket to 172.16.96.116:43928, Link has been severed
APPSEV 1135008421 2005.12.19 R40-M1-N8-I:J18-U01 2005-12-19-08.07.01.389417 R40-M1-N8-I:J18-U01 RAS APP FATAL ciod: Error reading message prefix on CioStream socket to 172.16.96.116:43929, Link has been severed
APPSEV 1135008421 2005.12.19 R40-M0-N4-I:J18-U01 2005-12-19-08.07.01.562776 R40-M0-N4-I:J18-U01 RAS APP FATAL ciod: Error reading message prefix on CioStream socket to 172.16.96.116:43919, Link has been severed
APPSEV 1135008421 2005.12.19 R40-M0-N8-I:J18-U01 2005-12-19-08.07.01.730864 R40-M0-N8-I:J18-U01 RAS APP FATAL ciod: Error reading message prefix on CioStream socket to 172.16.96.116:43921, Link has been severed
APPSEV 1135008421 2005.12.19 R42-M0-N0-I:J18-U01 2005-12-19-08.07.01.912941 R42-M0-N0-I:J18-U01 RAS APP FATAL ciod: Error reading message prefix on CioStream socket to 172.16.96.116:43957, Link has been severed
APPSEV 1135008422 2005.12.19 R51-M0-N4-I:J18-U11 2005-12-19-08.07.02.133341 R51-M0-N4-I:J18-U11 RAS APP FATAL ciod: Error reading message prefix on CioStream socket to 172.16.96.116:44066, Link has been severed
APPSEV 1135008422 2005.12.19 R50-M1-N0-I:J18-U11 2005-12-19-08.07.02.293051 R50-M1-N0-I:J18-U11 RAS APP FATAL ciod: Error reading message prefix on CioStream socket to 172.16.96.116:44060, Link has been severed
APPSEV 1135008422 2005.12.19 R50-M0-NC-I:J18-U11 2005-12-19-08.07.02.463450 R50-M0-NC-I:J18-U11 RAS APP FATAL ciod: Error reading message prefix on CioStream socket to 172.16.96.116:44054, Link has been severed
APPSEV 1135008422 2005.12.19 R45-M1-N0-I:J18-U11 2005-12-19-08.07.02.665126 R45-M1-N0-I:J18-U11 RAS APP FATAL ciod: Error reading message prefix on CioStream socket to 172.16.96.116:44014, Link has been severed
APPSEV 1135008422 2005.12.19 R45-M0-N0-I:J18-U01 2005-12-19-08.07.02.858092 R45-M0-N0-I:J18-U01 RAS APP FATAL ciod: Error reading message prefix on CioStream socket to 172.16.96.116:44005, Link has been severed
APPSEV 1135008423 2005.12.19 R47-M0-N8-I:J18-U11 2005-12-19-08.07.03.042050 R47-M0-N8-I:J18-U11 RAS APP FATAL ciod: Error reading message prefix on CioStream socket to 172.16.96.116:44034, Link has been severed
APPSEV 1135008423 2005.12.19 R40-M1-N0-I:J18-U01 2005-12-19-08.07.03.221744 R40-M1-N0-I:J18-U01 RAS APP FATAL ciod: Error reading message prefix on CioStream socket to 172.16.96.116:43933, Link has been severed
APPSEV 1135008423 2005.12.19 R51-M0-N8-I:J18-U11 2005-12-19-08.07.03.372428 R51-M0-N8-I:J18-U11 RAS APP FATAL ciod: Error reading message prefix on CioStream socket to 172.16.96.116:44070, Link has been severed
APPSEV 1135008423 2005.12.19 R51-M0-N8-I:J18-U01 2005-12-19-08.07.03.521951 R51-M0-N8-I:J18-U01 RAS APP FATAL ciod: Error reading message prefix on CioStream socket to 172.16.96.116:44069, Link has been severed
APPSEV 1135008423 2005.12.19 R51-M0-NC-I:J18-U11 2005-12-19-08.07.03.753687 R51-M0-NC-I:J18-U11 RAS APP FATAL ciod: Error reading message prefix on CioStream socket to 172.16.96.116:44068, Link has been severed
APPSEV 1135008423 2005.12.19 R46-M1-NC-I:J18-U11 2005-12-19-08.07.03.953251 R46-M1-NC-I:J18-U11 RAS APP FATAL ciod: Error reading message prefix on CioStream socket to 172.16.96.116:44028, Link has been severed
APPSEV 1135008424 2005.12.19 R52-M1-N8-I:J18-U01 2005-12-19-08.07.04.136137 R52-M1-N8-I:J18-U01 RAS APP FATAL ciod: Error reading message prefix on CioStream socket to 172.16.96.116:44089, Link has been severed
APPSEV 1135008424 2005.12.19 R56-M1-N8-I:J18-U11 2005-12-19-08.07.04.296950 R56-M1-N8-I:J18-U11 RAS APP FATAL ciod: Error reading message prefix on CioStream socket to 172.16.96.116:44154, Link has been severed
APPSEV 1135008424 2005.12.19 R56-M1-N8-I:J18-U01 2005-12-19-08.07.04.443272 R56-M1-N8-I:J18-U01 RAS APP FATAL ciod: Error reading message prefix on CioStream socket to 172.16.96.116:44153, Link has been severed
APPSEV 1135008424 2005.12.19 R52-M1-N4-I:J18-U11 2005-12-19-08.07.04.629961 R52-M1-N4-I:J18-U11 RAS APP FATAL ciod: Error reading message prefix on CioStream socket to 172.16.96.116:44088, Link has been severed
APPSEV 1135008424 2005.12.19 R41-M1-N8-I:J18-U01 2005-12-19-08.07.04.806506 R41-M1-N8-I:J18-U01 RAS APP FATAL ciod: Error reading message prefix on CioStream socket to 172.16.96.116:43949, Link has been severed
APPSEV 1135008424 2005.12.19 R43-M0-N8-I:J18-U11 2005-12-19-08.07.04.980144 R43-M0-N8-I:J18-U11 RAS APP FATAL ciod: Error reading message prefix on CioStream socket to 172.16.96.116:43970, Link has been severed
APPSEV 1135008425 2005.12.19 R43-M0-N8-I:J18-U01 2005-12-19-08.07.05.289278 R43-M0-N8-I:J18-U01 RAS APP FATAL ciod: Error reading message prefix on CioStream socket to 172.16.96.116:43969, Link has been severed
APPSEV 1135008425 2005.12.19 R57-M1-N4-I:J18-U11 2005-12-19-08.07.05.563059 R57-M1-N4-I:J18-U11 RAS APP FATAL ciod: Error reading message prefix on CioStream socket to 172.16.96.116:44168, Link has been severed
APPSEV 1135008425 2005.12.19 R57-M1-N4-I:J18-U01 2005-12-19-08.07.05.731653 R57-M1-N4-I:J18-U01 RAS APP FATAL ciod: Error reading message prefix on CioStream socket to 172.16.96.116:44167, Link has been severed
APPSEV 1135008425 2005.12.19 R42-M0-N8-I:J18-U01 2005-12-19-08.07.05.994831 R42-M0-N8-I:J18-U01 RAS APP FATAL ciod: Error reading message prefix on CioStream socket to 172.16.96.116:43951, Link has been severed
APPSEV 1135008426 2005.12.19 R52-M0-N4-I:J18-U11 2005-12-19-08.07.06.183271 R52-M0-N4-I:J18-U11 RAS APP FATAL ciod: Error reading message prefix on CioStream socket to 172.16.96.116:44080, Link has been severed
APPSEV 1135008426 2005.12.19 R52-M0-N4-I:J18-U01 2005-12-19-08.07.06.334975 R52-M0-N4-I:J18-U01 RAS APP FATAL ciod: Error reading message prefix on CioStream socket to 172.16.96.116:44079, Link has been severed
APPSEV 1135008426 2005.12.19 R57-M1-NC-I:J18-U11 2005-12-19-08.07.06.490530 R57-M1-NC-I:J18-U11 RAS APP FATAL ciod: Error reading message prefix on CioStream socket to 172.16.96.116:44174, Link has been severed
APPSEV 1135008426 2005.12.19 R57-M1-NC-I:J18-U01 2005-12-19-08.07.06.651953 R57-M1-NC-I:J18-U01 RAS APP FATAL ciod: Error reading message prefix on CioStream socket to 172.16.96.116:44173, Link has been severed
APPSEV 1135008426 2005.12.19 R43-M0-N0-I:J18-U11 2005-12-19-08.07.06.829323 R43-M0-N0-I:J18-U11 RAS APP FATAL ciod: Error reading message prefix on CioStream socket to 172.16.96.116:43974, Link has been severed
APPSEV 1135008426 2005.12.19 R43-M0-N0-I:J18-U01 2005-12-19-08.07.06.981404 R43-M0-N0-I:J18-U01 RAS APP FATAL ciod: Error reading message prefix on CioStream socket to 172.16.96.116:43973, Link has been severed
APPSEV 1135008427 2005.12.19 R47-M1-N4-I:J18-U11 2005-12-19-08.07.07.130753 R47-M1-N4-I:J18-U11 RAS APP FATAL ciod: Error reading message prefix on CioStream socket to 172.16.96.116:44040, Link has been severed
APPSEV 1135008427 2005.12.19 R47-M1-NC-I:J18-U11 2005-12-19-08.07.07.300263 R47-M1-NC-I:J18-U11 RAS APP FATAL ciod: Error reading message prefix on CioStream socket to 172.16.96.116:44046, Link has been severed
APPSEV 1135008427 2005.12.19 R47-M1-NC-I:J18-U01 2005-12-19-08.07.07.440693 R47-M1-NC-I:J18-U01 RAS APP FATAL ciod: Error reading message prefix on CioStream socket to 172.16.96.116:44045, Link has been severed
APPSEV 1135008427 2005.12.19 R52-M0-N8-I:J18-U11 2005-12-19-08.07.07.630857 R52-M0-N8-I:J18-U11 RAS APP FATAL ciod: Error reading message prefix on CioStream socket to 172.16.96.116:44082, Link has been severed
APPSEV 1135008427 2005.12.19 R47-M0-NC-I:J18-U01 2005-12-19-08.07.07.798431 R47-M0-NC-I:J18-U01 RAS APP FATAL ciod: Error reading message prefix on CioStream socket to 172.16.96.116:44037, Link has been severed
APPSEV 1135008427 2005.12.19 R45-M0-NC-I:J18-U01 2005-12-19-08.07.07.985461 R45-M0-NC-I:J18-U01 RAS APP FATAL ciod: Error reading message prefix on CioStream socket to 172.16.96.116:44003, Link has been severed
APPSEV 1135008428 2005.12.19 R43-M0-NC-I:J18-U11 2005-12-19-08.07.08.151120 R43-M0-NC-I:J18-U11 RAS APP FATAL ciod: Error reading message prefix on CioStream socket to 172.16.96.116:43972, Link has been severed
APPSEV 1135008428 2005.12.19 R47-M1-N0-I:J18-U11 2005-12-19-08.07.08.298182 R47-M1-N0-I:J18-U11 RAS APP FATAL ciod: Error reading message prefix on CioStream socket to 172.16.96.116:44044, Link has been severed
APPSEV 1135008428 2005.12.19 R57-M1-N8-I:J18-U11 2005-12-19-08.07.08.475025 R57-M1-N8-I:J18-U11 RAS APP FATAL ciod: Error reading message prefix on CioStream socket to 172.16.96.116:44170, Link has been severed
APPSEV 1135008428 2005.12.19 R46-M0-N0-I:J18-U01 2005-12-19-08.07.08.664360 R46-M0-N0-I:J18-U01 RAS APP FATAL ciod: Error reading message prefix on CioStream socket to 172.16.96.116:44019, Link has been severed
APPSEV 1135008428 2005.12.19 R46-M1-N4-I:J18-U01 2005-12-19-08.07.08.831759 R46-M1-N4-I:J18-U01 RAS APP FATAL ciod: Error reading message prefix on CioStream socket to 172.16.96.116:44023, Link has been severed
APPSEV 1135008428 2005.12.19 R50-M0-N8-I:J18-U11 2005-12-19-08.07.08.980346 R50-M0-N8-I:J18-U11 RAS APP FATAL ciod: Error reading message prefix on CioStream socket to 172.16.96.116:44050, Link has been severed
APPSEV 1135008429 2005.12.19 R50-M1-N4-I:J18-U01 2005-12-19-08.07.09.143049 R50-M1-N4-I:J18-U01 RAS APP FATAL ciod: Error reading message prefix on CioStream socket to 172.16.96.116:44055, Link has been severed
APPSEV 1135008429 2005.12.19 R50-M0-N4-I:J18-U11 2005-12-19-08.07.09.296757 R50-M0-N4-I:J18-U11 RAS APP FATAL ciod: Error reading message prefix on CioStream socket to 172.16.96.116:44048, Link has been severed
APPSEV 1135008429 2005.12.19 R50-M0-N0-I:J18-U11 2005-12-19-08.07.09.460626 R50-M0-N0-I:J18-U11 RAS APP FATAL ciod: Error reading message prefix on CioStream socket to 172.16.96.116:44052, Link has been severed
APPSEV 1135008429 2005.12.19 R50-M0-N0-I:J18-U01 2005-12-19-08.07.09.608465 R50-M0-N0-I:J18-U01 RAS APP FATAL ciod: Error reading message prefix on CioStream socket to 172.16.96.116:44051, Link has been severed
APPSEV 1135008429 2005.12.19 R46-M1-N0-I:J18-U01 2005-12-19-08.07.09.777079 R46-M1-N0-I:J18-U01 RAS APP FATAL ciod: Error reading message prefix on CioStream socket to 172.16.96.116:44029, Link has been severed
APPSEV 1135008429 2005.12.19 R46-M0-NC-I:J18-U01 2005-12-19-08.07.09.941396 R46-M0-NC-I:J18-U01 RAS APP FATAL ciod: Error reading message prefix on CioStream socket to 172.16.96.116:44021, Link has been severed
APPSEV 1135008430 2005.12.19 R46-M1-N8-I:J18-U11 2005-12-19-08.07.10.177052 R46-M1-N8-I:J18-U11 RAS APP FATAL ciod: Error reading message prefix on CioStream socket to 172.16.96.116:44026, Link has been severed
APPSEV 1135008430 2005.12.19 R53-M0-NC-I:J18-U01 2005-12-19-08.07.10.739953 R53-M0-NC-I:J18-U01 RAS APP FATAL ciod: Error reading message prefix on CioStream socket to 172.16.96.116:44099, Link has been severed
APPSEV 1135008430 2005.12.19 R56-M1-N4-I:J18-U01 2005-12-19-08.07.10.978901 R56-M1-N4-I:J18-U01 RAS APP FATAL ciod: Error reading message prefix on CioStream socket to 172.16.96.116:44151, Link has been severed
APPSEV 1135008431 2005.12.19 R55-M0-N0-I:J18-U11 2005-12-19-08.07.11.190932 R55-M0-N0-I:J18-U11 RAS APP FATAL ciod: Error reading message prefix on CioStream socket to 172.16.96.116:44132, Link has been severed
APPSEV 1135008431 2005.12.19 R54-M1-N4-I:J18-U11 2005-12-19-08.07.11.356702 R54-M1-N4-I:J18-U11 RAS APP FATAL ciod: Error reading message prefix on CioStream socket to 172.16.96.116:44120, Link has been severed
APPSEV 1135008431 2005.12.19 R53-M0-N8-I:J18-U11 2005-12-19-08.07.11.518560 R53-M0-N8-I:J18-U11 RAS APP FATAL ciod: Error reading message prefix on CioStream socket to 172.16.96.116:44098, Link has been severed
APPSEV 1135008431 2005.12.19 R53-M1-N0-I:J18-U01 2005-12-19-08.07.11.767273 R53-M1-N0-I:J18-U01 RAS APP FATAL ciod: Error reading message prefix on CioStream socket to 172.16.96.116:44109, Link has been severed
APPSEV 1135008431 2005.12.19 R53-M1-NC-I:J18-U11 2005-12-19-08.07.11.919311 R53-M1-NC-I:J18-U11 RAS APP FATAL ciod: Error reading message prefix on CioStream socket to 172.16.96.116:44108, Link has been severed
APPSEV 1135008432 2005.12.19 R55-M0-N8-I:J18-U11 2005-12-19-08.07.12.076256 R55-M0-N8-I:J18-U11 RAS APP FATAL ciod: Error reading message prefix on CioStream socket to 172.16.96.116:44128, Link has been severed
APPSEV 1135008432 2005.12.19 R45-M1-N8-I:J18-U11 2005-12-19-08.07.12.222944 R45-M1-N8-I:J18-U11 RAS APP FATAL ciod: Error reading message prefix on CioStream socket to 172.16.96.116:44010, Link has been severed
APPSEV 1135008432 2005.12.19 R44-M1-N8-I:J18-U01 2005-12-19-08.07.12.404044 R44-M1-N8-I:J18-U01 RAS APP FATAL ciod: Error reading message prefix on CioStream socket to 172.16.96.116:43993, Link has been severed
APPSEV 1135008432 2005.12.19 R41-M1-NC-I:J18-U11 2005-12-19-08.07.12.564804 R41-M1-NC-I:J18-U11 RAS APP FATAL ciod: Error reading message prefix on CioStream socket to 172.16.96.116:43948, Link has been severed
APPSEV 1135008432 2005.12.19 R44-M1-NC-I:J18-U11 2005-12-19-08.07.12.762873 R44-M1-NC-I:J18-U11 RAS APP FATAL ciod: Error reading message prefix on CioStream socket to 172.16.96.116:43996, Link has been severed
APPSEV 1135008433 2005.12.19 R42-M0-N4-I:J18-U01 2005-12-19-08.07.13.016969 R42-M0-N4-I:J18-U01 RAS APP FATAL ciod: Error reading message prefix on CioStream socket to 172.16.96.116:43955, Link has been severed
APPSEV 1135008433 2005.12.19 R45-M1-NC-I:J18-U11 2005-12-19-08.07.13.177543 R45-M1-NC-I:J18-U11 RAS APP FATAL ciod: Error reading message prefix on CioStream socket to 172.16.96.116:44012, Link has been severed
APPSEV 1135008433 2005.12.19 R42-M0-N0-I:J18-U11 2005-12-19-08.07.13.468172 R42-M0-N0-I:J18-U11 RAS APP FATAL ciod: Error reading message prefix on CioStream socket to 172.16.96.116:43958, Link has been severed
APPSEV 1135008433 2005.12.19 R43-M1-N0-I:J18-U11 2005-12-19-08.07.13.679789 R43-M1-N0-I:J18-U11 RAS APP FATAL ciod: Error reading message prefix on CioStream socket to 172.16.96.116:43980, Link has been severed
APPSEV 1135008433 2005.12.19 R51-M0-N0-I:J18-U11 2005-12-19-08.07.13.861813 R51-M0-N0-I:J18-U11 RAS APP FATAL ciod: Error reading message prefix on CioStream socket to 172.16.96.116:44064, Link has been severed
APPSEV 1135008434 2005.12.19 R52-M1-N0-I:J18-U01 2005-12-19-08.07.14.038099 R52-M1-N0-I:J18-U01 RAS APP FATAL ciod: Error reading message prefix on CioStream socket to 172.16.96.116:44093, Link has been severed
APPSEV 1135008434 2005.12.19 R45-M0-N4-I:J18-U11 2005-12-19-08.07.14.208375 R45-M0-N4-I:J18-U11 RAS APP FATAL ciod: Error reading message prefix on CioStream socket to 172.16.96.116:44000, Link has been severed
APPSEV 1135008434 2005.12.19 R45-M0-N4-I:J18-U01 2005-12-19-08.07.14.359055 R45-M0-N4-I:J18-U01 RAS APP FATAL ciod: Error reading message prefix on CioStream socket to 172.16.96.116:43999, Link has been severed
APPSEV 1135008434 2005.12.19 R45-M1-N0-I:J18-U01 2005-12-19-08.07.14.503674 R45-M1-N0-I:J18-U01 RAS APP FATAL ciod: Error reading message prefix on CioStream socket to 172.16.96.116:44013, Link has been severed
APPSEV 1135008434 2005.12.19 R42-M1-N0-I:J18-U11 2005-12-19-08.07.14.646534 R42-M1-N0-I:J18-U11 RAS APP FATAL ciod: Error reading message prefix on CioStream socket to 172.16.96.116:43966, Link has been severed
APPSEV 1135008434 2005.12.19 R46-M1-NC-I:J18-U01 2005-12-19-08.07.14.889853 R46-M1-NC-I:J18-U01 RAS APP FATAL ciod: Error reading message prefix on CioStream socket to 172.16.96.116:44027, Link has been severed
APPSEV 1135008435 2005.12.19 R52-M1-NC-I:J18-U11 2005-12-19-08.07.15.036998 R52-M1-NC-I:J18-U11 RAS APP FATAL ciod: Error reading message prefix on CioStream socket to 172.16.96.116:44092, Link has been severed
APPSEV 1135008435 2005.12.19 R47-M0-N0-I:J18-U11 2005-12-19-08.07.15.215314 R47-M0-N0-I:J18-U11 RAS APP FATAL ciod: Error reading message prefix on CioStream socket to 172.16.96.116:44036, Link has been severed
APPSEV 1135008435 2005.12.19 R43-M1-N8-I:J18-U11 2005-12-19-08.07.15.510565 R43-M1-N8-I:J18-U11 RAS APP FATAL ciod: Error reading message prefix on CioStream socket to 172.16.96.116:43976, Link has been severed
APPSEV 1135008435 2005.12.19 R42-M1-NC-I:J18-U01 2005-12-19-08.07.15.770626 R42-M1-NC-I:J18-U01 RAS APP FATAL ciod: Error reading message prefix on CioStream socket to 172.16.96.116:43963, Link has been severed
APPSEV 1135008435 2005.12.19 R52-M0-NC-I:J18-U11 2005-12-19-08.07.15.899797 R52-M0-NC-I:J18-U11 RAS APP FATAL ciod: Error reading message prefix on CioStream socket to 172.16.96.116:44084, Link has been severed
APPSEV 1135008436 2005.12.19 R52-M0-NC-I:J18-U01 2005-12-19-08.07.16.049962 R52-M0-NC-I:J18-U01 RAS APP FATAL ciod: Error reading message prefix on CioStream socket to 172.16.96.116:44083, Link has been severed
APPSEV 1135008436 2005.12.19 R52-M0-N0-I:J18-U11 2005-12-19-08.07.16.318989 R52-M0-N0-I:J18-U11 RAS APP FATAL ciod: Error reading message prefix on CioStream socket to 172.16.96.116:44086, Link has been severed
APPSEV 1135008436 2005.12.19 R47-M1-N8-I:J18-U11 2005-12-19-08.07.16.473243 R47-M1-N8-I:J18-U11 RAS APP FATAL ciod: Error reading message prefix on CioStream socket to 172.16.96.116:44042, Link has been severed
APPSEV 1135008436 2005.12.19 R42-M0-NC-I:J18-U11 2005-12-19-08.07.16.655858 R42-M0-NC-I:J18-U11 RAS APP FATAL ciod: Error reading message prefix on CioStream socket to 172.16.96.116:43954, Link has been severed
APPSEV 1135008436 2005.12.19 R50-M0-N8-I:J18-U01 2005-12-19-08.07.16.817060 R50-M0-N8-I:J18-U01 RAS APP FATAL ciod: Error reading message prefix on CioStream socket to 172.16.96.116:44049, Link has been severed
APPSEV 1135008436 2005.12.19 R46-M0-NC-I:J18-U11 2005-12-19-08.07.16.995097 R46-M0-NC-I:J18-U11 RAS APP FATAL ciod: Error reading message prefix on CioStream socket to 172.16.96.116:44022, Link has been severed
APPSEV 1135008437 2005.12.19 R46-M0-N8-I:J18-U11 2005-12-19-08.07.17.157061 R46-M0-N8-I:J18-U11 RAS APP FATAL ciod: Error reading message prefix on CioStream socket to 172.16.96.116:44018, Link has been severed
APPSEV 1135008437 2005.12.19 R46-M0-N8-I:J18-U01 2005-12-19-08.07.17.309214 R46-M0-N8-I:J18-U01 RAS APP FATAL ciod: Error reading message prefix on CioStream socket to 172.16.96.116:44017, Link has been severed
APPSEV 1135008437 2005.12.19 R46-M1-N8-I:J18-U01 2005-12-19-08.07.17.483869 R46-M1-N8-I:J18-U01 RAS APP FATAL ciod: Error reading message prefix on CioStream socket to 172.16.96.116:44025, Link has been severed
APPSEV 1135008437 2005.12.19 R46-M0-N4-I:J18-U11 2005-12-19-08.07.17.619846 R46-M0-N4-I:J18-U11 RAS APP FATAL ciod: Error reading message prefix on CioStream socket to 172.16.96.116:44016, Link has been severed
APPSEV 1135008437 2005.12.19 R54-M0-N8-I:J18-U01 2005-12-19-08.07.17.764569 R54-M0-N8-I:J18-U01 RAS APP FATAL ciod: Error reading message prefix on CioStream socket to 172.16.96.116:44111, Link has been severed
- 1135184457 2005.12.21 R62-M0-N0-I:J18-U11 2005-12-21-09.00.57.231769 R62-M0-N0-I:J18-U11 RAS KERNEL INFO ciod: generated 2 core files for program /g/g24/buber/Yunsic/BlueGene/partad.develf/taddriver.20.exe
- 1135199889 2005.12.21 R30-M0-N7-C:J09-U01 2005-12-21-13.18.09.938488 R30-M0-N7-C:J09-U01 RAS KERNEL INFO 1 ddr error(s) detected and corrected on rank 0, symbol 26 over 83 seconds
- 1135199890 2005.12.21 R30-M0-N7-C:J09-U01 2005-12-21-13.18.10.070144 R30-M0-N7-C:J09-U01 RAS KERNEL INFO total of 1 ddr error(s) detected and corrected over 83 seconds
- 1135199907 2005.12.21 R35-M1-NA-C:J09-U01 2005-12-21-13.18.27.864870 R35-M1-NA-C:J09-U01 RAS KERNEL INFO 5 L3 EDRAM error(s) (dcr 0x0157) detected and corrected over 101 seconds
- 1135282808 2005.12.22 R61-M1-N9-C:J07-U11 2005-12-22-12.20.08.830172 R61-M1-N9-C:J07-U11 RAS KERNEL INFO 1 tree receiver 2 in re-synch state event(s) (dcr 0x019a) detected over 86394 seconds
- 1135282808 2005.12.22 R61-M1-N9-C:J07-U11 2005-12-22-12.20.08.973868 R61-M1-N9-C:J07-U11 RAS KERNEL INFO 1 tree receiver 2 in re-synch state event(s) (dcr 0x019a) detected over 86394 seconds
- 1135282809 2005.12.22 R61-M1-ND-C:J07-U11 2005-12-22-12.20.09.116364 R61-M1-ND-C:J07-U11 RAS KERNEL INFO 1 ddr error(s) detected and corrected on rank 0, symbol 35 over 86394 seconds
- 1135282809 2005.12.22 R61-M1-ND-C:J07-U11 2005-12-22-12.20.09.251534 R61-M1-ND-C:J07-U11 RAS KERNEL INFO total of 1 ddr error(s) detected and corrected over 86394 seconds
- 1135282841 2005.12.22 R44-M1-N4-C:J04-U01 2005-12-22-12.20.41.951196 R44-M1-N4-C:J04-U01 RAS KERNEL INFO 1 torus receiver x+ input pipe error(s) (dcr 0x02ec) detected and corrected over 201 seconds
- 1135282842 2005.12.22 R44-M1-N4-C:J04-U01 2005-12-22-12.20.42.059131 R44-M1-N4-C:J04-U01 RAS KERNEL INFO 1 tree receiver 1 in re-synch state event(s) (dcr 0x0185) detected over 202 seconds
- 1135282842 2005.12.22 R44-M1-N4-C:J04-U01 2005-12-22-12.20.42.082486 R44-M1-N4-C:J04-U01 RAS KERNEL INFO 1 tree receiver 2 in re-synch state event(s) (dcr 0x019a) detected over 202 seconds
- 1135283058 2005.12.22 R55-M0-N9-C:J06-U11 2005-12-22-12.24.18.886128 R55-M0-N9-C:J06-U11 RAS KERNEL INFO 1 torus receiver x+ input pipe error(s) (dcr 0x02ec) detected and corrected over 201 seconds
- 1135283059 2005.12.22 R55-M0-N9-C:J06-U11 2005-12-22-12.24.19.010935 R55-M0-N9-C:J06-U11 RAS KERNEL INFO 1 torus receiver x- input pipe error(s) (dcr 0x02ed) detected and corrected over 201 seconds
- 1135283059 2005.12.22 R55-M0-N9-C:J06-U11 2005-12-22-12.24.19.034077 R55-M0-N9-C:J06-U11 RAS KERNEL INFO 1 torus receiver y+ input pipe error(s) (dcr 0x02ee) detected and corrected over 201 seconds
- 1135283059 2005.12.22 R55-M0-N9-C:J06-U11 2005-12-22-12.24.19.052581 R55-M0-N9-C:J06-U11 RAS KERNEL INFO 1 torus receiver y- input pipe error(s) (dcr 0x02ef) detected and corrected over 201 seconds
- 1135283059 2005.12.22 R55-M0-N9-C:J06-U11 2005-12-22-12.24.19.075758 R55-M0-N9-C:J06-U11 RAS KERNEL INFO 1 torus receiver z+ input pipe error(s) (dcr 0x02f0) detected and corrected over 201 seconds
- 1135283059 2005.12.22 R55-M0-N9-C:J06-U11 2005-12-22-12.24.19.096392 R55-M0-N9-C:J06-U11 RAS KERNEL INFO 1 torus receiver z- input pipe error(s) (dcr 0x02f1) detected and corrected over 201 seconds
- 1135283059 2005.12.22 R55-M0-N9-C:J06-U11 2005-12-22-12.24.19.118776 R55-M0-N9-C:J06-U11 RAS KERNEL INFO 4 tree receiver 1 in re-synch state event(s) (dcr 0x0185) detected over 201 seconds
- 1135283059 2005.12.22 R55-M0-N9-C:J06-U11 2005-12-22-12.24.19.148660 R55-M0-N9-C:J06-U11 RAS KERNEL INFO 4 tree receiver 2 in re-synch state event(s) (dcr 0x019a) detected over 201 seconds
- 1135294259 2005.12.22 R43-M1-N6-C:J05-U11 2005-12-22-15.30.59.292840 R43-M1-N6-C:J05-U11 RAS KERNEL INFO 1 ddr error(s) detected and corrected on rank 0, symbol 26 over 313 seconds
- 1135294259 2005.12.22 R43-M1-N6-C:J05-U11 2005-12-22-15.30.59.400654 R43-M1-N6-C:J05-U11 RAS KERNEL INFO total of 1 ddr error(s) detected and corrected over 313 seconds
- 1135294309 2005.12.22 R51-M1-N2-C:J12-U01 2005-12-22-15.31.49.701183 R51-M1-N2-C:J12-U01 RAS KERNEL INFO 1 ddr error(s) detected and corrected on rank 0, symbol 5 over 34 seconds
- 1135294309 2005.12.22 R51-M1-N2-C:J12-U01 2005-12-22-15.31.49.801729 R51-M1-N2-C:J12-U01 RAS KERNEL INFO total of 1 ddr error(s) detected and corrected over 34 seconds
- 1135294359 2005.12.22 R55-M0-N9-C:J06-U11 2005-12-22-15.32.39.552565 R55-M0-N9-C:J06-U11 RAS KERNEL INFO 1 tree receiver 2 in re-synch state event(s) (dcr 0x019a) detected over 35 seconds
- 1135295890 2005.12.22 R43-M1-N6-C:J05-U11 2005-12-22-15.58.10.115128 R43-M1-N6-C:J05-U11 RAS KERNEL INFO ddr: Suppressing further CE interrupts
- 1135295890 2005.12.22 R43-M1-N6-C:J05-U11 2005-12-22-15.58.10.213415 R43-M1-N6-C:J05-U11 RAS KERNEL INFO 2 ddr error(s) detected and corrected on rank 0, symbol 26 over 25 seconds
- 1135295890 2005.12.22 R43-M1-N6-C:J05-U11 2005-12-22-15.58.10.237270 R43-M1-N6-C:J05-U11 RAS KERNEL INFO total of 2 ddr error(s) detected and corrected over 25 seconds
- 1135322804 2005.12.22 R44-M1-N4-C:J04-U01 2005-12-22-23.26.44.553946 R44-M1-N4-C:J04-U01 RAS KERNEL INFO 1 tree receiver 2 in re-synch state event(s) (dcr 0x019a) detected over 523 seconds
- 1135322804 2005.12.22 R44-M1-N4-C:J04-U01 2005-12-22-23.26.44.754595 R44-M1-N4-C:J04-U01 RAS KERNEL INFO 1 tree receiver 2 in re-synch state event(s) (dcr 0x019a) detected over 523 seconds
- 1135462867 2005.12.24 R25-M0-NB-C:J11-U01 2005-12-24-14.21.07.716153 R25-M0-NB-C:J11-U01 RAS KERNEL INFO 2 ddr error(s) detected and corrected on rank 0, symbol 10 over 15542 seconds
- 1135462867 2005.12.24 R25-M0-NB-C:J11-U01 2005-12-24-14.21.07.845556 R25-M0-NB-C:J11-U01 RAS KERNEL INFO total of 2 ddr error(s) detected and corrected over 15542 seconds
- 1135462867 2005.12.24 R25-M1-N7-C:J13-U11 2005-12-24-14.21.07.932887 R25-M1-N7-C:J13-U11 RAS KERNEL INFO 10 ddr error(s) detected and corrected on rank 0, symbol 21 over 15542 seconds
- 1135462868 2005.12.24 R25-M1-N7-C:J13-U11 2005-12-24-14.21.08.090467 R25-M1-N7-C:J13-U11 RAS KERNEL INFO total of 10 ddr error(s) detected and corrected over 15542 seconds
- 1135462868 2005.12.24 R32-M0-N9-C:J11-U11 2005-12-24-14.21.08.256654 R32-M0-N9-C:J11-U11 RAS KERNEL INFO 5 ddr error(s) detected and corrected on rank 0, symbol 12 over 15542 seconds
- 1135462868 2005.12.24 R32-M0-N9-C:J11-U11 2005-12-24-14.21.08.340991 R32-M0-N9-C:J11-U11 RAS KERNEL INFO total of 5 ddr error(s) detected and corrected over 15542 seconds
- 1135462868 2005.12.24 R12-M1-N3-C:J11-U11 2005-12-24-14.21.08.446886 R12-M1-N3-C:J11-U11 RAS KERNEL INFO 1 ddr error(s) detected and corrected on rank 0, symbol 7 over 15542 seconds
- 1135462868 2005.12.24 R12-M1-N3-C:J11-U11 2005-12-24-14.21.08.533434 R12-M1-N3-C:J11-U11 RAS KERNEL INFO total of 1 ddr error(s) detected and corrected over 15542 seconds
- 1135462868 2005.12.24 R07-M0-N6-C:J11-U01 2005-12-24-14.21.08.638595 R07-M0-N6-C:J11-U01 RAS KERNEL INFO 1 ddr error(s) detected and corrected on rank 0, symbol 18 over 15542 seconds
- 1135462868 2005.12.24 R07-M0-N6-C:J11-U01 2005-12-24-14.21.08.724040 R07-M0-N6-C:J11-U01 RAS KERNEL INFO total of 1 ddr error(s) detected and corrected over 15542 seconds
- 1135462868 2005.12.24 R03-M0-N9-C:J13-U11 2005-12-24-14.21.08.832212 R03-M0-N9-C:J13-U11 RAS KERNEL INFO 7 L3 EDRAM error(s) (dcr 0x0157) detected and corrected over 15542 seconds
- 1135462868 2005.12.24 R06-M1-N6-C:J15-U01 2005-12-24-14.21.08.937289 R06-M1-N6-C:J15-U01 RAS KERNEL INFO 12 torus receiver x+ input pipe error(s) (dcr 0x02ec) detected and corrected over 15542 seconds
- 1135462869 2005.12.24 R06-M1-N6-C:J15-U01 2005-12-24-14.21.09.022724 R06-M1-N6-C:J15-U01 RAS KERNEL INFO 5 torus receiver x- input pipe error(s) (dcr 0x02ed) detected and corrected over 15544 seconds
- 1135462869 2005.12.24 R06-M1-N6-C:J15-U01 2005-12-24-14.21.09.124866 R06-M1-N6-C:J15-U01 RAS KERNEL INFO 7 torus receiver y+ input pipe error(s) (dcr 0x02ee) detected and corrected over 15544 seconds
- 1135462869 2005.12.24 R06-M1-N6-C:J15-U01 2005-12-24-14.21.09.220623 R06-M1-N6-C:J15-U01 RAS KERNEL INFO 5 torus receiver y- input pipe error(s) (dcr 0x02ef) detected and corrected over 15544 seconds
- 1135462869 2005.12.24 R06-M1-N6-C:J15-U01 2005-12-24-14.21.09.316875 R06-M1-N6-C:J15-U01 RAS KERNEL INFO 5 torus receiver z+ input pipe error(s) (dcr 0x02f0) detected and corrected over 15544 seconds
- 1135462869 2005.12.24 R06-M1-N6-C:J15-U01 2005-12-24-14.21.09.412513 R06-M1-N6-C:J15-U01 RAS KERNEL INFO 9 torus receiver z- input pipe error(s) (dcr 0x02f1) detected and corrected over 15544 seconds
- 1135462869 2005.12.24 R06-M1-N6-C:J15-U01 2005-12-24-14.21.09.510231 R06-M1-N6-C:J15-U01 RAS KERNEL INFO 5 tree receiver 0 in re-synch state event(s) (dcr 0x01bc) detected over 15545 seconds
- 1135462869 2005.12.24 R06-M1-N6-C:J15-U01 2005-12-24-14.21.09.610290 R06-M1-N6-C:J15-U01 RAS KERNEL INFO 17 tree receiver 2 in re-synch state event(s) (dcr 0x019a) detected over 15545 seconds
- 1135462869 2005.12.24 R06-M1-N4-C:J13-U01 2005-12-24-14.21.09.715988 R06-M1-N4-C:J13-U01 RAS KERNEL INFO 12 L3 EDRAM error(s) (dcr 0x0157) detected and corrected over 15542 seconds
- 1135462869 2005.12.24 R06-M0-N0-C:J11-U01 2005-12-24-14.21.09.809894 R06-M0-N0-C:J11-U01 RAS KERNEL INFO 1 ddr error(s) detected and corrected on rank 0, symbol 4 over 15542 seconds
- 1135462869 2005.12.24 R06-M0-N0-C:J11-U01 2005-12-24-14.21.09.890203 R06-M0-N0-C:J11-U01 RAS KERNEL INFO total of 1 ddr error(s) detected and corrected over 15542 seconds
- 1135462869 2005.12.24 R24-M0-NB-C:J07-U01 2005-12-24-14.21.09.995071 R24-M0-NB-C:J07-U01 RAS KERNEL INFO 15 ddr error(s) detected and corrected on rank 0, symbol 2 over 15542 seconds
- 1135462870 2005.12.24 R24-M0-NB-C:J07-U01 2005-12-24-14.21.10.075324 R24-M0-NB-C:J07-U01 RAS KERNEL INFO total of 15 ddr error(s) detected and corrected over 15542 seconds
- 1135462870 2005.12.24 R35-M1-N4-C:J09-U11 2005-12-24-14.21.10.193437 R35-M1-N4-C:J09-U11 RAS KERNEL INFO 1 ddr error(s) detected and corrected on rank 0, symbol 34 over 15542 seconds
- 1135462870 2005.12.24 R35-M1-N4-C:J09-U11 2005-12-24-14.21.10.286810 R35-M1-N4-C:J09-U11 RAS KERNEL INFO total of 1 ddr error(s) detected and corrected over 15542 seconds
- 1135462870 2005.12.24 R26-M1-NB-C:J09-U01 2005-12-24-14.21.10.403074 R26-M1-NB-C:J09-U01 RAS KERNEL INFO 1 ddr error(s) detected and corrected on rank 0, symbol 9 over 15542 seconds
- 1135462870 2005.12.24 R26-M1-NB-C:J09-U01 2005-12-24-14.21.10.495769 R26-M1-NB-C:J09-U01 RAS KERNEL INFO total of 1 ddr error(s) detected and corrected over 15542 seconds
- 1135462870 2005.12.24 R30-M0-N7-C:J09-U01 2005-12-24-14.21.10.612130 R30-M0-N7-C:J09-U01 RAS KERNEL INFO 1 ddr error(s) detected and corrected on rank 0, symbol 26 over 15542 seconds
- 1135462870 2005.12.24 R30-M0-N7-C:J09-U01 2005-12-24-14.21.10.710583 R30-M0-N7-C:J09-U01 RAS KERNEL INFO total of 1 ddr error(s) detected and corrected over 15542 seconds
- 1135462870 2005.12.24 R35-M1-NA-C:J09-U01 2005-12-24-14.21.10.827799 R35-M1-NA-C:J09-U01 RAS KERNEL INFO 22 L3 EDRAM error(s) (dcr 0x0157) detected and corrected over 15542 seconds
- 1135462870 2005.12.24 R35-M1-N8-C:J03-U01 2005-12-24-14.21.10.929544 R35-M1-N8-C:J03-U01 RAS KERNEL INFO 1 ddr error(s) detected and corrected on rank 0, symbol 14 over 15542 seconds
- 1135462871 2005.12.24 R35-M1-N8-C:J03-U01 2005-12-24-14.21.11.021291 R35-M1-N8-C:J03-U01 RAS KERNEL INFO total of 1 ddr error(s) detected and corrected over 15542 seconds
- 1135462871 2005.12.24 R15-M1-N3-C:J07-U11 2005-12-24-14.21.11.132765 R15-M1-N3-C:J07-U11 RAS KERNEL INFO 114 ddr error(s) detected and corrected on rank 0, symbol 14 over 15542 seconds
- 1135462871 2005.12.24 R15-M1-N3-C:J07-U11 2005-12-24-14.21.11.230536 R15-M1-N3-C:J07-U11 RAS KERNEL INFO total of 114 ddr error(s) detected and corrected over 15542 seconds
- 1135462871 2005.12.24 R13-M1-N2-C:J07-U01 2005-12-24-14.21.11.341836 R13-M1-N2-C:J07-U01 RAS KERNEL INFO 1 ddr error(s) detected and corrected on rank 0, symbol 15 over 15542 seconds
- 1135462871 2005.12.24 R13-M1-N2-C:J07-U01 2005-12-24-14.21.11.428073 R13-M1-N2-C:J07-U01 RAS KERNEL INFO total of 1 ddr error(s) detected and corrected over 15542 seconds
- 1135462871 2005.12.24 R12-M1-N0-C:J03-U01 2005-12-24-14.21.11.544448 R12-M1-N0-C:J03-U01 RAS KERNEL INFO 17 ddr error(s) detected and corrected on rank 0, symbol 18 over 15542 seconds
- 1135462871 2005.12.24 R12-M1-N0-C:J03-U01 2005-12-24-14.21.11.642450 R12-M1-N0-C:J03-U01 RAS KERNEL INFO total of 17 ddr error(s) detected and corrected over 15542 seconds
- 1135462871 2005.12.24 R25-M1-N3-C:J12-U11 2005-12-24-14.21.11.760204 R25-M1-N3-C:J12-U11 RAS KERNEL INFO 2 ddr error(s) detected and corrected on rank 0, symbol 33 over 15542 seconds
- 1135462871 2005.12.24 R25-M1-N3-C:J12-U11 2005-12-24-14.21.11.857688 R25-M1-N3-C:J12-U11 RAS KERNEL INFO total of 2 ddr error(s) detected and corrected over 15542 seconds
- 1135462871 2005.12.24 R14-M0-NA-C:J12-U11 2005-12-24-14.21.11.987142 R14-M0-NA-C:J12-U11 RAS KERNEL INFO 20 L3 EDRAM error(s) (dcr 0x0157) detected and corrected over 15542 seconds
- 1135462872 2005.12.24 R33-M1-N0-C:J10-U01 2005-12-24-14.21.12.108362 R33-M1-N0-C:J10-U01 RAS KERNEL INFO 84 ddr error(s) detected and corrected on rank 0, symbol 22 over 15542 seconds
- 1135462872 2005.12.24 R33-M1-N0-C:J10-U01 2005-12-24-14.21.12.204761 R33-M1-N0-C:J10-U01 RAS KERNEL INFO total of 84 ddr error(s) detected and corrected over 15542 seconds
- 1135462872 2005.12.24 R24-M1-N8-C:J08-U01 2005-12-24-14.21.12.329348 R24-M1-N8-C:J08-U01 RAS KERNEL INFO 210 ddr error(s) detected and corrected on rank 0, symbol 28 over 15542 seconds
- 1135462872 2005.12.24 R24-M1-N8-C:J08-U01 2005-12-24-14.21.12.426643 R24-M1-N8-C:J08-U01 RAS KERNEL INFO total of 210 ddr error(s) detected and corrected over 15542 seconds
- 1135462872 2005.12.24 R05-M0-N8-C:J04-U01 2005-12-24-14.21.12.543710 R05-M0-N8-C:J04-U01 RAS KERNEL INFO 4 ddr error(s) detected and corrected on rank 0, symbol 25 over 15542 seconds
- 1135462872 2005.12.24 R05-M0-N8-C:J04-U01 2005-12-24-14.21.12.642006 R05-M0-N8-C:J04-U01 RAS KERNEL INFO total of 4 ddr error(s) detected and corrected over 15542 seconds
- 1135462872 2005.12.24 R05-M0-NE-C:J08-U11 2005-12-24-14.21.12.759201 R05-M0-NE-C:J08-U11 RAS KERNEL INFO 1 ddr error(s) detected and corrected on rank 0, symbol 33 over 15542 seconds
- 1135462872 2005.12.24 R05-M0-NE-C:J08-U11 2005-12-24-14.21.12.798545 R05-M0-NE-C:J08-U11 RAS KERNEL INFO total of 1 ddr error(s) detected and corrected over 15542 seconds
- 1135476847 2005.12.24 R55-M0-N6-C:J08-U01 2005-12-24-18.14.07.215334 R55-M0-N6-C:J08-U01 RAS KERNEL INFO data cache search parity error detected. attempting to correct
- 1135538593 2005.12.25 R35-M1-NA-C:J09-U01 2005-12-25-11.23.13.639554 R35-M1-NA-C:J09-U01 RAS KERNEL INFO 4 L3 EDRAM error(s) (dcr 0x0157) detected and corrected over 637 seconds
- 1135538593 2005.12.25 R24-M1-N8-C:J08-U01 2005-12-25-11.23.13.759037 R24-M1-N8-C:J08-U01 RAS KERNEL INFO 1 ddr error(s) detected and corrected on rank 0, symbol 28 over 637 seconds
- 1135538593 2005.12.25 R24-M1-N8-C:J08-U01 2005-12-25-11.23.13.855180 R24-M1-N8-C:J08-U01 RAS KERNEL INFO total of 1 ddr error(s) detected and corrected over 637 seconds
- 1135538593 2005.12.25 R11-M0-N7-C:J06-U01 2005-12-25-11.23.13.950376 R11-M0-N7-C:J06-U01 RAS KERNEL INFO 1 ddr error(s) detected and corrected on rank 0, symbol 25 over 637 seconds
- 1135538594 2005.12.25 R11-M0-N7-C:J06-U01 2005-12-25-11.23.14.044436 R11-M0-N7-C:J06-U01 RAS KERNEL INFO total of 1 ddr error(s) detected and corrected over 637 seconds
KERNMC 1135579620 2005.12.25 R62-M1-NA-C:J04-U01 2005-12-25-22.47.00.919445 R62-M1-NA-C:J04-U01 RAS KERNEL FATAL machine check interrupt (bit=0x1d): L2 dcache unit write data parity error
- 1135579621 2005.12.25 R62-M1-NA-C:J04-U01 2005-12-25-22.47.01.019272 R62-M1-NA-C:J04-U01 RAS KERNEL FATAL instruction address: 0x002b33a4
- 1135579621 2005.12.25 R62-M1-NA-C:J04-U01 2005-12-25-22.47.01.155731 R62-M1-NA-C:J04-U01 RAS KERNEL FATAL Machine Check Status Register: 0x91800000
- 1135579621 2005.12.25 R62-M1-NA-C:J04-U01 2005-12-25-22.47.01.293536 R62-M1-NA-C:J04-U01 RAS KERNEL FATAL machine check summary.............1
- 1135579621 2005.12.25 R62-M1-NA-C:J04-U01 2005-12-25-22.47.01.431121 R62-M1-NA-C:J04-U01 RAS KERNEL FATAL instruction plb error.............0
- 1135579621 2005.12.25 R62-M1-NA-C:J04-U01 2005-12-25-22.47.01.569245 R62-M1-NA-C:J04-U01 RAS KERNEL FATAL data read plb error...............0
- 1135579621 2005.12.25 R62-M1-NA-C:J04-U01 2005-12-25-22.47.01.706274 R62-M1-NA-C:J04-U01 RAS KERNEL FATAL data write plb error..............1
- 1135579621 2005.12.25 R62-M1-NA-C:J04-U01 2005-12-25-22.47.01.847383 R62-M1-NA-C:J04-U01 RAS KERNEL FATAL tlb error.........................0
- 1135579621 2005.12.25 R62-M1-NA-C:J04-U01 2005-12-25-22.47.01.992066 R62-M1-NA-C:J04-U01 RAS KERNEL FATAL i-cache parity error..............0
- 1135579622 2005.12.25 R62-M1-NA-C:J04-U01 2005-12-25-22.47.02.124309 R62-M1-NA-C:J04-U01 RAS KERNEL FATAL d-cache search parity error.......0
- 1135579622 2005.12.25 R62-M1-NA-C:J04-U01 2005-12-25-22.47.02.253961 R62-M1-NA-C:J04-U01 RAS KERNEL FATAL d-cache flush parity error........1
- 1135579622 2005.12.25 R62-M1-NA-C:J04-U01 2005-12-25-22.47.02.383434 R62-M1-NA-C:J04-U01 RAS KERNEL FATAL imprecise machine check...........1
- 1135579622 2005.12.25 R62-M1-NA-C:J04-U01 2005-12-25-22.47.02.506213 R62-M1-NA-C:J04-U01 RAS KERNEL FATAL Machine State Register: 0x0002f900
- 1135579622 2005.12.25 R62-M1-NA-C:J04-U01 2005-12-25-22.47.02.625683 R62-M1-NA-C:J04-U01 RAS KERNEL FATAL wait state enable.................0
- 1135579622 2005.12.25 R62-M1-NA-C:J04-U01 2005-12-25-22.47.02.749721 R62-M1-NA-C:J04-U01 RAS KERNEL FATAL critical input interrupt enable...1
- 1135579622 2005.12.25 R62-M1-NA-C:J04-U01 2005-12-25-22.47.02.877415 R62-M1-NA-C:J04-U01 RAS KERNEL FATAL external input interrupt enable...1
- 1135579622 2005.12.25 R62-M1-NA-C:J04-U01 2005-12-25-22.47.02.995546 R62-M1-NA-C:J04-U01 RAS KERNEL FATAL problem state (0=sup,1=usr).......1
- 1135579623 2005.12.25 R62-M1-NA-C:J04-U01 2005-12-25-22.47.03.122504 R62-M1-NA-C:J04-U01 RAS KERNEL FATAL floating point instr. enabled.....1
- 1135579623 2005.12.25 R62-M1-NA-C:J04-U01 2005-12-25-22.47.03.347685 R62-M1-NA-C:J04-U01 RAS KERNEL FATAL machine check enable..............1
- 1135579623 2005.12.25 R62-M1-NA-C:J04-U01 2005-12-25-22.47.03.468475 R62-M1-NA-C:J04-U01 RAS KERNEL FATAL floating pt ex mode 0 enable......1
- 1135579623 2005.12.25 R62-M1-NA-C:J04-U01 2005-12-25-22.47.03.595590 R62-M1-NA-C:J04-U01 RAS KERNEL FATAL debug wait enable.................0
- 1135579623 2005.12.25 R62-M1-NA-C:J04-U01 2005-12-25-22.47.03.721081 R62-M1-NA-C:J04-U01 RAS KERNEL FATAL debug interrupt enable............0
- 1135579623 2005.12.25 R62-M1-NA-C:J04-U01 2005-12-25-22.47.03.849188 R62-M1-NA-C:J04-U01 RAS KERNEL FATAL floating pt ex mode 1 enable......1
- 1135579623 2005.12.25 R62-M1-NA-C:J04-U01 2005-12-25-22.47.03.971641 R62-M1-NA-C:J04-U01 RAS KERNEL FATAL instruction address space.........0
- 1135579624 2005.12.25 R62-M1-NA-C:J04-U01 2005-12-25-22.47.04.097311 R62-M1-NA-C:J04-U01 RAS KERNEL FATAL data address space................0
- 1135579624 2005.12.25 R62-M1-NA-C:J04-U01 2005-12-25-22.47.04.228683 R62-M1-NA-C:J04-U01 RAS KERNEL FATAL Core Configuration Register 0: 0x00002000
- 1135579624 2005.12.25 R62-M1-NA-C:J04-U01 2005-12-25-22.47.04.350916 R62-M1-NA-C:J04-U01 RAS KERNEL FATAL disable store gathering..................0
- 1135579624 2005.12.25 R62-M1-NA-C:J04-U01 2005-12-25-22.47.04.474208 R62-M1-NA-C:J04-U01 RAS KERNEL FATAL disable apu instruction broadcast........0
- 1135579624 2005.12.25 R62-M1-NA-C:J04-U01 2005-12-25-22.47.04.593443 R62-M1-NA-C:J04-U01 RAS KERNEL FATAL disable trace broadcast..................0
- 1135579624 2005.12.25 R62-M1-NA-C:J04-U01 2005-12-25-22.47.04.719547 R62-M1-NA-C:J04-U01 RAS KERNEL FATAL guaranteed instruction cache block touch.0
- 1135579624 2005.12.25 R62-M1-NA-C:J04-U01 2005-12-25-22.47.04.866041 R62-M1-NA-C:J04-U01 RAS KERNEL FATAL guaranteed data cache block touch........1
- 1135579624 2005.12.25 R62-M1-NA-C:J04-U01 2005-12-25-22.47.04.961125 R62-M1-NA-C:J04-U01 RAS KERNEL FATAL force load/store alignment...............0
- 1135579625 2005.12.25 R62-M1-NA-C:J04-U01 2005-12-25-22.47.05.087087 R62-M1-NA-C:J04-U01 RAS KERNEL FATAL icache prefetch depth....................0
- 1135579625 2005.12.25 R62-M1-NA-C:J04-U01 2005-12-25-22.47.05.211192 R62-M1-NA-C:J04-U01 RAS KERNEL FATAL icache prefetch threshold................0
- 1135579625 2005.12.25 R62-M1-NA-C:J04-U01 2005-12-25-22.47.05.331963 R62-M1-NA-C:J04-U01 RAS KERNEL FATAL General Purpose Registers:
- 1135579625 2005.12.25 R62-M1-NA-C:J04-U01 2005-12-25-22.47.05.457959 R62-M1-NA-C:J04-U01 RAS KERNEL FATAL r00=0x00000008 r01=0x0ffea520 r02=0x1eeeeeee r03=0x00000009
- 1135579625 2005.12.25 R62-M1-NA-C:J04-U01 2005-12-25-22.47.05.578247 R62-M1-NA-C:J04-U01 RAS KERNEL FATAL r04=0x0030e278 r05=0x00000000 r06=0xfefefeff r07=0x7f7f7f7f
- 1135579625 2005.12.25 R62-M1-NA-C:J04-U01 2005-12-25-22.47.05.717953 R62-M1-NA-C:J04-U01 RAS KERNEL FATAL r08=0x00808080 r09=0x0ffea9c8 r10=0x80808080 r11=0x00000042
- 1135579625 2005.12.25 R62-M1-NA-C:J04-U01 2005-12-25-22.47.05.843048 R62-M1-NA-C:J04-U01 RAS KERNEL FATAL r12=0x80808080 r13=0x1eeeeeee r14=0x40000000 r15=0x40000000
- 1135579626 2005.12.25 R62-M1-NA-C:J04-U01 2005-12-25-22.47.06.007772 R62-M1-NA-C:J04-U01 RAS KERNEL FATAL r16=0x00000000 r17=0x00000607 r18=0x00000000 r19=0x003ea960
- 1135579626 2005.12.25 R62-M1-NA-C:J04-U01 2005-12-25-22.47.06.141132 R62-M1-NA-C:J04-U01 RAS KERNEL FATAL r20=0x003eab80 r21=0x006487c0 r22=0x006487c0 r23=0x00000000
- 1135579626 2005.12.25 R62-M1-NA-C:J04-U01 2005-12-25-22.47.06.265071 R62-M1-NA-C:J04-U01 RAS KERNEL FATAL r24=0x00000000 r25=0x006487c0 r26=0x0045c9c0 r27=0x00000310
- 1135579626 2005.12.25 R62-M1-NA-C:J04-U01 2005-12-25-22.47.06.392083 R62-M1-NA-C:J04-U01 RAS KERNEL FATAL r28=0x0030e270 r29=0x00000000 r30=0x00000310 r31=0x00759a50
- 1135579626 2005.12.25 R62-M1-NA-C:J04-U01 2005-12-25-22.47.06.515972 R62-M1-NA-C:J04-U01 RAS KERNEL FATAL Special Purpose Registers:
- 1135579626 2005.12.25 R62-M1-NA-C:J04-U01 2005-12-25-22.47.06.650982 R62-M1-NA-C:J04-U01 RAS KERNEL FATAL lr=0x002b3388 cr=0x48488840 xer=0x20000002 ctr=0x00000000
- 1135579626 2005.12.25 R62-M1-NA-C:J04-U01 2005-12-25-22.47.06.779519 R62-M1-NA-C:J04-U01 RAS KERNEL FATAL msr=0x0002f900 dear=0x00000000 esr=0x00000000 fpscr=0x82064000
- 1135579626 2005.12.25 R62-M1-NA-C:J04-U01 2005-12-25-22.47.06.913590 R62-M1-NA-C:J04-U01 RAS KERNEL FATAL dbcr0=0x00000000 dbsr=0x00000000 ccr0=0x00002000
- 1135579627 2005.12.25 R62-M1-NA-C:J04-U01 2005-12-25-22.47.07.057986 R62-M1-NA-C:J04-U01 RAS KERNEL FATAL Floating Point Status and Control Register: 0x82064000
- 1135579627 2005.12.25 R62-M1-NA-C:J04-U01 2005-12-25-22.47.07.187800 R62-M1-NA-C:J04-U01 RAS KERNEL FATAL exception summary........................1
- 1135579627 2005.12.25 R62-M1-NA-C:J04-U01 2005-12-25-22.47.07.318424 R62-M1-NA-C:J04-U01 RAS KERNEL FATAL enabled exception summary................0
- 1135579627 2005.12.25 R62-M1-NA-C:J04-U01 2005-12-25-22.47.07.451876 R62-M1-NA-C:J04-U01 RAS KERNEL FATAL invalid operation exception summary......0
- 1135579627 2005.12.25 R62-M1-NA-C:J04-U01 2005-12-25-22.47.07.581060 R62-M1-NA-C:J04-U01 RAS KERNEL FATAL overflow exception.......................0
- 1135579627 2005.12.25 R62-M1-NA-C:J04-U01 2005-12-25-22.47.07.712941 R62-M1-NA-C:J04-U01 RAS KERNEL FATAL underflow exception......................0
- 1135579627 2005.12.25 R62-M1-NA-C:J04-U01 2005-12-25-22.47.07.844836 R62-M1-NA-C:J04-U01 RAS KERNEL FATAL divide-by-zero exception.................0
- 1135579627 2005.12.25 R62-M1-NA-C:J04-U01 2005-12-25-22.47.07.976650 R62-M1-NA-C:J04-U01 RAS KERNEL FATAL inexact exception........................1
- 1135579628 2005.12.25 R62-M1-NA-C:J04-U01 2005-12-25-22.47.08.197851 R62-M1-NA-C:J04-U01 RAS KERNEL FATAL invalid (SNAN)...........................0
- 1135579628 2005.12.25 R62-M1-NA-C:J04-U01 2005-12-25-22.47.08.384206 R62-M1-NA-C:J04-U01 RAS KERNEL FATAL invalid (Inf-Inf)........................0
- 1135579628 2005.12.25 R62-M1-NA-C:J04-U01 2005-12-25-22.47.08.514667 R62-M1-NA-C:J04-U01 RAS KERNEL FATAL invalid (Inf/Inf)........................0
- 1135579628 2005.12.25 R62-M1-NA-C:J04-U01 2005-12-25-22.47.08.641531 R62-M1-NA-C:J04-U01 RAS KERNEL FATAL invalid (Zero/Zero)......................0
- 1135579628 2005.12.25 R62-M1-NA-C:J04-U01 2005-12-25-22.47.08.771266 R62-M1-NA-C:J04-U01 RAS KERNEL FATAL invalid (Inf/Zero).......................0
- 1135579628 2005.12.25 R62-M1-NA-C:J04-U01 2005-12-25-22.47.08.898822 R62-M1-NA-C:J04-U01 RAS KERNEL FATAL invalid (compare)........................0
- 1135579629 2005.12.25 R62-M1-NA-C:J04-U01 2005-12-25-22.47.09.023394 R62-M1-NA-C:J04-U01 RAS KERNEL FATAL fraction rounded.........................1
- 1135579629 2005.12.25 R62-M1-NA-C:J04-U01 2005-12-25-22.47.09.160812 R62-M1-NA-C:J04-U01 RAS KERNEL FATAL fraction inexact.........................1
- 1135579629 2005.12.25 R62-M1-NA-C:J04-U01 2005-12-25-22.47.09.286025 R62-M1-NA-C:J04-U01 RAS KERNEL FATAL quiet NaN................................0
- 1135579629 2005.12.25 R62-M1-NA-C:J04-U01 2005-12-25-22.47.09.420763 R62-M1-NA-C:J04-U01 RAS KERNEL FATAL minus inf................................0
- 1135579629 2005.12.25 R62-M1-NA-C:J04-U01 2005-12-25-22.47.09.553230 R62-M1-NA-C:J04-U01 RAS KERNEL FATAL minus normalized number..................0
- 1135579629 2005.12.25 R62-M1-NA-C:J04-U01 2005-12-25-22.47.09.685790 R62-M1-NA-C:J04-U01 RAS KERNEL FATAL minus denormalized number................0
- 1135579629 2005.12.25 R62-M1-NA-C:J04-U01 2005-12-25-22.47.09.817335 R62-M1-NA-C:J04-U01 RAS KERNEL FATAL minus zero...............................0
- 1135579629 2005.12.25 R62-M1-NA-C:J04-U01 2005-12-25-22.47.09.949862 R62-M1-NA-C:J04-U01 RAS KERNEL FATAL plus zero................................0
- 1135579630 2005.12.25 R62-M1-NA-C:J04-U01 2005-12-25-22.47.10.079717 R62-M1-NA-C:J04-U01 RAS KERNEL FATAL plus denormalized number.................0
- 1135579630 2005.12.25 R62-M1-NA-C:J04-U01 2005-12-25-22.47.10.218583 R62-M1-NA-C:J04-U01 RAS KERNEL FATAL plus normalized number...................1
- 1135579630 2005.12.25 R62-M1-NA-C:J04-U01 2005-12-25-22.47.10.349344 R62-M1-NA-C:J04-U01 RAS KERNEL FATAL plus infinity............................0
- 1135579630 2005.12.25 R62-M1-NA-C:J04-U01 2005-12-25-22.47.10.474604 R62-M1-NA-C:J04-U01 RAS KERNEL FATAL reserved.................................0
- 1135579630 2005.12.25 R62-M1-NA-C:J04-U01 2005-12-25-22.47.10.600450 R62-M1-NA-C:J04-U01 RAS KERNEL FATAL invalid operation exception (software)...0
- 1135579630 2005.12.25 R62-M1-NA-C:J04-U01 2005-12-25-22.47.10.726581 R62-M1-NA-C:J04-U01 RAS KERNEL FATAL invalid operation exception (sqrt).......0
- 1135579630 2005.12.25 R62-M1-NA-C:J04-U01 2005-12-25-22.47.10.865976 R62-M1-NA-C:J04-U01 RAS KERNEL FATAL invalid operation exception (int cnvt)...0
- 1135579630 2005.12.25 R62-M1-NA-C:J04-U01 2005-12-25-22.47.10.972538 R62-M1-NA-C:J04-U01 RAS KERNEL FATAL enable invalid operation exceptions......0
- 1135579631 2005.12.25 R62-M1-NA-C:J04-U01 2005-12-25-22.47.11.115645 R62-M1-NA-C:J04-U01 RAS KERNEL FATAL enable overflow exceptions...............0
- 1135579631 2005.12.25 R62-M1-NA-C:J04-U01 2005-12-25-22.47.11.242516 R62-M1-NA-C:J04-U01 RAS KERNEL FATAL enable underflow exceptions..............0
- 1135579631 2005.12.25 R62-M1-NA-C:J04-U01 2005-12-25-22.47.11.368687 R62-M1-NA-C:J04-U01 RAS KERNEL FATAL enable divide-by-zero exceptions.........0
- 1135579631 2005.12.25 R62-M1-NA-C:J04-U01 2005-12-25-22.47.11.492369 R62-M1-NA-C:J04-U01 RAS KERNEL FATAL enable inexact exceptions................0
- 1135579631 2005.12.25 R62-M1-NA-C:J04-U01 2005-12-25-22.47.11.619873 R62-M1-NA-C:J04-U01 RAS KERNEL FATAL enable non-IEEE mode.....................0
- 1135579631 2005.12.25 R62-M1-NA-C:J04-U01 2005-12-25-22.47.11.737030 R62-M1-NA-C:J04-U01 RAS KERNEL FATAL round nearest............................0
- 1135579631 2005.12.25 R62-M1-NA-C:J04-U01 2005-12-25-22.47.11.856724 R62-M1-NA-C:J04-U01 RAS KERNEL FATAL round toward zero........................0
- 1135579631 2005.12.25 R62-M1-NA-C:J04-U01 2005-12-25-22.47.11.977072 R62-M1-NA-C:J04-U01 RAS KERNEL FATAL round toward +infinity...................0
- 1135579632 2005.12.25 R62-M1-NA-C:J04-U01 2005-12-25-22.47.12.102383 R62-M1-NA-C:J04-U01 RAS KERNEL FATAL round toward -infinity...................0
- 1135579632 2005.12.25 R62-M1-NA-C:J04-U01 2005-12-25-22.47.12.222237 R62-M1-NA-C:J04-U01 RAS KERNEL FATAL Floating Point Registers:
- 1135579632 2005.12.25 R62-M1-NA-C:J04-U01 2005-12-25-22.47.12.341816 R62-M1-NA-C:J04-U01 RAS KERNEL FATAL fpr0=0x00000000 00030000 04000000 00000000
- 1135579632 2005.12.25 R62-M1-NA-C:J04-U01 2005-12-25-22.47.12.463442 R62-M1-NA-C:J04-U01 RAS KERNEL FATAL fpr1=0x3571892b bf216810 e50a1cb9 3f34ce3d
- 1135579632 2005.12.25 R62-M1-NA-C:J04-U01 2005-12-25-22.47.12.586679 R62-M1-NA-C:J04-U01 RAS KERNEL FATAL fpr2=0x00000000 07000607 00042076 00016207
- 1135579632 2005.12.25 R62-M1-NA-C:J04-U01 2005-12-25-22.47.12.713095 R62-M1-NA-C:J04-U01 RAS KERNEL FATAL fpr3=0x00000000 00000000 00000000 00000000
- 1135579632 2005.12.25 R62-M1-NA-C:J04-U01 2005-12-25-22.47.12.839315 R62-M1-NA-C:J04-U01 RAS KERNEL FATAL fpr4=0x00000000 00000000 00000000 00000000
- 1135579632 2005.12.25 R62-M1-NA-C:J04-U01 2005-12-25-22.47.12.977328 R62-M1-NA-C:J04-U01 RAS KERNEL FATAL fpr5=0x68d637f6 befb1101 ff902ae7 3f439972
- 1135579633 2005.12.25 R62-M1-NA-C:J04-U01 2005-12-25-22.47.13.101608 R62-M1-NA-C:J04-U01 RAS KERNEL FATAL fpr6=0xe8863bb6 3f503043 58a9662d 3f2dfdac
- 1135579633 2005.12.25 R62-M1-NA-C:J04-U01 2005-12-25-22.47.13.305740 R62-M1-NA-C:J04-U01 RAS KERNEL FATAL fpr7=0xf03b916c 3f47a1cf 00000000 bfe00000
- 1135579633 2005.12.25 R62-M1-NA-C:J04-U01 2005-12-25-22.47.13.462272 R62-M1-NA-C:J04-U01 RAS KERNEL FATAL fpr8=0x00000000 00000000 00000000 00000038
- 1135579633 2005.12.25 R62-M1-NA-C:J04-U01 2005-12-25-22.47.13.586317 R62-M1-NA-C:J04-U01 RAS KERNEL FATAL fpr9=0x3571892b bf216810 e50a1cb9 3f34ce3d
- 1135579633 2005.12.25 R62-M1-NA-C:J04-U01 2005-12-25-22.47.13.707013 R62-M1-NA-C:J04-U01 RAS KERNEL FATAL fpr10=0x00000000 00000000 7f7fffff 7f7fffff
- 1135579633 2005.12.25 R62-M1-NA-C:J04-U01 2005-12-25-22.47.13.832205 R62-M1-NA-C:J04-U01 RAS KERNEL FATAL fpr11=0x9042fc36 bf114ab6 bfec5137 bee2ba98
- 1135579633 2005.12.25 R62-M1-NA-C:J04-U01 2005-12-25-22.47.13.960779 R62-M1-NA-C:J04-U01 RAS KERNEL FATAL fpr12=0x00000000 00000000 7f7fffff 7f7fffff
- 1135579634 2005.12.25 R62-M1-NA-C:J04-U01 2005-12-25-22.47.14.084162 R62-M1-NA-C:J04-U01 RAS KERNEL FATAL fpr13=0x00000000 00000507 00000000 004492c0
- 1135579634 2005.12.25 R62-M1-NA-C:J04-U01 2005-12-25-22.47.14.203726 R62-M1-NA-C:J04-U01 RAS KERNEL FATAL fpr14=0xffffffff ffffffff ffffffff ffffffff
- 1135579634 2005.12.25 R62-M1-NA-C:J04-U01 2005-12-25-22.47.14.317153 R62-M1-NA-C:J04-U01 RAS KERNEL FATAL fpr15=0xffffffff ffffffff ffffffff ffffffff
- 1135579634 2005.12.25 R62-M1-NA-C:J04-U01 2005-12-25-22.47.14.431742 R62-M1-NA-C:J04-U01 RAS KERNEL FATAL fpr16=0xffffffff ffffffff ffffffff ffffffff
- 1135579634 2005.12.25 R62-M1-NA-C:J04-U01 2005-12-25-22.47.14.562604 R62-M1-NA-C:J04-U01 RAS KERNEL FATAL fpr17=0xffffffff ffffffff ffffffff ffffffff
- 1135579634 2005.12.25 R62-M1-NA-C:J04-U01 2005-12-25-22.47.14.676061 R62-M1-NA-C:J04-U01 RAS KERNEL FATAL fpr18=0xffffffff ffffffff ffffffff ffffffff
- 1135579634 2005.12.25 R62-M1-NA-C:J04-U01 2005-12-25-22.47.14.789761 R62-M1-NA-C:J04-U01 RAS KERNEL FATAL fpr19=0xffffffff ffffffff ffffffff ffffffff
- 1135579634 2005.12.25 R62-M1-NA-C:J04-U01 2005-12-25-22.47.14.903683 R62-M1-NA-C:J04-U01 RAS KERNEL FATAL fpr20=0xffffffff ffffffff ffffffff ffffffff
- 1135579635 2005.12.25 R62-M1-NA-C:J04-U01 2005-12-25-22.47.15.017171 R62-M1-NA-C:J04-U01 RAS KERNEL FATAL fpr21=0xffffffff ffffffff ffffffff ffffffff
- 1135579635 2005.12.25 R62-M1-NA-C:J04-U01 2005-12-25-22.47.15.131050 R62-M1-NA-C:J04-U01 RAS KERNEL FATAL fpr22=0xffffffff ffffffff ffffffff ffffffff
- 1135579635 2005.12.25 R62-M1-NA-C:J04-U01 2005-12-25-22.47.15.244546 R62-M1-NA-C:J04-U01 RAS KERNEL FATAL fpr23=0xffffffff ffffffff ffffffff ffffffff
- 1135579635 2005.12.25 R62-M1-NA-C:J04-U01 2005-12-25-22.47.15.370268 R62-M1-NA-C:J04-U01 RAS KERNEL FATAL fpr24=0xffffffff ffffffff ffffffff ffffffff
- 1135579635 2005.12.25 R62-M1-NA-C:J04-U01 2005-12-25-22.47.15.484958 R62-M1-NA-C:J04-U01 RAS KERNEL FATAL fpr25=0xffffffff ffffffff ffffffff ffffffff
- 1135579635 2005.12.25 R62-M1-NA-C:J04-U01 2005-12-25-22.47.15.597229 R62-M1-NA-C:J04-U01 RAS KERNEL FATAL fpr26=0xffffffff ffffffff ffffffff ffffffff
- 1135579635 2005.12.25 R62-M1-NA-C:J04-U01 2005-12-25-22.47.15.717897 R62-M1-NA-C:J04-U01 RAS KERNEL FATAL fpr27=0xffffffff ffffffff ffffffff ffffffff
- 1135579635 2005.12.25 R62-M1-NA-C:J04-U01 2005-12-25-22.47.15.843198 R62-M1-NA-C:J04-U01 RAS KERNEL FATAL fpr28=0xffffffff ffffffff ffffffff ffffffff
- 1135579635 2005.12.25 R62-M1-NA-C:J04-U01 2005-12-25-22.47.15.963417 R62-M1-NA-C:J04-U01 RAS KERNEL FATAL fpr29=0xffffffff ffffffff ffffffff ffffffff
- 1135579636 2005.12.25 R62-M1-NA-C:J04-U01 2005-12-25-22.47.16.081833 R62-M1-NA-C:J04-U01 RAS KERNEL FATAL fpr30=0xffffffff ffffffff ffffffff ffffffff
- 1135579636 2005.12.25 R62-M1-NA-C:J04-U01 2005-12-25-22.47.16.200533 R62-M1-NA-C:J04-U01 RAS KERNEL FATAL fpr31=0xffffffff ffffffff ffffffff ffffffff
KERNRTSP 1135579636 2005.12.25 R62-M1-NA-C:J04-U01 2005-12-25-22.47.16.332889 R62-M1-NA-C:J04-U01 RAS KERNEL FATAL rts panic! - stopping execution
APPSEV 1135579636 2005.12.25 R63-M1-NC-I:J18-U11 2005-12-25-22.47.16.684534 R63-M1-NC-I:J18-U11 RAS APP FATAL ciod: Error reading message prefix on CioStream socket to 172.16.96.116:58221, Link has been severed
APPSEV 1135579636 2005.12.25 R63-M1-N4-I:J18-U11 2005-12-25-22.47.16.835677 R63-M1-N4-I:J18-U11 RAS APP FATAL ciod: Error reading message prefix on CioStream socket to 172.16.96.116:58217, Link has been severed
APPSEV 1135579636 2005.12.25 R63-M1-N0-I:J18-U11 2005-12-25-22.47.16.979922 R63-M1-N0-I:J18-U11 RAS APP FATAL ciod: Error reading message prefix on CioStream socket to 172.16.96.116:58223, Link has been severed
APPSEV 1135579637 2005.12.25 R63-M1-N8-I:J18-U01 2005-12-25-22.47.17.136590 R63-M1-N8-I:J18-U01 RAS APP FATAL ciod: Error reading message prefix on CioStream socket to 172.16.96.116:58218, Link has been severed
APPSEV 1135579637 2005.12.25 R62-M1-NC-I:J18-U11 2005-12-25-22.47.17.334638 R62-M1-NC-I:J18-U11 RAS APP FATAL ciod: Error reading message prefix on CioStream socket to 172.16.96.116:58213, Link has been severed
APPSEV 1135579637 2005.12.25 R63-M1-NC-I:J18-U01 2005-12-25-22.47.17.498687 R63-M1-NC-I:J18-U01 RAS APP FATAL ciod: Error reading message prefix on CioStream socket to 172.16.96.116:58220, Link has been severed
APPSEV 1135579637 2005.12.25 R63-M1-N8-I:J18-U11 2005-12-25-22.47.17.652257 R63-M1-N8-I:J18-U11 RAS APP FATAL ciod: Error reading message prefix on CioStream socket to 172.16.96.116:58219, Link has been severed
APPSEV 1135579637 2005.12.25 R62-M1-N0-I:J18-U01 2005-12-25-22.47.17.792528 R62-M1-N0-I:J18-U01 RAS APP FATAL ciod: Error reading message prefix on CioStream socket to 172.16.96.116:58214, Link has been severed
APPSEV 1135579637 2005.12.25 R62-M1-N4-I:J18-U01 2005-12-25-22.47.17.929717 R62-M1-N4-I:J18-U01 RAS APP FATAL ciod: Error reading message prefix on CioStream socket to 172.16.96.116:58208, Link has been severed
APPSEV 1135579638 2005.12.25 R62-M1-N8-I:J18-U11 2005-12-25-22.47.18.060363 R62-M1-N8-I:J18-U11 RAS APP FATAL ciod: Error reading message prefix on CioStream socket to 172.16.96.116:58211, Link has been severed
APPSEV 1135579638 2005.12.25 R62-M1-N8-I:J18-U01 2005-12-25-22.47.18.341030 R62-M1-N8-I:J18-U01 RAS APP FATAL ciod: Error reading message prefix on CioStream socket to 172.16.96.116:58210, Link has been severed
APPSEV 1135579638 2005.12.25 R63-M1-N4-I:J18-U01 2005-12-25-22.47.18.581076 R63-M1-N4-I:J18-U01 RAS APP FATAL ciod: Error reading message prefix on CioStream socket to 172.16.96.116:58216, Link has been severed
APPSEV 1135579638 2005.12.25 R63-M1-N0-I:J18-U01 2005-12-25-22.47.18.711637 R63-M1-N0-I:J18-U01 RAS APP FATAL ciod: Error reading message prefix on CioStream socket to 172.16.96.116:58222, Link has been severed
APPSEV 1135579638 2005.12.25 R62-M1-N0-I:J18-U11 2005-12-25-22.47.18.837048 R62-M1-N0-I:J18-U11 RAS APP FATAL ciod: Error reading message prefix on CioStream socket to 172.16.96.116:58215, Link has been severed
APPSEV 1135579638 2005.12.25 R62-M1-N4-I:J18-U11 2005-12-25-22.47.18.969601 R62-M1-N4-I:J18-U11 RAS APP FATAL ciod: Error reading message prefix on CioStream socket to 172.16.96.116:58209, Link has been severed
APPSEV 1135579639 2005.12.25 R62-M1-NC-I:J18-U01 2005-12-25-22.47.19.108052 R62-M1-NC-I:J18-U01 RAS APP FATAL ciod: Error reading message prefix on CioStream socket to 172.16.96.116:58212, Link has been severed
KERNMC 1135602837 2005.12.26 R61-M0-N3-C:J11-U11 2005-12-26-05.13.57.691558 R61-M0-N3-C:J11-U11 RAS KERNEL FATAL machine check interrupt (bit=0x1d): L2 dcache unit write data parity error
- 1135602837 2005.12.26 R61-M0-N3-C:J11-U11 2005-12-26-05.13.57.796730 R61-M0-N3-C:J11-U11 RAS KERNEL FATAL instruction address: 0x002037f0
- 1135602837 2005.12.26 R61-M0-N3-C:J11-U11 2005-12-26-05.13.57.918089 R61-M0-N3-C:J11-U11 RAS KERNEL FATAL Machine Check Status Register: 0x91800000
- 1135602838 2005.12.26 R61-M0-N3-C:J11-U11 2005-12-26-05.13.58.037723 R61-M0-N3-C:J11-U11 RAS KERNEL FATAL machine check summary.............1
- 1135602838 2005.12.26 R61-M0-N3-C:J11-U11 2005-12-26-05.13.58.157522 R61-M0-N3-C:J11-U11 RAS KERNEL FATAL instruction plb error.............0
- 1135602838 2005.12.26 R61-M0-N3-C:J11-U11 2005-12-26-05.13.58.277560 R61-M0-N3-C:J11-U11 RAS KERNEL FATAL data read plb error...............0
- 1135602838 2005.12.26 R61-M0-N3-C:J11-U11 2005-12-26-05.13.58.401956 R61-M0-N3-C:J11-U11 RAS KERNEL FATAL data write plb error..............1
- 1135602838 2005.12.26 R61-M0-N3-C:J11-U11 2005-12-26-05.13.58.530071 R61-M0-N3-C:J11-U11 RAS KERNEL FATAL tlb error.........................0
- 1135602838 2005.12.26 R61-M0-N3-C:J11-U11 2005-12-26-05.13.58.653194 R61-M0-N3-C:J11-U11 RAS KERNEL FATAL i-cache parity error..............0
- 1135602838 2005.12.26 R61-M0-N3-C:J11-U11 2005-12-26-05.13.58.774125 R61-M0-N3-C:J11-U11 RAS KERNEL FATAL d-cache search parity error.......0
- 1135602838 2005.12.26 R61-M0-N3-C:J11-U11 2005-12-26-05.13.58.892938 R61-M0-N3-C:J11-U11 RAS KERNEL FATAL d-cache flush parity error........1
- 1135602839 2005.12.26 R61-M0-N3-C:J11-U11 2005-12-26-05.13.59.084447 R61-M0-N3-C:J11-U11 RAS KERNEL FATAL imprecise machine check...........1
- 1135602839 2005.12.26 R61-M0-N3-C:J11-U11 2005-12-26-05.13.59.265193 R61-M0-N3-C:J11-U11 RAS KERNEL FATAL Machine State Register: 0x0002f900
- 1135602839 2005.12.26 R61-M0-N3-C:J11-U11 2005-12-26-05.13.59.386040 R61-M0-N3-C:J11-U11 RAS KERNEL FATAL wait state enable.................0
- 1135602839 2005.12.26 R61-M0-N3-C:J11-U11 2005-12-26-05.13.59.503512 R61-M0-N3-C:J11-U11 RAS KERNEL FATAL critical input interrupt enable...1
- 1135602839 2005.12.26 R61-M0-N3-C:J11-U11 2005-12-26-05.13.59.635900 R61-M0-N3-C:J11-U11 RAS KERNEL FATAL external input interrupt enable...1
- 1135602839 2005.12.26 R61-M0-N3-C:J11-U11 2005-12-26-05.13.59.761507 R61-M0-N3-C:J11-U11 RAS KERNEL FATAL problem state (0=sup,1=usr).......1
- 1135602839 2005.12.26 R61-M0-N3-C:J11-U11 2005-12-26-05.13.59.887179 R61-M0-N3-C:J11-U11 RAS KERNEL FATAL floating point instr. enabled.....1
- 1135602840 2005.12.26 R61-M0-N3-C:J11-U11 2005-12-26-05.14.00.014564 R61-M0-N3-C:J11-U11 RAS KERNEL FATAL machine check enable..............1
- 1135602840 2005.12.26 R61-M0-N3-C:J11-U11 2005-12-26-05.14.00.145128 R61-M0-N3-C:J11-U11 RAS KERNEL FATAL floating pt ex mode 0 enable......1
- 1135602840 2005.12.26 R61-M0-N3-C:J11-U11 2005-12-26-05.14.00.272502 R61-M0-N3-C:J11-U11 RAS KERNEL FATAL debug wait enable.................0
- 1135602840 2005.12.26 R61-M0-N3-C:J11-U11 2005-12-26-05.14.00.395832 R61-M0-N3-C:J11-U11 RAS KERNEL FATAL debug interrupt enable............0
- 1135602840 2005.12.26 R61-M0-N3-C:J11-U11 2005-12-26-05.14.00.523056 R61-M0-N3-C:J11-U11 RAS KERNEL FATAL floating pt ex mode 1 enable......1
- 1135602840 2005.12.26 R61-M0-N3-C:J11-U11 2005-12-26-05.14.00.726279 R61-M0-N3-C:J11-U11 RAS KERNEL FATAL instruction address space.........0
- 1135602840 2005.12.26 R61-M0-N3-C:J11-U11 2005-12-26-05.14.00.922383 R61-M0-N3-C:J11-U11 RAS KERNEL FATAL data address space................0
- 1135602841 2005.12.26 R61-M0-N3-C:J11-U11 2005-12-26-05.14.01.042463 R61-M0-N3-C:J11-U11 RAS KERNEL FATAL Core Configuration Register 0: 0x00002000
- 1135602841 2005.12.26 R61-M0-N3-C:J11-U11 2005-12-26-05.14.01.173615 R61-M0-N3-C:J11-U11 RAS KERNEL FATAL disable store gathering..................0
- 1135602841 2005.12.26 R61-M0-N3-C:J11-U11 2005-12-26-05.14.01.300571 R61-M0-N3-C:J11-U11 RAS KERNEL FATAL disable apu instruction broadcast........0
- 1135602841 2005.12.26 R61-M0-N3-C:J11-U11 2005-12-26-05.14.01.420449 R61-M0-N3-C:J11-U11 RAS KERNEL FATAL disable trace broadcast..................0
- 1135602841 2005.12.26 R61-M0-N3-C:J11-U11 2005-12-26-05.14.01.541767 R61-M0-N3-C:J11-U11 RAS KERNEL FATAL guaranteed instruction cache block touch.0
- 1135602841 2005.12.26 R61-M0-N3-C:J11-U11 2005-12-26-05.14.01.664338 R61-M0-N3-C:J11-U11 RAS KERNEL FATAL guaranteed data cache block touch........1
- 1135602841 2005.12.26 R61-M0-N3-C:J11-U11 2005-12-26-05.14.01.784865 R61-M0-N3-C:J11-U11 RAS KERNEL FATAL force load/store alignment...............0
- 1135602841 2005.12.26 R61-M0-N3-C:J11-U11 2005-12-26-05.14.01.909722 R61-M0-N3-C:J11-U11 RAS KERNEL FATAL icache prefetch depth....................0
- 1135602842 2005.12.26 R61-M0-N3-C:J11-U11 2005-12-26-05.14.02.041416 R61-M0-N3-C:J11-U11 RAS KERNEL FATAL icache prefetch threshold................0
- 1135602842 2005.12.26 R61-M0-N3-C:J11-U11 2005-12-26-05.14.02.163030 R61-M0-N3-C:J11-U11 RAS KERNEL FATAL General Purpose Registers:
- 1135602842 2005.12.26 R61-M0-N3-C:J11-U11 2005-12-26-05.14.02.282196 R61-M0-N3-C:J11-U11 RAS KERNEL FATAL r00=0x00000000 r01=0x0ffea7e0 r02=0x1eeeeeee r03=0x00e26260
- 1135602842 2005.12.26 R61-M0-N3-C:J11-U11 2005-12-26-05.14.02.403125 R61-M0-N3-C:J11-U11 RAS KERNEL FATAL r04=0x002e3610 r05=0x00350000 r06=0x0000000e r07=0x0000000e
- 1135602842 2005.12.26 R61-M0-N3-C:J11-U11 2005-12-26-05.14.02.523402 R61-M0-N3-C:J11-U11 RAS KERNEL FATAL r08=0x00000001 r09=0x00000000 r10=0x00000000 r11=0x00280000
- 1135602842 2005.12.26 R61-M0-N3-C:J11-U11 2005-12-26-05.14.02.642325 R61-M0-N3-C:J11-U11 RAS KERNEL FATAL r12=0x00848044 r13=0x1eeeeeee r14=0x00340000 r15=0x0035224c
- 1135602842 2005.12.26 R61-M0-N3-C:J11-U11 2005-12-26-05.14.02.773665 R61-M0-N3-C:J11-U11 RAS KERNEL FATAL r16=0x84884044 r17=0x00350000 r18=0x00350000 r19=0x00340000
- 1135602842 2005.12.26 R61-M0-N3-C:J11-U11 2005-12-26-05.14.02.906138 R61-M0-N3-C:J11-U11 RAS KERNEL FATAL r20=0x00000000 r21=0x00350000 r22=0x00340000 r23=0x00340000
- 1135602843 2005.12.26 R61-M0-N3-C:J11-U11 2005-12-26-05.14.03.044057 R61-M0-N3-C:J11-U11 RAS KERNEL FATAL r24=0x00007530 r25=0x00340000 r26=0x00343454 r27=0x003523c8
- 1135602843 2005.12.26 R61-M0-N3-C:J11-U11 2005-12-26-05.14.03.177912 R61-M0-N3-C:J11-U11 RAS KERNEL FATAL r28=0xffffffff r29=0xffffffff r30=0x000007d0 r31=0x00350000
- 1135602843 2005.12.26 R61-M0-N3-C:J11-U11 2005-12-26-05.14.03.311936 R61-M0-N3-C:J11-U11 RAS KERNEL FATAL Special Purpose Registers:
- 1135602843 2005.12.26 R61-M0-N3-C:J11-U11 2005-12-26-05.14.03.443109 R61-M0-N3-C:J11-U11 RAS KERNEL FATAL lr=0x00205034 cr=0x22848044 xer=0x00000002 ctr=0x000057ea
- 1135602843 2005.12.26 R61-M0-N3-C:J11-U11 2005-12-26-05.14.03.574182 R61-M0-N3-C:J11-U11 RAS KERNEL FATAL msr=0x0002f900 dear=0x00000000 esr=0x00000000 fpscr=0xa2264000
- 1135602843 2005.12.26 R61-M0-N3-C:J11-U11 2005-12-26-05.14.03.706278 R61-M0-N3-C:J11-U11 RAS KERNEL FATAL dbcr0=0x00000000 dbsr=0x00000000 ccr0=0x00002000
- 1135602843 2005.12.26 R61-M0-N3-C:J11-U11 2005-12-26-05.14.03.838371 R61-M0-N3-C:J11-U11 RAS KERNEL FATAL Floating Point Status and Control Register: 0xa2264000
- 1135602844 2005.12.26 R61-M0-N3-C:J11-U11 2005-12-26-05.14.04.034038 R61-M0-N3-C:J11-U11 RAS KERNEL FATAL exception summary........................1
- 1135602844 2005.12.26 R61-M0-N3-C:J11-U11 2005-12-26-05.14.04.219748 R61-M0-N3-C:J11-U11 RAS KERNEL FATAL enabled exception summary................0
- 1135602844 2005.12.26 R61-M0-N3-C:J11-U11 2005-12-26-05.14.04.346817 R61-M0-N3-C:J11-U11 RAS KERNEL FATAL invalid operation exception summary......1
- 1135602844 2005.12.26 R61-M0-N3-C:J11-U11 2005-12-26-05.14.04.477156 R61-M0-N3-C:J11-U11 RAS KERNEL FATAL overflow exception.......................0
- 1135602844 2005.12.26 R61-M0-N3-C:J11-U11 2005-12-26-05.14.04.609380 R61-M0-N3-C:J11-U11 RAS KERNEL FATAL underflow exception......................0
- 1135602844 2005.12.26 R61-M0-N3-C:J11-U11 2005-12-26-05.14.04.734901 R61-M0-N3-C:J11-U11 RAS KERNEL FATAL divide-by-zero exception.................0
- 1135602844 2005.12.26 R61-M0-N3-C:J11-U11 2005-12-26-05.14.04.863326 R61-M0-N3-C:J11-U11 RAS KERNEL FATAL inexact exception........................1
- 1135602844 2005.12.26 R61-M0-N3-C:J11-U11 2005-12-26-05.14.04.993077 R61-M0-N3-C:J11-U11 RAS KERNEL FATAL invalid (SNAN)...........................0
- 1135602845 2005.12.26 R61-M0-N3-C:J11-U11 2005-12-26-05.14.05.125061 R61-M0-N3-C:J11-U11 RAS KERNEL FATAL invalid (Inf-Inf)........................0
- 1135602845 2005.12.26 R61-M0-N3-C:J11-U11 2005-12-26-05.14.05.247262 R61-M0-N3-C:J11-U11 RAS KERNEL FATAL invalid (Inf/Inf)........................0
- 1135602845 2005.12.26 R61-M0-N3-C:J11-U11 2005-12-26-05.14.05.374347 R61-M0-N3-C:J11-U11 RAS KERNEL FATAL invalid (Zero/Zero)......................1
- 1135602845 2005.12.26 R61-M0-N3-C:J11-U11 2005-12-26-05.14.05.500779 R61-M0-N3-C:J11-U11 RAS KERNEL FATAL invalid (Inf/Zero).......................0
- 1135602845 2005.12.26 R61-M0-N3-C:J11-U11 2005-12-26-05.14.05.624572 R61-M0-N3-C:J11-U11 RAS KERNEL FATAL invalid (compare)........................0
- 1135602845 2005.12.26 R61-M0-N3-C:J11-U11 2005-12-26-05.14.05.762516 R61-M0-N3-C:J11-U11 RAS KERNEL FATAL fraction rounded.........................1
- 1135602845 2005.12.26 R61-M0-N3-C:J11-U11 2005-12-26-05.14.05.894349 R61-M0-N3-C:J11-U11 RAS KERNEL FATAL fraction inexact.........................1
- 1135602846 2005.12.26 R61-M0-N3-C:J11-U11 2005-12-26-05.14.06.020072 R61-M0-N3-C:J11-U11 RAS KERNEL FATAL quiet NaN................................0
- 1135602846 2005.12.26 R61-M0-N3-C:J11-U11 2005-12-26-05.14.06.145614 R61-M0-N3-C:J11-U11 RAS KERNEL FATAL minus inf................................0
- 1135602846 2005.12.26 R61-M0-N3-C:J11-U11 2005-12-26-05.14.06.271243 R61-M0-N3-C:J11-U11 RAS KERNEL FATAL minus normalized number..................0
- 1135602846 2005.12.26 R61-M0-N3-C:J11-U11 2005-12-26-05.14.06.397126 R61-M0-N3-C:J11-U11 RAS KERNEL FATAL minus denormalized number................0
- 1135602846 2005.12.26 R61-M0-N3-C:J11-U11 2005-12-26-05.14.06.528698 R61-M0-N3-C:J11-U11 RAS KERNEL FATAL minus zero...............................0
- 1135602846 2005.12.26 R61-M0-N3-C:J11-U11 2005-12-26-05.14.06.654699 R61-M0-N3-C:J11-U11 RAS KERNEL FATAL plus zero................................0
- 1135602846 2005.12.26 R61-M0-N3-C:J11-U11 2005-12-26-05.14.06.785736 R61-M0-N3-C:J11-U11 RAS KERNEL FATAL plus denormalized number.................0
- 1135602846 2005.12.26 R61-M0-N3-C:J11-U11 2005-12-26-05.14.06.906033 R61-M0-N3-C:J11-U11 RAS KERNEL FATAL plus normalized number...................1
- 1135602847 2005.12.26 R61-M0-N3-C:J11-U11 2005-12-26-05.14.07.032388 R61-M0-N3-C:J11-U11 RAS KERNEL FATAL plus infinity............................0
- 1135602847 2005.12.26 R61-M0-N3-C:J11-U11 2005-12-26-05.14.07.162899 R61-M0-N3-C:J11-U11 RAS KERNEL FATAL reserved.................................0
- 1135602847 2005.12.26 R61-M0-N3-C:J11-U11 2005-12-26-05.14.07.281563 R61-M0-N3-C:J11-U11 RAS KERNEL FATAL invalid operation exception (software)...0
- 1135602847 2005.12.26 R61-M0-N3-C:J11-U11 2005-12-26-05.14.07.416135 R61-M0-N3-C:J11-U11 RAS KERNEL FATAL invalid operation exception (sqrt).......0
- 1135602847 2005.12.26 R61-M0-N3-C:J11-U11 2005-12-26-05.14.07.552547 R61-M0-N3-C:J11-U11 RAS KERNEL FATAL invalid operation exception (int cnvt)...0
- 1135602847 2005.12.26 R61-M0-N3-C:J11-U11 2005-12-26-05.14.07.676992 R61-M0-N3-C:J11-U11 RAS KERNEL FATAL enable invalid operation exceptions......0
- 1135602847 2005.12.26 R61-M0-N3-C:J11-U11 2005-12-26-05.14.07.784172 R61-M0-N3-C:J11-U11 RAS KERNEL FATAL enable overflow exceptions...............0
- 1135602847 2005.12.26 R61-M0-N3-C:J11-U11 2005-12-26-05.14.07.913829 R61-M0-N3-C:J11-U11 RAS KERNEL FATAL enable underflow exceptions..............0
- 1135602848 2005.12.26 R61-M0-N3-C:J11-U11 2005-12-26-05.14.08.042670 R61-M0-N3-C:J11-U11 RAS KERNEL FATAL enable divide-by-zero exceptions.........0
- 1135602848 2005.12.26 R61-M0-N3-C:J11-U11 2005-12-26-05.14.08.168243 R61-M0-N3-C:J11-U11 RAS KERNEL FATAL enable inexact exceptions................0
- 1135602848 2005.12.26 R61-M0-N3-C:J11-U11 2005-12-26-05.14.08.307339 R61-M0-N3-C:J11-U11 RAS KERNEL FATAL enable non-IEEE mode.....................0
- 1135602848 2005.12.26 R61-M0-N3-C:J11-U11 2005-12-26-05.14.08.432637 R61-M0-N3-C:J11-U11 RAS KERNEL FATAL round nearest............................0
- 1135602848 2005.12.26 R61-M0-N3-C:J11-U11 2005-12-26-05.14.08.558317 R61-M0-N3-C:J11-U11 RAS KERNEL FATAL round toward zero........................0
- 1135602848 2005.12.26 R61-M0-N3-C:J11-U11 2005-12-26-05.14.08.682586 R61-M0-N3-C:J11-U11 RAS KERNEL FATAL round toward +infinity...................0
- 1135602848 2005.12.26 R61-M0-N3-C:J11-U11 2005-12-26-05.14.08.808238 R61-M0-N3-C:J11-U11 RAS KERNEL FATAL round toward -infinity...................0
- 1135602848 2005.12.26 R61-M0-N3-C:J11-U11 2005-12-26-05.14.08.935333 R61-M0-N3-C:J11-U11 RAS KERNEL FATAL Floating Point Registers:
- 1135602849 2005.12.26 R61-M0-N3-C:J11-U11 2005-12-26-05.14.09.150636 R61-M0-N3-C:J11-U11 RAS KERNEL FATAL fpr0=0x00000000 00000000 33333333 3fd33333
- 1135602849 2005.12.26 R61-M0-N3-C:J11-U11 2005-12-26-05.14.09.302226 R61-M0-N3-C:J11-U11 RAS KERNEL FATAL fpr1=0x00000000 00000000 d2f1a9fc 3f10624d
- 1135602849 2005.12.26 R61-M0-N3-C:J11-U11 2005-12-26-05.14.09.436786 R61-M0-N3-C:J11-U11 RAS KERNEL FATAL fpr2=0x00000000 00000000 00000000 3fe00000
- 1135602849 2005.12.26 R61-M0-N3-C:J11-U11 2005-12-26-05.14.09.576527 R61-M0-N3-C:J11-U11 RAS KERNEL FATAL fpr3=0x00000000 00000000 00000000 00000000
- 1135602849 2005.12.26 R61-M0-N3-C:J11-U11 2005-12-26-05.14.09.707791 R61-M0-N3-C:J11-U11 RAS KERNEL FATAL fpr4=0x00000000 00000000 00000000 bff00000
- 1135602849 2005.12.26 R61-M0-N3-C:J11-U11 2005-12-26-05.14.09.847507 R61-M0-N3-C:J11-U11 RAS KERNEL FATAL fpr5=0x00000000 00000000 d2f1a9fc 3f20624d
- 1135602849 2005.12.26 R61-M0-N3-C:J11-U11 2005-12-26-05.14.09.978666 R61-M0-N3-C:J11-U11 RAS KERNEL FATAL fpr6=0x00000000 00000000 00000000 bfd40000
- 1135602850 2005.12.26 R61-M0-N3-C:J11-U11 2005-12-26-05.14.10.106106 R61-M0-N3-C:J11-U11 RAS KERNEL FATAL fpr7=0x00000000 00000000 00000000 3fd80000
- 1135602850 2005.12.26 R61-M0-N3-C:J11-U11 2005-12-26-05.14.10.232524 R61-M0-N3-C:J11-U11 RAS KERNEL FATAL fpr8=0x00000000 00000000 bc6a7efa 3f189374
- 1135602850 2005.12.26 R61-M0-N3-C:J11-U11 2005-12-26-05.14.10.370602 R61-M0-N3-C:J11-U11 RAS KERNEL FATAL fpr9=0x00000000 00000000 00000000 bfe00000
- 1135602850 2005.12.26 R61-M0-N3-C:J11-U11 2005-12-26-05.14.10.502033 R61-M0-N3-C:J11-U11 RAS KERNEL FATAL fpr10=0x00000000 00000000 33333333 40bb3333
- 1135602850 2005.12.26 R61-M0-N3-C:J11-U11 2005-12-26-05.14.10.626615 R61-M0-N3-C:J11-U11 RAS KERNEL FATAL fpr11=0x00000000 00000000 30553261 3ee3a92a
- 1135602850 2005.12.26 R61-M0-N3-C:J11-U11 2005-12-26-05.14.10.752641 R61-M0-N3-C:J11-U11 RAS KERNEL FATAL fpr12=0x00000000 00000000 332a823a 409bb97f
- 1135602850 2005.12.26 R61-M0-N3-C:J11-U11 2005-12-26-05.14.10.879785 R61-M0-N3-C:J11-U11 RAS KERNEL FATAL fpr13=0x00000000 00000000 e2fc4b4a 3ff016d2
- 1135602851 2005.12.26 R61-M0-N3-C:J11-U11 2005-12-26-05.14.11.004053 R61-M0-N3-C:J11-U11 RAS KERNEL FATAL fpr14=0xffffffff ffffffff 00000000 3ff00000
- 1135602851 2005.12.26 R61-M0-N3-C:J11-U11 2005-12-26-05.14.11.129488 R61-M0-N3-C:J11-U11 RAS KERNEL FATAL fpr15=0xffffffff ffffffff 00000000 00000000
- 1135602851 2005.12.26 R61-M0-N3-C:J11-U11 2005-12-26-05.14.11.254478 R61-M0-N3-C:J11-U11 RAS KERNEL FATAL fpr16=0xffffffff ffffffff e0000000 c7efffff
- 1135602851 2005.12.26 R61-M0-N3-C:J11-U11 2005-12-26-05.14.11.389465 R61-M0-N3-C:J11-U11 RAS KERNEL FATAL fpr17=0xffffffff ffffffff 00000000 00000000
- 1135602851 2005.12.26 R61-M0-N3-C:J11-U11 2005-12-26-05.14.11.518744 R61-M0-N3-C:J11-U11 RAS KERNEL FATAL fpr18=0xffffffff ffffffff 97333333 40d46a39
- 1135602851 2005.12.26 R61-M0-N3-C:J11-U11 2005-12-26-05.14.11.643641 R61-M0-N3-C:J11-U11 RAS KERNEL FATAL fpr19=0xffffffff ffffffff 33333333 40d468f3
- 1135602851 2005.12.26 R61-M0-N3-C:J11-U11 2005-12-26-05.14.11.769856 R61-M0-N3-C:J11-U11 RAS KERNEL FATAL fpr20=0xffffffff ffffffff 33333333 c0d468f3
- 1135602851 2005.12.26 R61-M0-N3-C:J11-U11 2005-12-26-05.14.11.895958 R61-M0-N3-C:J11-U11 RAS KERNEL FATAL fpr21=0xffffffff ffffffff 00000000 00000000
- 1135602852 2005.12.26 R61-M0-N3-C:J11-U11 2005-12-26-05.14.12.020761 R61-M0-N3-C:J11-U11 RAS KERNEL FATAL fpr22=0xffffffff ffffffff 00000000 3fe00000
- 1135602852 2005.12.26 R61-M0-N3-C:J11-U11 2005-12-26-05.14.12.146831 R61-M0-N3-C:J11-U11 RAS KERNEL FATAL fpr23=0xffffffff ffffffff 00000000 00000000
- 1135602852 2005.12.26 R61-M0-N3-C:J11-U11 2005-12-26-05.14.12.278244 R61-M0-N3-C:J11-U11 RAS KERNEL FATAL fpr24=0xffffffff ffffffff f5875bb8 40dcdd31
- 1135602852 2005.12.26 R61-M0-N3-C:J11-U11 2005-12-26-05.14.12.428627 R61-M0-N3-C:J11-U11 RAS KERNEL FATAL fpr25=0xffffffff ffffffff 00000000 00000000
- 1135602852 2005.12.26 R61-M0-N3-C:J11-U11 2005-12-26-05.14.12.562343 R61-M0-N3-C:J11-U11 RAS KERNEL FATAL fpr26=0xffffffff ffffffff 00000000 40590000
- 1135602852 2005.12.26 R61-M0-N3-C:J11-U11 2005-12-26-05.14.12.691065 R61-M0-N3-C:J11-U11 RAS KERNEL FATAL fpr27=0xffffffff ffffffff d8fd71f9 3fdaf81c
- 1135602852 2005.12.26 R61-M0-N3-C:J11-U11 2005-12-26-05.14.12.804720 R61-M0-N3-C:J11-U11 RAS KERNEL FATAL fpr28=0xffffffff ffffffff 3c5d5f18 3fd26532
- 1135602852 2005.12.26 R61-M0-N3-C:J11-U11 2005-12-26-05.14.12.938272 R61-M0-N3-C:J11-U11 RAS KERNEL FATAL fpr29=0xffffffff ffffffff e8e04e4d 40b28500
- 1135602853 2005.12.26 R61-M0-N3-C:J11-U11 2005-12-26-05.14.13.064499 R61-M0-N3-C:J11-U11 RAS KERNEL FATAL fpr30=0xffffffff ffffffff bdf35a4f c09bb8fd
- 1135602853 2005.12.26 R61-M0-N3-C:J11-U11 2005-12-26-05.14.13.199609 R61-M0-N3-C:J11-U11 RAS KERNEL FATAL fpr31=0xffffffff ffffffff 0aaee82a 3ff4c819
KERNRTSP 1135602853 2005.12.26 R61-M0-N3-C:J11-U11 2005-12-26-05.14.13.326543 R61-M0-N3-C:J11-U11 RAS KERNEL FATAL rts panic! - stopping execution
- 1135602853 2005.12.26 R61-M1-ND-C:J07-U11 2005-12-26-05.14.13.512664 R61-M1-ND-C:J07-U11 RAS KERNEL INFO 1 ddr error(s) detected and corrected on rank 0, symbol 35 over 4307 seconds
- 1135602853 2005.12.26 R61-M1-ND-C:J07-U11 2005-12-26-05.14.13.636940 R61-M1-ND-C:J07-U11 RAS KERNEL INFO total of 1 ddr error(s) detected and corrected over 4307 seconds
APPSEV 1135602854 2005.12.26 R65-M0-N4-I:J18-U01 2005-12-26-05.14.14.760054 R65-M0-N4-I:J18-U01 RAS APP FATAL ciod: Error reading message prefix on CioStream socket to 172.16.96.116:37627, Link has been severed
APPSEV 1135602854 2005.12.26 R64-M1-NC-I:J18-U11 2005-12-26-05.14.14.963905 R64-M1-NC-I:J18-U11 RAS APP FATAL ciod: Error reading message prefix on CioStream socket to 172.16.96.116:37626, Link has been severed
APPSEV 1135602855 2005.12.26 R64-M1-N8-I:J18-U01 2005-12-26-05.14.15.123056 R64-M1-N8-I:J18-U01 RAS APP FATAL ciod: Error reading message prefix on CioStream socket to 172.16.96.116:37621, Link has been severed
APPSEV 1135602855 2005.12.26 R60-M1-NC-I:J18-U11 2005-12-26-05.14.15.265918 R60-M1-NC-I:J18-U11 RAS APP FATAL ciod: Error reading message prefix on CioStream socket to 172.16.96.116:37592, Link has been severed
APPSEV 1135602855 2005.12.26 R64-M0-NC-I:J18-U11 2005-12-26-05.14.15.408123 R64-M0-NC-I:J18-U11 RAS APP FATAL ciod: Error reading message prefix on CioStream socket to 172.16.96.116:37618, Link has been severed
APPSEV 1135602855 2005.12.26 R64-M0-N8-I:J18-U01 2005-12-26-05.14.15.597110 R64-M0-N8-I:J18-U01 RAS APP FATAL ciod: Error reading message prefix on CioStream socket to 172.16.96.116:37613, Link has been severed
APPSEV 1135602855 2005.12.26 R65-M1-N0-I:J18-U11 2005-12-26-05.14.15.723901 R65-M1-N0-I:J18-U11 RAS APP FATAL ciod: Error reading message prefix on CioStream socket to 172.16.96.116:37642, Link has been severed
APPSEV 1135602855 2005.12.26 R65-M1-N0-I:J18-U01 2005-12-26-05.14.15.874002 R65-M1-N0-I:J18-U01 RAS APP FATAL ciod: Error reading message prefix on CioStream socket to 172.16.96.116:37641, Link has been severed
APPSEV 1135602856 2005.12.26 R65-M1-N8-I:J18-U11 2005-12-26-05.14.16.019968 R65-M1-N8-I:J18-U11 RAS APP FATAL ciod: Error reading message prefix on CioStream socket to 172.16.96.116:37638, Link has been severed
APPSEV 1135602856 2005.12.26 R65-M0-N8-I:J18-U11 2005-12-26-05.14.16.155269 R65-M0-N8-I:J18-U11 RAS APP FATAL ciod: Error reading message prefix on CioStream socket to 172.16.96.116:37630, Link has been severed
APPSEV 1135602856 2005.12.26 R65-M0-N8-I:J18-U01 2005-12-26-05.14.16.291376 R65-M0-N8-I:J18-U01 RAS APP FATAL ciod: Error reading message prefix on CioStream socket to 172.16.96.116:37629, Link has been severed
APPSEV 1135602856 2005.12.26 R64-M0-N4-I:J18-U11 2005-12-26-05.14.16.450728 R64-M0-N4-I:J18-U11 RAS APP FATAL ciod: Error reading message prefix on CioStream socket to 172.16.96.116:37612, Link has been severed
APPSEV 1135602856 2005.12.26 R64-M0-N4-I:J18-U01 2005-12-26-05.14.16.597135 R64-M0-N4-I:J18-U01 RAS APP FATAL ciod: Error reading message prefix on CioStream socket to 172.16.96.116:37611, Link has been severed
APPSEV 1135602856 2005.12.26 R65-M0-NC-I:J18-U11 2005-12-26-05.14.16.768623 R65-M0-NC-I:J18-U11 RAS APP FATAL ciod: Error reading message prefix on CioStream socket to 172.16.96.116:37634, Link has been severed
APPSEV 1135602856 2005.12.26 R60-M1-N4-I:J18-U11 2005-12-26-05.14.16.944366 R60-M1-N4-I:J18-U11 RAS APP FATAL ciod: Error reading message prefix on CioStream socket to 172.16.96.116:37588, Link has been severed
APPSEV 1135602857 2005.12.26 R61-M0-N8-I:J18-U11 2005-12-26-05.14.17.093267 R61-M0-N8-I:J18-U11 RAS APP FATAL ciod: Error reading message prefix on CioStream socket to 172.16.96.116:37596, Link has been severed
APPSEV 1135602857 2005.12.26 R61-M0-N8-I:J18-U01 2005-12-26-05.14.17.231940 R61-M0-N8-I:J18-U01 RAS APP FATAL ciod: Error reading message prefix on CioStream socket to 172.16.96.116:37595, Link has been severed
APPSEV 1135602857 2005.12.26 R65-M0-N0-I:J18-U01 2005-12-26-05.14.17.385951 R65-M0-N0-I:J18-U01 RAS APP FATAL ciod: Error reading message prefix on CioStream socket to 172.16.96.116:37631, Link has been severed
APPSEV 1135602857 2005.12.26 R61-M0-N0-I:J18-U01 2005-12-26-05.14.17.574980 R61-M0-N0-I:J18-U01 RAS APP FATAL ciod: Error reading message prefix on CioStream socket to 172.16.96.116:37601, Link has been severed
APPSEV 1135602857 2005.12.26 R61-M1-NC-I:J18-U11 2005-12-26-05.14.17.711075 R61-M1-NC-I:J18-U11 RAS APP FATAL ciod: Error reading message prefix on CioStream socket to 172.16.96.116:37608, Link has been severed
APPSEV 1135602857 2005.12.26 R61-M1-NC-I:J18-U01 2005-12-26-05.14.17.823777 R61-M1-NC-I:J18-U01 RAS APP FATAL ciod: Error reading message prefix on CioStream socket to 172.16.96.116:37607, Link has been severed
APPSEV 1135602857 2005.12.26 R61-M1-N4-I:J18-U01 2005-12-26-05.14.17.970951 R61-M1-N4-I:J18-U01 RAS APP FATAL ciod: Error reading message prefix on CioStream socket to 172.16.96.116:37603, Link has been severed
APPSEV 1135602858 2005.12.26 R61-M0-NC-I:J18-U11 2005-12-26-05.14.18.105175 R61-M0-NC-I:J18-U11 RAS APP FATAL ciod: Error reading message prefix on CioStream socket to 172.16.96.116:37600, Link has been severed
APPSEV 1135602858 2005.12.26 R61-M1-N8-I:J18-U01 2005-12-26-05.14.18.260373 R61-M1-N8-I:J18-U01 RAS APP FATAL ciod: Error reading message prefix on CioStream socket to 172.16.96.116:37605, Link has been severed
APPSEV 1135602858 2005.12.26 R60-M0-N8-I:J18-U11 2005-12-26-05.14.18.446567 R60-M0-N8-I:J18-U11 RAS APP FATAL ciod: Error reading message prefix on CioStream socket to 172.16.96.116:37582, Link has been severed
APPSEV 1135602858 2005.12.26 R60-M0-N4-I:J18-U01 2005-12-26-05.14.18.615414 R60-M0-N4-I:J18-U01 RAS APP FATAL ciod: Error reading message prefix on CioStream socket to 172.16.96.116:37579, Link has been severed
- 1135799601 2005.12.28 R31-M0-N9-C:J02-U01 2005-12-28-11.53.21.832704 R31-M0-N9-C:J02-U01 RAS KERNEL INFO 1 ddr error(s) detected and corrected on rank 0, symbol 7 over 2 seconds
- 1135799601 2005.12.28 R31-M0-N9-C:J02-U01 2005-12-28-11.53.21.949509 R31-M0-N9-C:J02-U01 RAS KERNEL INFO total of 1 ddr error(s) detected and corrected over 2 seconds
- 1135810044 2005.12.28 R16-M1-N2-C:J04-U11 2005-12-28-14.47.24.014844 R16-M1-N2-C:J04-U11 RAS KERNEL INFO 2 torus processor sram reception error(s) (dcr 0x02fc) detected and corrected over 14425 seconds
- 1135810044 2005.12.28 R06-M1-N6-C:J15-U01 2005-12-28-14.47.24.690352 R06-M1-N6-C:J15-U01 RAS KERNEL INFO 3 torus receiver x+ input pipe error(s) (dcr 0x02ec) detected and corrected over 14426 seconds
- 1135810044 2005.12.28 R06-M1-N6-C:J15-U01 2005-12-28-14.47.24.745809 R06-M1-N6-C:J15-U01 RAS KERNEL INFO 5 tree receiver 2 in re-synch state event(s) (dcr 0x019a) detected over 14426 seconds
- 1135810044 2005.12.28 R06-M1-N6-C:J15-U01 2005-12-28-14.47.24.769677 R06-M1-N6-C:J15-U01 RAS KERNEL INFO 1 torus receiver y+ input pipe error(s) (dcr 0x02ee) detected and corrected over 14426 seconds
- 1135810044 2005.12.28 R06-M1-N6-C:J15-U01 2005-12-28-14.47.24.787785 R06-M1-N6-C:J15-U01 RAS KERNEL INFO 5 tree receiver 2 in re-synch state event(s) (dcr 0x019a) detected over 14426 seconds
- 1135810045 2005.12.28 R17-M1-NE-C:J03-U01 2005-12-28-14.47.25.379578 R17-M1-NE-C:J03-U01 RAS KERNEL INFO 2 L3 EDRAM error(s) (dcr 0x0157) detected and corrected over 14427 seconds
- 1135810045 2005.12.28 R17-M1-NE-C:J03-U01 2005-12-28-14.47.25.446774 R17-M1-NE-C:J03-U01 RAS KERNEL INFO 2 L3 EDRAM error(s) (dcr 0x0157) detected and corrected over 14427 seconds
- 1136169558 2006.01.01 R36-M0-N8-I:J18-U11 2006-01-01-18.39.18.503850 R36-M0-N8-I:J18-U11 RAS KERNEL INFO ciod: generated 128 core files for program /g/g24/germann2/SPaSM_mini/DSMC/r11
- 1136169558 2006.01.01 R36-M0-N8-I:J18-U01 2006-01-01-18.39.18.694322 R36-M0-N8-I:J18-U01 RAS KERNEL INFO ciod: generated 128 core files for program /g/g24/germann2/SPaSM_mini/DSMC/r11
- 1136169558 2006.01.01 R36-M0-NC-I:J18-U11 2006-01-01-18.39.18.838481 R36-M0-NC-I:J18-U11 RAS KERNEL INFO ciod: generated 128 core files for program /g/g24/germann2/SPaSM_mini/DSMC/r11
- 1136169558 2006.01.01 R36-M0-NC-I:J18-U01 2006-01-01-18.39.18.984809 R36-M0-NC-I:J18-U01 RAS KERNEL INFO ciod: generated 128 core files for program /g/g24/germann2/SPaSM_mini/DSMC/r11
- 1136169559 2006.01.01 R36-M0-N0-I:J18-U11 2006-01-01-18.39.19.117149 R36-M0-N0-I:J18-U11 RAS KERNEL INFO ciod: generated 128 core files for program /g/g24/germann2/SPaSM_mini/DSMC/r11
- 1136169559 2006.01.01 R36-M0-N0-I:J18-U01 2006-01-01-18.39.19.254335 R36-M0-N0-I:J18-U01 RAS KERNEL INFO ciod: generated 128 core files for program /g/g24/germann2/SPaSM_mini/DSMC/r11
- 1136169559 2006.01.01 R36-M0-N4-I:J18-U11 2006-01-01-18.39.19.395461 R36-M0-N4-I:J18-U11 RAS KERNEL INFO ciod: generated 128 core files for program /g/g24/germann2/SPaSM_mini/DSMC/r11
- 1136169559 2006.01.01 R36-M0-N4-I:J18-U01 2006-01-01-18.39.19.551059 R36-M0-N4-I:J18-U01 RAS KERNEL INFO ciod: generated 128 core files for program /g/g24/germann2/SPaSM_mini/DSMC/r11
- 1136169559 2006.01.01 R36-M1-NC-I:J18-U11 2006-01-01-18.39.19.702228 R36-M1-NC-I:J18-U11 RAS KERNEL INFO ciod: generated 128 core files for program /g/g24/germann2/SPaSM_mini/DSMC/r11
- 1136169559 2006.01.01 R36-M1-NC-I:J18-U01 2006-01-01-18.39.19.842711 R36-M1-NC-I:J18-U01 RAS KERNEL INFO ciod: generated 128 core files for program /g/g24/germann2/SPaSM_mini/DSMC/r11
- 1136169559 2006.01.01 R33-M1-N0-I:J18-U11 2006-01-01-18.39.19.984993 R33-M1-N0-I:J18-U11 RAS KERNEL INFO ciod: generated 128 core files for program /g/g24/germann2/SPaSM_mini/DSMC/r11
- 1136169560 2006.01.01 R33-M1-N0-I:J18-U01 2006-01-01-18.39.20.122447 R33-M1-N0-I:J18-U01 RAS KERNEL INFO ciod: generated 128 core files for program /g/g24/germann2/SPaSM_mini/DSMC/r11
- 1136169560 2006.01.01 R33-M0-NC-I:J18-U11 2006-01-01-18.39.20.259021 R33-M0-NC-I:J18-U11 RAS KERNEL INFO ciod: generated 128 core files for program /g/g24/germann2/SPaSM_mini/DSMC/r11
- 1136169560 2006.01.01 R33-M0-NC-I:J18-U01 2006-01-01-18.39.20.400674 R33-M0-NC-I:J18-U01 RAS KERNEL INFO ciod: generated 128 core files for program /g/g24/germann2/SPaSM_mini/DSMC/r11
- 1136169560 2006.01.01 R36-M1-N8-I:J18-U11 2006-01-01-18.39.20.541433 R36-M1-N8-I:J18-U11 RAS KERNEL INFO ciod: generated 128 core files for program /g/g24/germann2/SPaSM_mini/DSMC/r11
- 1136169560 2006.01.01 R36-M1-N8-I:J18-U01 2006-01-01-18.39.20.690501 R36-M1-N8-I:J18-U01 RAS KERNEL INFO ciod: generated 128 core files for program /g/g24/germann2/SPaSM_mini/DSMC/r11
- 1136169560 2006.01.01 R37-M0-N0-I:J18-U11 2006-01-01-18.39.20.801703 R37-M0-N0-I:J18-U11 RAS KERNEL INFO ciod: generated 128 core files for program /g/g24/germann2/SPaSM_mini/DSMC/r11
- 1136169560 2006.01.01 R37-M0-N0-I:J18-U01 2006-01-01-18.39.20.937711 R37-M0-N0-I:J18-U01 RAS KERNEL INFO ciod: generated 128 core files for program /g/g24/germann2/SPaSM_mini/DSMC/r11
- 1136169561 2006.01.01 R37-M0-NC-I:J18-U11 2006-01-01-18.39.21.076148 R37-M0-NC-I:J18-U11 RAS KERNEL INFO ciod: generated 128 core files for program /g/g24/germann2/SPaSM_mini/DSMC/r11
- 1136169561 2006.01.01 R37-M0-NC-I:J18-U01 2006-01-01-18.39.21.222504 R37-M0-NC-I:J18-U01 RAS KERNEL INFO ciod: generated 128 core files for program /g/g24/germann2/SPaSM_mini/DSMC/r11
- 1136169561 2006.01.01 R37-M1-N0-I:J18-U11 2006-01-01-18.39.21.377200 R37-M1-N0-I:J18-U11 RAS KERNEL INFO ciod: generated 128 core files for program /g/g24/germann2/SPaSM_mini/DSMC/r11
- 1136169561 2006.01.01 R37-M1-N0-I:J18-U01 2006-01-01-18.39.21.511029 R37-M1-N0-I:J18-U01 RAS KERNEL INFO ciod: generated 128 core files for program /g/g24/germann2/SPaSM_mini/DSMC/r11
- 1136169561 2006.01.01 R37-M0-N8-I:J18-U11 2006-01-01-18.39.21.649900 R37-M0-N8-I:J18-U11 RAS KERNEL INFO ciod: generated 128 core files for program /g/g24/germann2/SPaSM_mini/DSMC/r11
- 1136169561 2006.01.01 R37-M0-N8-I:J18-U01 2006-01-01-18.39.21.793000 R37-M0-N8-I:J18-U01 RAS KERNEL INFO ciod: generated 128 core files for program /g/g24/germann2/SPaSM_mini/DSMC/r11
- 1136169561 2006.01.01 R33-M1-NC-I:J18-U11 2006-01-01-18.39.21.943888 R33-M1-NC-I:J18-U11 RAS KERNEL INFO ciod: generated 128 core files for program /g/g24/germann2/SPaSM_mini/DSMC/r11
- 1136169562 2006.01.01 R33-M1-NC-I:J18-U01 2006-01-01-18.39.22.079550 R33-M1-NC-I:J18-U01 RAS KERNEL INFO ciod: generated 128 core files for program /g/g24/germann2/SPaSM_mini/DSMC/r11
- 1136169562 2006.01.01 R37-M1-N4-I:J18-U11 2006-01-01-18.39.22.210959 R37-M1-N4-I:J18-U11 RAS KERNEL INFO ciod: generated 128 core files for program /g/g24/germann2/SPaSM_mini/DSMC/r11
- 1136169562 2006.01.01 R37-M1-N4-I:J18-U01 2006-01-01-18.39.22.352534 R37-M1-N4-I:J18-U01 RAS KERNEL INFO ciod: generated 128 core files for program /g/g24/germann2/SPaSM_mini/DSMC/r11
- 1136169562 2006.01.01 R37-M1-N8-I:J18-U11 2006-01-01-18.39.22.492421 R37-M1-N8-I:J18-U11 RAS KERNEL INFO ciod: generated 128 core files for program /g/g24/germann2/SPaSM_mini/DSMC/r11
- 1136169562 2006.01.01 R37-M1-N8-I:J18-U01 2006-01-01-18.39.22.629638 R37-M1-N8-I:J18-U01 RAS KERNEL INFO ciod: generated 128 core files for program /g/g24/germann2/SPaSM_mini/DSMC/r11
- 1136169562 2006.01.01 R37-M1-NC-I:J18-U11 2006-01-01-18.39.22.785961 R37-M1-NC-I:J18-U11 RAS KERNEL INFO ciod: generated 128 core files for program /g/g24/germann2/SPaSM_mini/DSMC/r11
- 1136169562 2006.01.01 R37-M1-NC-I:J18-U01 2006-01-01-18.39.22.940818 R37-M1-NC-I:J18-U01 RAS KERNEL INFO ciod: generated 128 core files for program /g/g24/germann2/SPaSM_mini/DSMC/r11
- 1136169563 2006.01.01 R33-M1-N8-I:J18-U11 2006-01-01-18.39.23.085090 R33-M1-N8-I:J18-U11 RAS KERNEL INFO ciod: generated 128 core files for program /g/g24/germann2/SPaSM_mini/DSMC/r11
- 1136169563 2006.01.01 R33-M1-N8-I:J18-U01 2006-01-01-18.39.23.227542 R33-M1-N8-I:J18-U01 RAS KERNEL INFO ciod: generated 128 core files for program /g/g24/germann2/SPaSM_mini/DSMC/r11
- 1136169563 2006.01.01 R33-M1-N4-I:J18-U11 2006-01-01-18.39.23.373804 R33-M1-N4-I:J18-U11 RAS KERNEL INFO ciod: generated 128 core files for program /g/g24/germann2/SPaSM_mini/DSMC/r11
- 1136169563 2006.01.01 R33-M1-N4-I:J18-U01 2006-01-01-18.39.23.516636 R33-M1-N4-I:J18-U01 RAS KERNEL INFO ciod: generated 128 core files for program /g/g24/germann2/SPaSM_mini/DSMC/r11
- 1136169563 2006.01.01 R36-M1-N0-I:J18-U11 2006-01-01-18.39.23.803260 R36-M1-N0-I:J18-U11 RAS KERNEL INFO ciod: generated 128 core files for program /g/g24/germann2/SPaSM_mini/DSMC/r11
- 1136169563 2006.01.01 R36-M1-N0-I:J18-U01 2006-01-01-18.39.23.964170 R36-M1-N0-I:J18-U01 RAS KERNEL INFO ciod: generated 128 core files for program /g/g24/germann2/SPaSM_mini/DSMC/r11
- 1136169564 2006.01.01 R36-M1-N4-I:J18-U11 2006-01-01-18.39.24.119901 R36-M1-N4-I:J18-U11 RAS KERNEL INFO ciod: generated 128 core files for program /g/g24/germann2/SPaSM_mini/DSMC/r11
- 1136169564 2006.01.01 R36-M1-N4-I:J18-U01 2006-01-01-18.39.24.262989 R36-M1-N4-I:J18-U01 RAS KERNEL INFO ciod: generated 128 core files for program /g/g24/germann2/SPaSM_mini/DSMC/r11
- 1136169564 2006.01.01 R33-M0-N4-I:J18-U11 2006-01-01-18.39.24.420559 R33-M0-N4-I:J18-U11 RAS KERNEL INFO ciod: generated 128 core files for program /g/g24/germann2/SPaSM_mini/DSMC/r11
- 1136169564 2006.01.01 R33-M0-N4-I:J18-U01 2006-01-01-18.39.24.574592 R33-M0-N4-I:J18-U01 RAS KERNEL INFO ciod: generated 128 core files for program /g/g24/germann2/SPaSM_mini/DSMC/r11
- 1136169564 2006.01.01 R33-M0-N8-I:J18-U11 2006-01-01-18.39.24.718484 R33-M0-N8-I:J18-U11 RAS KERNEL INFO ciod: generated 128 core files for program /g/g24/germann2/SPaSM_mini/DSMC/r11
- 1136169564 2006.01.01 R33-M0-N8-I:J18-U01 2006-01-01-18.39.24.862799 R33-M0-N8-I:J18-U01 RAS KERNEL INFO ciod: generated 128 core files for program /g/g24/germann2/SPaSM_mini/DSMC/r11
- 1136169565 2006.01.01 R32-M0-N0-I:J18-U11 2006-01-01-18.39.25.005348 R32-M0-N0-I:J18-U11 RAS KERNEL INFO ciod: generated 128 core files for program /g/g24/germann2/SPaSM_mini/DSMC/r11
- 1136169565 2006.01.01 R32-M0-N0-I:J18-U01 2006-01-01-18.39.25.148722 R32-M0-N0-I:J18-U01 RAS KERNEL INFO ciod: generated 128 core files for program /g/g24/germann2/SPaSM_mini/DSMC/r11
- 1136169565 2006.01.01 R37-M0-N4-I:J18-U11 2006-01-01-18.39.25.292580 R37-M0-N4-I:J18-U11 RAS KERNEL INFO ciod: generated 128 core files for program /g/g24/germann2/SPaSM_mini/DSMC/r11
- 1136169565 2006.01.01 R37-M0-N4-I:J18-U01 2006-01-01-18.39.25.439171 R37-M0-N4-I:J18-U01 RAS KERNEL INFO ciod: generated 128 core files for program /g/g24/germann2/SPaSM_mini/DSMC/r11
- 1136169565 2006.01.01 R32-M1-N8-I:J18-U11 2006-01-01-18.39.25.585826 R32-M1-N8-I:J18-U11 RAS KERNEL INFO ciod: generated 128 core files for program /g/g24/germann2/SPaSM_mini/DSMC/r11
- 1136169565 2006.01.01 R32-M1-N8-I:J18-U01 2006-01-01-18.39.25.731138 R32-M1-N8-I:J18-U01 RAS KERNEL INFO ciod: generated 128 core files for program /g/g24/germann2/SPaSM_mini/DSMC/r11
- 1136169565 2006.01.01 R32-M1-N0-I:J18-U11 2006-01-01-18.39.25.863305 R32-M1-N0-I:J18-U11 RAS KERNEL INFO ciod: generated 128 core files for program /g/g24/germann2/SPaSM_mini/DSMC/r11
- 1136169566 2006.01.01 R32-M1-N0-I:J18-U01 2006-01-01-18.39.26.016666 R32-M1-N0-I:J18-U01 RAS KERNEL INFO ciod: generated 128 core files for program /g/g24/germann2/SPaSM_mini/DSMC/r11
- 1136169566 2006.01.01 R32-M1-NC-I:J18-U11 2006-01-01-18.39.26.156185 R32-M1-NC-I:J18-U11 RAS KERNEL INFO ciod: generated 128 core files for program /g/g24/germann2/SPaSM_mini/DSMC/r11
- 1136169566 2006.01.01 R32-M1-NC-I:J18-U01 2006-01-01-18.39.26.305517 R32-M1-NC-I:J18-U01 RAS KERNEL INFO ciod: generated 128 core files for program /g/g24/germann2/SPaSM_mini/DSMC/r11
- 1136169566 2006.01.01 R32-M0-NC-I:J18-U11 2006-01-01-18.39.26.452842 R32-M0-NC-I:J18-U11 RAS KERNEL INFO ciod: generated 128 core files for program /g/g24/germann2/SPaSM_mini/DSMC/r11
- 1136169566 2006.01.01 R32-M0-NC-I:J18-U01 2006-01-01-18.39.26.594576 R32-M0-NC-I:J18-U01 RAS KERNEL INFO ciod: generated 128 core files for program /g/g24/germann2/SPaSM_mini/DSMC/r11
- 1136169566 2006.01.01 R32-M0-N4-I:J18-U11 2006-01-01-18.39.26.737673 R32-M0-N4-I:J18-U11 RAS KERNEL INFO ciod: generated 128 core files for program /g/g24/germann2/SPaSM_mini/DSMC/r11
- 1136169566 2006.01.01 R32-M0-N4-I:J18-U01 2006-01-01-18.39.26.894632 R32-M0-N4-I:J18-U01 RAS KERNEL INFO ciod: generated 128 core files for program /g/g24/germann2/SPaSM_mini/DSMC/r11
- 1136169567 2006.01.01 R32-M1-N4-I:J18-U11 2006-01-01-18.39.27.044948 R32-M1-N4-I:J18-U11 RAS KERNEL INFO ciod: generated 128 core files for program /g/g24/germann2/SPaSM_mini/DSMC/r11
- 1136169567 2006.01.01 R32-M1-N4-I:J18-U01 2006-01-01-18.39.27.185111 R32-M1-N4-I:J18-U01 RAS KERNEL INFO ciod: generated 128 core files for program /g/g24/germann2/SPaSM_mini/DSMC/r11
- 1136169567 2006.01.01 R32-M0-N8-I:J18-U11 2006-01-01-18.39.27.323378 R32-M0-N8-I:J18-U11 RAS KERNEL INFO ciod: generated 128 core files for program /g/g24/germann2/SPaSM_mini/DSMC/r11
- 1136169567 2006.01.01 R32-M0-N8-I:J18-U01 2006-01-01-18.39.27.461464 R32-M0-N8-I:J18-U01 RAS KERNEL INFO ciod: generated 128 core files for program /g/g24/germann2/SPaSM_mini/DSMC/r11
- 1136169567 2006.01.01 R33-M0-N0-I:J18-U11 2006-01-01-18.39.27.610027 R33-M0-N0-I:J18-U11 RAS KERNEL INFO ciod: generated 128 core files for program /g/g24/germann2/SPaSM_mini/DSMC/r11
- 1136169567 2006.01.01 R33-M0-N0-I:J18-U01 2006-01-01-18.39.27.761151 R33-M0-N0-I:J18-U01 RAS KERNEL INFO ciod: generated 128 core files for program /g/g24/germann2/SPaSM_mini/DSMC/r11
- 1136248984 2006.01.02 R10-M0-N5-C:J08-U11 2006-01-02-16.43.04.859447 R10-M0-N5-C:J08-U11 RAS KERNEL INFO 2 ddr error(s) detected and corrected on rank 0, symbol 19 over 1261 seconds
- 1136248984 2006.01.02 R10-M0-N5-C:J08-U11 2006-01-02-16.43.04.975533 R10-M0-N5-C:J08-U11 RAS KERNEL INFO total of 2 ddr error(s) detected and corrected over 1261 seconds
- 1136248984 2006.01.02 R11-M1-N1-C:J02-U11 2006-01-02-16.43.04.999041 R11-M1-N1-C:J02-U11 RAS KERNEL INFO 1 ddr error(s) detected and corrected on rank 0, symbol 19 over 1261 seconds
- 1136248985 2006.01.02 R11-M1-N1-C:J02-U11 2006-01-02-16.43.05.021862 R11-M1-N1-C:J02-U11 RAS KERNEL INFO total of 1 ddr error(s) detected and corrected over 1261 seconds
- 1136248986 2006.01.02 R10-M0-N7-C:J17-U01 2006-01-02-16.43.06.615575 R10-M0-N7-C:J17-U01 RAS KERNEL INFO 1 ddr error(s) detected and corrected on rank 0, symbol 14 over 1263 seconds
- 1136248986 2006.01.02 R10-M0-N7-C:J17-U01 2006-01-02-16.43.06.721485 R10-M0-N7-C:J17-U01 RAS KERNEL INFO total of 1 ddr error(s) detected and corrected over 1263 seconds
- 1136248990 2006.01.02 R04-M0-N0-I:J18-U01 2006-01-02-16.43.10.399477 R04-M0-N0-I:J18-U01 RAS KERNEL INFO ciod: generated 1 core files for program /g/g24/germann2/SPaSM_mini/DSMC/r10
- 1136304431 2006.01.03 R04-M0-N0-C:J07-U11 2006-01-03-08.07.11.266437 R04-M0-N0-C:J07-U11 RAS KERNEL INFO instruction cache parity error corrected
- 1136308822 2006.01.03 R04-M0-N0-C:J07-U11 2006-01-03-09.20.22.013017 R04-M0-N0-C:J07-U11 RAS KERNEL INFO instruction cache parity error corrected
- 1136308876 2006.01.03 R04-M0-N0-C:J07-U11 2006-01-03-09.21.16.805712 R04-M0-N0-C:J07-U11 RAS KERNEL INFO instruction cache parity error corrected
- 1136308885 2006.01.03 R04-M0-N0-C:J07-U11 2006-01-03-09.21.25.999891 R04-M0-N0-C:J07-U11 RAS KERNEL INFO instruction cache parity error corrected
- 1136318179 2006.01.03 - 2006-01-03-11.56.19.679702 RAS KERNEL FATAL Kill job 59266 timed out. Block freed.
APPSEV 1136318181 2006.01.03 R76-M0-N8-I:J18-U01 2006-01-03-11.56.21.995387 R76-M0-N8-I:J18-U01 RAS APP FATAL ciod: Error reading message prefix on CioStream socket to 172.16.96.116:38953, Link has been severed
APPSEV 1136318198 2006.01.03 R52-M0-N8-I:J18-U01 2006-01-03-11.56.38.877831 R52-M0-N8-I:J18-U01 RAS APP FATAL ciod: Error reading message prefix on CioStream socket to 172.16.96.116:38289, Link has been severed
KERNMNTF 1136322566 2006.01.03 R14-M0-NC-I:J18-U01 2006-01-03-13.09.26.303991 R14-M0-NC-I:J18-U01 RAS KERNEL FATAL Lustre mount FAILED : bglio204 : block_id : location
KERNMNTF 1136322571 2006.01.03 R63-M1-N8-I:J18-U01 2006-01-03-13.09.31.326662 R63-M1-N8-I:J18-U01 RAS KERNEL FATAL Lustre mount FAILED : bglio830 : block_id : location
KERNMNTF 1136322577 2006.01.03 R34-M0-N4-I:J18-U01 2006-01-03-13.09.37.842392 R34-M0-N4-I:J18-U01 RAS KERNEL FATAL Lustre mount FAILED : bglio452 : block_id : location
KERNMNTF 1136322579 2006.01.03 R12-M1-N4-I:J18-U01 2006-01-03-13.09.39.690864 R12-M1-N4-I:J18-U01 RAS KERNEL FATAL Lustre mount FAILED : bglio168 : block_id : location
KERNMNTF 1136322583 2006.01.03 R34-M0-N0-I:J18-U11 2006-01-03-13.09.43.921363 R34-M0-N0-I:J18-U11 RAS KERNEL FATAL Lustre mount FAILED : bglio449 : block_id : location
KERNMNTF 1136322584 2006.01.03 R30-M1-NC-I:J18-U11 2006-01-03-13.09.44.216202 R30-M1-NC-I:J18-U11 RAS KERNEL FATAL Lustre mount FAILED : bglio399 : block_id : location
KERNMNTF 1136322585 2006.01.03 R23-M1-N0-I:J18-U11 2006-01-03-13.09.45.079798 R23-M1-N0-I:J18-U11 RAS KERNEL FATAL Lustre mount FAILED : bglio309 : block_id : location
KERNMNTF 1136322585 2006.01.03 R61-M0-N8-I:J18-U11 2006-01-03-13.09.45.583296 R61-M0-N8-I:J18-U11 RAS KERNEL FATAL Lustre mount FAILED : bglio793 : block_id : location
KERNMNTF 1136322586 2006.01.03 R46-M0-N8-I:J18-U11 2006-01-03-13.09.46.356868 R46-M0-N8-I:J18-U11 RAS KERNEL FATAL Lustre mount FAILED : bglio617 : block_id : location
KERNMNTF 1136322590 2006.01.03 R56-M1-N8-I:J18-U11 2006-01-03-13.09.50.215068 R56-M1-N8-I:J18-U11 RAS KERNEL FATAL Lustre mount FAILED : bglio749 : block_id : location
KERNMNTF 1136322591 2006.01.03 R25-M1-NC-I:J18-U11 2006-01-03-13.09.51.061814 R25-M1-NC-I:J18-U11 RAS KERNEL FATAL Lustre mount FAILED : bglio351 : block_id : location
KERNMNTF 1136322591 2006.01.03 R70-M0-N0-I:J18-U01 2006-01-03-13.09.51.915285 R70-M0-N0-I:J18-U01 RAS KERNEL FATAL Lustre mount FAILED : bglio898 : block_id : location
KERNMNTF 1136322592 2006.01.03 R46-M0-N0-I:J18-U01 2006-01-03-13.09.52.100704 R46-M0-N0-I:J18-U01 RAS KERNEL FATAL Lustre mount FAILED : bglio610 : block_id : location
KERNMNTF 1136322592 2006.01.03 R50-M0-N0-I:J18-U11 2006-01-03-13.09.52.481309 R50-M0-N0-I:J18-U11 RAS KERNEL FATAL Lustre mount FAILED : bglio641 : block_id : location
KERNMNTF 1136322592 2006.01.03 R35-M0-N8-I:J18-U01 2006-01-03-13.09.52.835915 R35-M0-N8-I:J18-U01 RAS KERNEL FATAL Lustre mount FAILED : bglio474 : block_id : location
KERNMNTF 1136322593 2006.01.03 R06-M0-N8-I:J18-U11 2006-01-03-13.09.53.797951 R06-M0-N8-I:J18-U11 RAS KERNEL FATAL Lustre mount FAILED : bglio105 : block_id : location
KERNMNTF 1136322594 2006.01.03 R75-M1-NC-I:J18-U01 2006-01-03-13.09.54.038502 R75-M1-NC-I:J18-U01 RAS KERNEL FATAL Lustre mount FAILED : bglio992 : block_id : location
KERNMNTF 1136322594 2006.01.03 R17-M0-N8-I:J18-U11 2006-01-03-13.09.54.230766 R17-M0-N8-I:J18-U11 RAS KERNEL FATAL Lustre mount FAILED : bglio249 : block_id : location
KERNMNTF 1136322595 2006.01.03 R33-M0-NC-I:J18-U01 2006-01-03-13.09.55.586748 R33-M0-NC-I:J18-U01 RAS KERNEL FATAL Lustre mount FAILED : bglio444 : block_id : location
KERNMNTF 1136322595 2006.01.03 R26-M0-N4-I:J18-U01 2006-01-03-13.09.55.782406 R26-M0-N4-I:J18-U01 RAS KERNEL FATAL Lustre mount FAILED : bglio356 : block_id : location
KERNMNTF 1136322596 2006.01.03 R52-M1-N0-I:J18-U11 2006-01-03-13.09.56.050704 R52-M1-N0-I:J18-U11 RAS KERNEL FATAL Lustre mount FAILED : bglio677 : block_id : location
KERNMNTF 1136322596 2006.01.03 R21-M1-N4-I:J18-U01 2006-01-03-13.09.56.363477 R21-M1-N4-I:J18-U01 RAS KERNEL FATAL Lustre mount FAILED : bglio280 : block_id : location
KERNMNTF 1136322596 2006.01.03 R27-M1-N4-I:J18-U11 2006-01-03-13.09.56.567516 R27-M1-N4-I:J18-U11 RAS KERNEL FATAL Lustre mount FAILED : bglio375 : block_id : location
KERNMNTF 1136322596 2006.01.03 R63-M0-N0-I:J18-U11 2006-01-03-13.09.56.905538 R63-M0-N0-I:J18-U11 RAS KERNEL FATAL Lustre mount FAILED : bglio817 : block_id : location
KERNMNTF 1136322597 2006.01.03 R51-M0-NC-I:J18-U01 2006-01-03-13.09.57.240179 R51-M0-NC-I:J18-U01 RAS KERNEL FATAL Lustre mount FAILED : bglio668 : block_id : location
KERNMNTF 1136322597 2006.01.03 R24-M1-N8-I:J18-U01 2006-01-03-13.09.57.516571 R24-M1-N8-I:J18-U01 RAS KERNEL FATAL Lustre mount FAILED : bglio334 : block_id : location
KERNMNTF 1136322598 2006.01.03 R10-M0-NC-I:J18-U11 2006-01-03-13.09.58.220960 R10-M0-NC-I:J18-U11 RAS KERNEL FATAL Lustre mount FAILED : bglio139 : block_id : location
KERNMNTF 1136322598 2006.01.03 R25-M1-NC-I:J18-U01 2006-01-03-13.09.58.643909 R25-M1-NC-I:J18-U01 RAS KERNEL FATAL Lustre mount FAILED : bglio352 : block_id : location
KERNMNTF 1136322599 2006.01.03 R73-M1-NC-I:J18-U11 2006-01-03-13.09.59.054246 R73-M1-NC-I:J18-U11 RAS KERNEL FATAL Lustre mount FAILED : bglio959 : block_id : location
KERNMNTF 1136322599 2006.01.03 R70-M1-N0-I:J18-U01 2006-01-03-13.09.59.317101 R70-M1-N0-I:J18-U01 RAS KERNEL FATAL Lustre mount FAILED : bglio902 : block_id : location
- 1136378798 2006.01.04 R76-M0-N9-C:J10-U11 2006-01-04-04.46.38.802083 R76-M0-N9-C:J10-U11 RAS KERNEL INFO instruction cache parity error corrected
