session_id,cluster
blk_-3544583377289625738,1
blk_-8531310335568756456,1
blk_3947106522258141922,1
blk_7956543127401791181,1
blk_-3102267849859399193,2
blk_872694497849122755,1
blk_8135292087230413975,1
blk_-2126554733521224025,1
blk_8482590428431422891,1
blk_8603591900851525088,1
blk_2013325748856732111,1
blk_-5337994755640289830,1
blk_8729162853545308118,1
blk_-6689614308409336057,1
blk_7523193419675083274,1
blk_1671779663447174401,1
blk_8716244237763720958,1
blk_344295897461734506,1
blk_6778948312309528424,1
blk_8975784420855095283,1
blk_3174751483965949562,1
blk_6051183265899502163,1
blk_8922692504150928377,1
blk_448592873889985922,1
blk_7865818174831484581,1
blk_8750997530106786888,1
blk_-7261016699776316248,1
blk_7409100024045179646,1
blk_-2033526004731990730,1
blk_9036962293154594303,1
blk_-1748869645497411855,1
blk_8424619398612866719,1
blk_-4560669296456646716,1
blk_8251359911027527969,1
blk_9214796566095378408,1
blk_-2388311246798576509,1
blk_5458318244719760153,1
blk_-1018108268208665701,1
blk_8157007602552620601,1
blk_-5087939924532795057,0
blk_8280162924437316474,1
blk_188682839063125077,0
blk_8963052321499171482,1
blk_-2437547284244111497,1
blk_8764693703744759187,1
blk_6806497011036089908,1
blk_8498401613791720690,1
blk_1483694219884556894,0
blk_8556783396059801409,1
blk_6249371971857255334,1
blk_8074764299476278402,1
blk_8491971867438278117,1
blk_8574135221556602405,1
blk_-6228369913588836994,1
blk_2075234716713999208,1
blk_6020383172603634019,1
blk_9113164824428648432,1
blk_9203790828755100013,1
blk_9089233838444061529,1
blk_7951884590850562414,1
blk_7648436334209344608,2
blk_8277429727722645510,1
blk_8669216175735562689,1
blk_8869736409186522879,1
blk_5482154336643183343,0
blk_-5447417104355795463,2
blk_8201117867106038775,0
blk_8595953129858897576,1
blk_7505495163819331501,1
blk_7689982531196174133,0
blk_8827951563980824329,1
blk_1692120908097027760,1
blk_-3048100091565287612,2
blk_8362325295506522506,1
blk_3093127367153705019,1
blk_7604683085433170185,1
blk_7985524981839863080,1
blk_4479034282221691265,1
blk_2299327360406878240,0
blk_-4636159087827707811,1
blk_8591542202077771197,2
blk_8534237707549154279,1
blk_2486178942380652748,1
blk_-8188730556182299562,2
blk_1907193123990348590,0
blk_-4584260656075541553,2
blk_8687300722271711987,1
blk_8074191249935269840,1
blk_8438877587908664763,1
blk_8386155670234862721,1
blk_-4000271277927010782,2
blk_2417363731073344373,1
blk_-6241220582305795548,1
blk_8032319793865058657,1
blk_6497123060009861497,0
blk_-6368080607687883191,0
blk_-8599731671847920909,2
blk_8902874290653812711,1
blk_4971154345890344,2
blk_9059213897892511730,0
blk_9211607823870317301,1
blk_1324709291391680362,2
blk_5972760974375530027,0
blk_701002159220026110,0
blk_-9136899640657293877,2
blk_-1716295386405014363,2
blk_6996194389878584395,1
blk_-6537466496668089147,0
blk_-3068938607837722121,2
blk_9097589278338830437,1
blk_8481640719132794798,1
blk_7819129300327159896,2
blk_8955019103629391894,2
blk_-8497592682221017946,0
blk_-6744501669016713784,0
blk_-67897746448958425,2
blk_-2720637654072551626,0
blk_-6215051590034285968,0
blk_1344575558593443180,2
blk_-2195201456641508025,2
blk_-6120634070609301891,0
blk_-911884192120662511,2
blk_8651970783815872348,0
blk_3708679726899046099,1
blk_-8840533539329242262,2
blk_-967996491121599783,1
blk_7976374953602198954,2
blk_-1541612089083514964,0
blk_5073858743108971792,0
blk_8165490604725507886,1
blk_-1317531069481353823,2
blk_-7854206162767030463,0
blk_5782302342707141533,0
blk_8359282243099177241,1
blk_8464056021668582878,1
blk_5908206538552454113,2
blk_8686779298165385949,1
blk_9148442421530482614,1
blk_5802078870340405089,1
blk_-4194977335586343802,0
blk_-4845663345676718484,0
blk_-496692173417080186,1
blk_8729768707867317330,1
blk_-7044024876920809411,0
blk_1968107584907454835,0
blk_1540682700808261265,2
blk_7489923904286676953,1
blk_8776541468782357879,1
blk_4797010597622047462,2
blk_8246640784664624144,1
blk_8956029894348668245,1
blk_8608974154783629388,1
blk_-5350492094942566244,2
blk_8225451996519902271,1
blk_4438299806816545743,1
blk_3061937980832296286,2
blk_8522440494057928612,1
blk_7936423389955810426,1
blk_-2806392838173367292,2
blk_8583609883851289399,1
blk_-202615617634445955,2
blk_7362149085962708450,0
blk_8001785891180422666,1
blk_2654016902986803151,0
blk_5679332564404011413,0
blk_25023618081021823,0
blk_-1968007884603578540,1
blk_-487160497666132,2
blk_-7418519047272044126,2
blk_43482893556276394,0
blk_8486355478273768083,0
blk_-2609147762147790302,2
blk_-1188841150645918532,2
blk_8582181734275842017,1
blk_7344562686205640955,0
blk_809602586563834919,0
blk_8751446418791214913,1
blk_7834522543694883059,1
blk_8102914646678377423,2
blk_-8564559053757187153,2
blk_-3947118178407586866,2
blk_8509328013649051336,1
blk_9040791865370476433,1
blk_3447884879668134874,2
blk_7813615865800609642,0
blk_-423065043106849758,1
blk_-7981936966289431785,0
blk_8582970738191859541,1
blk_8330478536110405061,1
blk_-3485739706870275513,0
blk_-511058354155453697,1
blk_8822775702627284108,1
blk_989409441141247289,1
blk_-2458726717499219368,1
blk_7775703395393605750,1
blk_8592983560257358579,2
blk_-8592783146128373201,1
blk_4961970861863065608,1
blk_6006300655294348209,2
blk_-6324108399310032667,0
blk_-8213344449220111733,3
blk_-9203207203433266408,2
blk_-4269455850074860629,2
blk_1103903302069232031,2
blk_-50592998855094089,0
blk_6016970584388797504,0
blk_-3842070622043972712,1
blk_6505703663224043518,0
blk_-4112386892632996202,2
blk_8058817907505911891,1
blk_8176753742210481335,1
blk_7578577240008252384,1
blk_-919439116365725304,3
blk_5647191344005583177,3
blk_7621437832633701631,1
blk_-8191677345482862686,3
blk_7612362880760959356,1
blk_-2662417398193586275,1
blk_-4712584287845875396,2
blk_-6739860488313725269,3
blk_3584224065406961324,3
blk_-7057732666118938934,3
blk_3557914126063085372,3
blk_8391490706717686739,1
blk_8748609602444106276,1
blk_349284099419601276,3
blk_-30639162771126691,2
blk_4356667732178060953,2
blk_7231490463136154050,0
blk_8938338692959143642,1
blk_-5410886886439711883,3
blk_3844292022306268975,2
blk_271745319033279389,2
blk_8367050868814263035,1
blk_5325692556778253782,0
blk_-1597249921068575545,3
blk_-3436549335889744100,2
blk_8838837797955603502,1
blk_-4304326910587241051,3
blk_-86536490425027391,0
blk_7745330378458307842,2
blk_-5462418187886984774,1
blk_216026994465296073,3
blk_5836709889176378774,3
blk_2468439833353548974,0
blk_6291404884140655419,1
blk_4085933465992995945,2
blk_-3000203287955847711,2
blk_-5304178986508314412,2
blk_-1552272238828007233,3
blk_-730360888507267446,3
blk_-8121081663072488273,1
blk_9097741862555430196,1
blk_-6807617704355293530,1
blk_9132118022176312425,1
blk_-609616929829228112,1
blk_-2607603250149292767,1
blk_7993187890644835536,1
blk_8239617037971499474,1
blk_8560241403245707155,1
blk_8433617337354661445,1
blk_8548136394258705026,1
blk_8918440911006295945,1
blk_-6148165469951190736,0
blk_7233483060617031024,1
blk_7816926915214177014,1
blk_-2265952034166766747,2
blk_-4947327318483033747,2
blk_348548634648842426,1
blk_6568407330504668931,0
blk_9034114946032467285,2
blk_-6850031465850265128,0
blk_-2930340164474214859,2
blk_7165939739964393997,2
blk_8572134891710634203,1
blk_7536693147882198965,3
blk_8706323259251094486,1
blk_-1780565608686923167,2
blk_3057845822257859655,3
blk_6020581958434707871,0
blk_-7390710706320943439,1
blk_8674413826212569730,1
blk_4423128029576346005,0
blk_-1517677120733471382,2
blk_8782208400278719319,1
blk_4541000363587104455,0
blk_8691444518565218262,1
blk_-1704356550921684323,0
blk_8993243400688409735,1
blk_-1946694783635652405,3
blk_3662628695837082582,0
blk_4639125578448119006,0
blk_8131962107083142362,1
blk_9060189346543278218,1
blk_-2243172307206444839,0
blk_591782491993940359,2
blk_-6877696701654867296,2
blk_-976339114197076853,1
blk_4966276028193818154,1
blk_8194134920492115188,1
blk_9127128872713018045,0
blk_7999241143716748934,1
blk_8693960090226565974,1
blk_3888635850409849568,1
blk_-6635163678784332104,0
blk_9207848331571087403,1
blk_4241467193520768333,4
blk_9047244576407600764,1
blk_-963887220294303910,3
blk_8652779608730262978,1
blk_-6714539128345632048,2
blk_8909107483987085802,1
blk_8948624301149724995,1
blk_97166147087111921,2
blk_4822695719005003037,2
blk_-7654398471919781887,1
blk_9026395315887190620,1
blk_9129497990145696927,1
blk_-7863092348467419872,0
blk_4571377867391061694,1
blk_8429793834994730436,1
blk_1724937431375222475,2
blk_6332309741995759323,2
blk_1177055878155131978,3
blk_5246468989352172544,1
blk_5585072076669843255,1
blk_8183994687655608718,1
blk_8413730281224501690,1
blk_-5017056836614386084,1
blk_3962200795500094197,0
blk_8707388138665114083,1
blk_8757168740754741153,1
blk_-5491873062414252108,2
blk_1741192313812062515,2
blk_5855581235223317034,2
blk_-1723299265322822158,2
blk_-6978860414285661081,3
blk_-4533749505208853654,0
blk_9119436228613123200,1
blk_-1108570261745126410,0
blk_1631642677608894197,0
blk_-5179866028324575124,0
blk_7633767606604625883,0
blk_2117488916090595969,2
blk_-568607102839466750,2
blk_2458020460306154509,0
blk_8813324454403027080,1
blk_8873322164119075580,1
blk_4764362935321101162,2
blk_9009365188330241461,1
blk_7850099720162595783,0
blk_-3374808099041889007,1
blk_8207492027125685146,1
blk_-5337684818650166359,1
blk_8404850871200681096,1
blk_9174720966448299466,0
blk_4624916250773145759,3
blk_-3985742077188020431,0
blk_26775638343638960,2
blk_4606891499958893288,1
blk_-39871031604524370,1
blk_8702679344131899479,1
blk_8417806984419047873,1
blk_-6652848916872735939,2
blk_1388420868461627042,2
blk_-138915922182910808,2
blk_8072105428039369414,1
blk_8507612822578254621,1
blk_-2724432861574019576,0
blk_9011566452376446465,1
blk_-4742677645483436110,0
blk_8449671276190277764,1
blk_7972861293363432138,1
blk_253463337503232111,2
blk_-5541295715198490097,2
blk_2819642005003978333,0
blk_5849703797249834820,0
blk_9197371713182649170,1
blk_8878081545625451484,1
blk_9181863108539738899,1
blk_-3008838330397640928,0
blk_4796636590711000032,1
blk_8396866334654406836,1
blk_-7102656572485588452,2
blk_6445911672318944838,2
blk_-4877873206400832171,0
blk_7778667630552051093,1
blk_8489007252127237671,1
blk_2445399934794083798,0
blk_3680251767538222073,0
blk_-2514128292967219002,1
blk_8788754688695348102,1
blk_-7316152892303883522,1
blk_6114305689232734183,1
blk_6537394575453502797,0
blk_-8692505341300910301,1
blk_9156159853778851166,1
blk_-3060969009058971133,0
blk_8737212007762227498,1
blk_-4559953739848945334,2
blk_4570709986087805683,2
blk_9044900396738187207,1
blk_-4039322312325628708,1
blk_7045522136141734107,1
blk_8318715057179023964,1
blk_9013058016674726105,1
blk_101531001839995775,3
blk_-2329982107536894279,2
blk_-6597286605518523090,0
blk_8013056805162205802,1
blk_8528642966277767480,2
blk_7718650590798040279,1
blk_-509038262446900675,1
blk_4435740138344673695,2
blk_9052568679748269605,1
blk_-2480612019307236259,2
blk_-4010940457543197509,0
blk_6730644247155252403,0
blk_5821344169343581408,0
blk_8547066074902573702,1
blk_8449993011615201897,1
blk_4266406262272378011,0
blk_-874189156280988861,0
blk_-7216159535937345278,2
blk_8675251051163991631,1
blk_-7212833529875609776,2
blk_8945045932207269665,1
blk_8005081090067007411,1
blk_8875277782374948250,1
blk_6631352858457956363,1
blk_7657931991263656383,0
blk_8404846426350083009,1
blk_2777547556189502259,1
blk_-537130554616671097,2
blk_8222688825752575045,1
blk_9076591253727580376,1
blk_-3349217882254799510,2
blk_-6495416228773023412,1
blk_1600424523535437568,1
blk_-4766592832564589428,2
blk_-7383291829441955619,1
blk_5467892827260232521,2
blk_7831752644095893425,2
blk_8613275684208863633,1
blk_8787656642683881295,1
blk_8954458708846501822,1
blk_1528078116812077719,2
blk_4794468109525910345,2
blk_8745019905349343550,1
blk_-6435860539009736046,0
blk_5662828947636332012,1
blk_-6281153288821688209,0
blk_6149265902584855755,1
blk_-7688319559837499530,0
blk_2220798356678254299,1
blk_4467647194162140399,0
blk_-8022522760077409920,1
blk_-3491891920384739314,1
blk_-1543389774493068012,2
blk_-5114417991493004464,1
blk_-8818836468975795986,2
blk_3874529700922305753,0
blk_4166802282531166944,2
blk_-6184709296803905340,2
blk_3211379818880198801,0
blk_1543605971733759530,1
blk_5667353013187618448,2
blk_3510959106298778413,1
blk_-5993112060514262430,0
blk_7753548790390950565,1
blk_9135142315688951456,1
blk_-8021098271939041706,1
blk_3289716633338885559,1
blk_1508601589785089630,0
blk_-2917690427666236786,1
blk_-5858572659363150247,1
blk_-5457328401900365535,1
blk_-8990396203057646559,1
blk_8473288734099711546,1
blk_9134391641163987789,1
blk_-6810925524100722920,1
blk_-6789575384442844672,1
blk_-7668609217013872025,2
blk_-2455080811747210291,0
blk_8472429604052262138,1
blk_-5595749812925160500,0
blk_-157357857026929660,1
blk_9204192421072332616,1
blk_-5381238220104213898,1
blk_7917860261241434874,2
blk_-6234630683049505248,1
blk_3418996237981684032,2
blk_3478486975035882142,1
blk_5157578973273869737,1
blk_7449437767257922180,2
blk_8854001315529565741,1
blk_8386821785713272642,0
blk_-9115853037943657539,2
blk_8481328261289697702,1
blk_-6719522996320643659,1
blk_-7293272073748314563,2
blk_8554401366568742969,0
blk_-3212161715547945852,1
blk_-5785574688843141830,2
blk_8167133920493961033,1
blk_-4581062568882987264,0
blk_-7064200109017409280,0
blk_485389094033421747,1
blk_9159128948169600619,1
blk_8176798625733484253,1
blk_-8137778231832718377,2
blk_2032277326840431365,0
blk_7704182432043640839,2
blk_-3774418488986239387,2
blk_8316604396152647415,1
blk_8172850113585605633,1
blk_2166735146257628930,1
blk_8859065152132099604,1
blk_3546733875393412874,2
blk_-9009060689449347255,1
blk_2373244896005672719,0
blk_-7860353828920515616,2
blk_333728052398723533,0
blk_8610886297134706441,1
blk_8083837084595537307,3
blk_-1696961694688312120,0
blk_5495277997318852494,2
blk_1861693813588074078,0
blk_3928660122009128821,2
blk_-3182685344560239481,0
blk_-7864546511495805778,0
blk_4230609434284949069,0
blk_-3736847056048559824,1
blk_7519920553008994682,1
blk_6610558236145883474,1
blk_5194926826751146390,1
blk_-7765726308613130721,1
blk_8363656790205637596,1
blk_-9001370552773364965,0
blk_5129187689987473771,3
blk_8591525911569550677,1
blk_-1277197068832649891,2
blk_9191711831261586882,1
blk_5284512076658274222,3
blk_9088607960539178771,1
blk_8154366174817091570,1
blk_4984040693216864503,0
blk_-3810637406843178536,3
blk_3857418716846975890,0
blk_109564252861405473,3
blk_-5702724604333548542,2
blk_5604331794115692767,0
blk_8367369631761580197,1
blk_1873255094910695255,3
blk_5872019251477058398,1
blk_8222348941027084737,1
blk_7004525668496279572,1
blk_3534268014746215164,3
blk_-7593343514267572796,3
blk_7448310153845746489,1
blk_-538729649018967168,2
blk_8701833450529760976,1
blk_8868833899692311385,1
blk_-1547954353065580372,1
blk_8925364256337411451,1
blk_-4577393033069239205,0
blk_-3685973434120761323,1
blk_-7915100391904353895,1
blk_4169736028360445393,0
blk_8147760841047876333,1
blk_-6713734174088294147,2
blk_-2373387387765082933,0
blk_-7107304215728057734,3
blk_3919358483622096739,2
blk_-8415201427539044582,1
blk_-380889578427177149,1
blk_6465205105110277204,0
blk_3268477401150427764,0
blk_-7541989345366563328,0
blk_-8285315817102708385,0
blk_9146865366890002551,1
blk_2825249954782671004,0
blk_-7536911736241633768,1
blk_6366394750192544027,1
blk_8240034805238412376,1
blk_-8984209433363080628,0
blk_4886816749578510073,1
blk_-2763054326076297840,2
blk_7549574386896151044,3
blk_3283523978626586443,2
blk_8655606054894708525,1
blk_-8863479332351297536,2
blk_93737232069426335,3
blk_-492808947875230944,1
blk_-7345927419205705449,0
blk_-6748331154068864940,3
blk_-5373311564875234594,0
blk_3512795912717946566,1
blk_7845198117535823083,1
blk_8495702892531808976,1
blk_-8130867351294800954,0
blk_5872727231755365998,3
blk_315685952352619727,1
blk_3696334728148948171,1
blk_-2458731292493512572,1
blk_6727239054025085167,1
blk_-2708631581559719479,0
blk_3695457304136720391,0
blk_917830561149726244,1
blk_9145141077235292320,1
blk_-529404160309406809,2
blk_6338689099612909114,2
blk_7239642706556970888,1
blk_-1532278602701700218,1
blk_2224603516228853228,1
blk_-6370353780728588107,0
blk_-2124743085790617815,1
blk_8850105819968430651,3
blk_819003684944470990,0
blk_7966244526957028235,1
blk_3827583732681146445,0
blk_-21694600313078282,2
blk_669454608616241618,3
blk_-4109536386405623117,1
blk_3679778751499479168,1
blk_-7306372637392334418,1
blk_9196033909272165480,3
blk_-1254672328951184518,1
blk_6520528150528384710,3
blk_2589739521853512495,3
blk_5457328957651048987,1
blk_-8502295418201312024,1
blk_8453441471767478057,1
blk_2391757758397659667,3
blk_5150876390492962233,2
blk_-8431991883875585441,0
blk_7359549106786233741,0
blk_-1849327476642808463,3
blk_-4947991268600289946,0
blk_8085678596604697115,1
blk_6363427510808703071,3
blk_-1855524701460842554,1
blk_-5219904604099061293,2
blk_-4551173224667890797,0
blk_8760653398513218399,1
blk_-6241847946733872526,2
blk_-7762039550360402299,3
blk_9074146197608057038,1
blk_697603576292684838,1
blk_8312228105732292558,2
blk_5777047852200326105,1
blk_8717759609161495372,1
blk_-1791968396816126249,1
blk_8813452148583512472,1
blk_8016584874626394855,1
blk_-1504091380426501798,0
blk_5430302488700272148,1
blk_8276478677730147008,1
blk_-9218981007332915285,1
blk_2124858109994071763,0
blk_4399583511876140207,1
blk_-4690340055395514424,1
blk_1481900455537141945,3
blk_4845543104469179835,3
blk_5235454778515160398,0
blk_-9122363047417115843,1
blk_233969144033797825,1
blk_-7306540957849879112,1
blk_8652445550883310810,1
blk_2637530238382016176,0
blk_-5018309246022118597,1
blk_-6515916707854344269,2
blk_5648741609066690312,1
blk_8552552787596618126,1
blk_-5543309263112190374,1
blk_4113612164963756585,0
blk_-1684732913727585230,2
blk_2254481972833382718,1
blk_4367534647448718968,1
blk_3509945927123466354,1
blk_-9014521213981289651,1
blk_3374851549169676243,0
blk_-62891505109755100,1
blk_-7585673039855605089,3
blk_8717831413859455442,1
blk_2110452663381380680,2
blk_5117560431568819895,2
blk_-3801954706993121284,0
blk_9131322749325367191,1
blk_758568217791342090,1
blk_1485857586388215629,0
blk_-2995535508265484441,1
blk_6427786992921982291,0
blk_-1108184482987490622,2
blk_-931508416015479020,0
blk_7206272960825976955,2
blk_8539390646071970735,1
blk_7200868563445083300,0
blk_8119555937840772027,1
blk_-5970500362334184114,1
blk_5915552314752084570,1
blk_9201658649856236994,1
blk_8425076694100510296,0
blk_1342462908718009758,0
blk_8515024859265789234,1
blk_-7405973914924392768,2
blk_-8525500385929171854,1
blk_8244382499450877092,1
blk_-6667438803465136570,3
blk_-7742978040630443012,1
blk_-6217822871208720302,0
blk_-4382095085874133728,0
blk_2687203326144486971,1
blk_-5926340480853379642,1
blk_8983173133290051410,1
blk_9085967344169486025,1
blk_8934766225352454790,2
blk_-5628025578554157626,2
blk_-2142616664642640778,1
blk_7708647692188701965,1
blk_-6782542465226327576,1
blk_-6221479266995177102,2
blk_6094365249834927374,0
blk_-2159830922058181445,0
blk_9221184527699631149,1
blk_-8998751392544423601,1
blk_1495359975996497502,1
blk_8122739010469948299,1
blk_1580501375295633064,0
blk_3354507336576497025,2
blk_6793882713028812631,1
blk_-6351872879017419405,3
blk_2752229798731204821,0
blk_-1780534360683840107,2
blk_8226794226769235122,1
blk_-6912844329441453361,0
blk_8042905975540419743,1
blk_-6586445119773356257,1
blk_8088039405396200884,1
blk_-6917605111917698165,1
blk_8363220788042233340,1
blk_-6834015457148538846,2
blk_8783868643333860956,1
blk_9119327923924313591,1
blk_8124396891530947943,1
blk_4381185412091515756,1
blk_6799153658629221543,1
blk_2089023342927863523,2
blk_4861061999056718608,2
blk_1228359052249330977,2
blk_3213371024801981082,1
blk_-1203009406955590926,2
blk_8471251193316097948,1
blk_3858821904894294369,4
blk_-1989706846290819475,2
blk_8301241074209159290,1
blk_3837319657959975590,1
blk_8171253626478194576,1
blk_8929107803467731944,0
blk_766399086471411315,1
blk_8137554077158816097,2
blk_4852638170938843513,1
blk_8641740999566266974,1
blk_6280632558962916839,2
blk_3004345169311090065,1
blk_8227133095928812750,1
blk_-130036786921658452,2
blk_-1772583384444375218,0
blk_-4719142843284287968,2
blk_-4974918137381700620,0
blk_8789754531858881743,1
blk_-3941153900006219579,1
blk_-8284398136955187158,0
blk_9058333415804874030,1
blk_8785887476660313433,1
blk_-321928814822733361,0
blk_7878074349568744368,0
blk_-7739660536587156350,1
blk_-8597974752406426494,1
blk_-4022095888911092324,2
blk_-5572168614909885563,1
blk_-7333048662950520569,0
blk_6341077218056608523,1
blk_-3159929400569406739,2
blk_3362911273306490935,0
blk_8972706523028362649,1
blk_8892637456908782715,1
blk_-7899838834535269316,1
blk_6502202148676054256,1
blk_407032352860161541,1
blk_8672344672672069517,1
blk_636425395498108574,1
blk_-8324579574091739564,1
blk_-460553266307020762,2
blk_8245731862759993604,1
blk_-7455385476433896629,3
blk_1832888410618790020,2
blk_8817816844315170010,0
blk_6317676091140752890,0
blk_4758745081489536518,2
blk_8529037507982264656,1
blk_-5945101305206459809,0
blk_8441115285408070385,1
blk_-7790307577820871827,1
blk_-321971566270597303,1
blk_7623578175095321568,2
blk_-9124854280291068792,1
blk_-1705663703890967655,0
blk_-1452527758108990578,0
blk_8982805650799378169,1
blk_-1063090219742004468,2
blk_-7129311518875006437,2
blk_7371613326035931979,1
blk_8545214406441981839,1
blk_7230125776359948297,2
blk_8955999924171357790,1
blk_-1330687484373919810,1
blk_-937004954775049950,2
blk_221917554335930231,2
blk_8391830131091330374,1
blk_8247865030743054179,0
blk_8845521564139098870,1
blk_-8087832935845781602,0
blk_-6370900491304751661,1
blk_2465764068194463148,2
blk_7884211403395058198,1
blk_-4825003974638308988,1
blk_5216347370237089225,1
blk_5445214843890846353,0
blk_-4926269762824492178,1
blk_-5807456300674849904,0
blk_7177893307679598567,1
blk_-8499169799821382233,0
blk_8689700088832123422,1
blk_8491036849355010669,1
blk_-7020281599549686750,0
blk_5241634815277563385,0
blk_6734013189321160172,1
blk_-3688983700621441572,3
blk_4765950508643080232,2
blk_475530984696578501,2
blk_6136395452063375170,0
blk_8845925035435653416,1
blk_8275918843012667796,1
blk_1552036799017744207,1
blk_2582551185991706301,2
blk_-8280269740588631810,1
blk_7921247972648748592,1
blk_8403651428768810538,1
blk_-1300714342485430805,0
blk_-1425402927056112606,0
blk_-1493308149391278795,2
blk_8181993091797661153,1
blk_2784084578095654465,3
blk_5418505422300716108,1
blk_8555164537917099054,1
blk_6754707516336992424,2
blk_718180401135527658,1
blk_8051853850075918329,1
blk_8579261759183785667,1
blk_8475316634395873384,1
blk_-8177932207286952524,0
blk_1925399132161054872,1
blk_7613371371458496079,1
blk_8338984135278551128,0
blk_85270131840045162,2
blk_-3890194161958154460,1
blk_8855851970478773403,1
blk_-205249393689319015,0
blk_5663758709976344939,1
blk_8275865267035362978,1
blk_-3814092746674768435,1
blk_2884895895638896989,1
blk_5503858037268451875,2
blk_1009894036181152520,0
blk_417968972594446581,2
blk_3251765155212675925,3
blk_8178350735925918359,1
blk_-8065505042486451633,2
blk_9169060823261137688,1
blk_7545946852846179020,1
blk_-7525968859355403700,0
blk_3607158671433150351,0
blk_-4927314024376198275,2
blk_853407874764231492,2
blk_-7276034407817287253,3
blk_3984550982366913425,2
blk_-1719439931275176154,0
blk_6233376632750721579,0
blk_7576525677992224739,0
blk_7471375420030602627,1
blk_-5784176955018583383,1
blk_2305044551910943801,1
blk_8398679968429681157,1
blk_3964831346611053751,1
blk_-4285500139106037767,3
blk_5668844343403787735,1
blk_8870429688197765256,1
blk_6287454566990794046,2
blk_-1038756802570987307,1
blk_-2763639601094331391,1
blk_-8484603248257484689,0
blk_8615822261693450572,1
blk_8184016686996902211,1
blk_-1431194874800725113,2
blk_4259117340930533364,2
blk_8330738407093883375,1
blk_7580363418403672910,2
blk_-70583244806075256,1
blk_1248321824507147909,2
blk_980295100400604589,0
blk_-8201301275767475179,2
blk_8075805088203879400,1
blk_9019315704807298268,1
blk_9011288431719195543,0
blk_-5178750440972854481,2
blk_-8279889512753691020,1
blk_2093193808856803892,2
blk_-4559294172240556562,1
blk_93783987352198596,3
blk_-6022606683774983643,1
blk_6556330535599169335,0
blk_8773559995743326229,1
blk_-5215485930247594201,0
blk_6316261222004809306,2
blk_-3709095483238869674,2
blk_6672131021065206997,3
blk_7617375569128752052,1
blk_-6723712391888878507,0
blk_135301717481450215,1
blk_9151083662936476325,1
blk_-796016549069405026,3
blk_8672049225832688644,1
blk_657101108396316133,0
blk_8185064880853243385,1
blk_-1764172166120211589,1
blk_-2113227863634720329,2
blk_7083269273053581679,2
blk_7795179362846861426,1
blk_-7930787044788345216,0
blk_1625440862298448841,1
blk_-7385230733907457822,1
blk_-4936991203579918599,3
blk_-3215964618647096701,1
blk_8427895476353593708,1
blk_-2115597501358204339,2
blk_3024854843111630263,3
blk_8209023888520829646,1
blk_8240913160336830189,1
blk_8463824629765479118,1
blk_-4042524783231775851,2
blk_-5877627550783716190,0
blk_8449844618908035987,1
blk_3300261704201746050,0
blk_8003100931892082034,1
blk_-5424098422252438576,3
blk_9049955275257359098,1
blk_-3068437940611808289,3
blk_4466415175131854449,1
blk_944177728727281939,1
blk_8602449196142999271,1
blk_3163677143394922629,2
blk_4103989447336173713,0
blk_6767283287478150149,0
blk_954416033512224734,2
blk_7490751924053338361,3
blk_8473728677587404018,3
blk_3534189322461673906,0
blk_8299097098705730803,1
blk_7263944332659641248,3
blk_8448900153780491480,1
blk_4015955555587899114,0
blk_6099969535654280329,0
blk_8044289387765169497,2
blk_3487794640353474247,0
blk_-1498468583874023563,1
blk_6358615239874735564,1
blk_7208962887408228886,1
blk_8392974048696691646,1
blk_8737298905842985006,1
blk_-4072630768970171839,3
blk_7751490447745743670,1
blk_9201186293149821635,1
blk_1465825420171685223,1
blk_7869972515620340549,1
blk_-2109707445843798752,1
blk_4859711980707872055,1
blk_8110708863790308621,1
blk_-3967595023401864452,1
blk_1956647105971759272,2
blk_-4146063334413078037,2
blk_4675834823748153576,1
blk_-4575504943817626616,3
blk_8293844257258679343,1
blk_8236385701919745468,1
blk_5412150241328312909,3
blk_-364745419076712902,1
blk_-7398458179586194792,3
blk_9146244940595989753,0
blk_-3248583228807623999,2
blk_-440001254298295966,0
blk_4066061011255450889,2
blk_7191800336562609118,2
blk_7875346480461163140,1
blk_8631321807354316128,2
blk_8867775509445445431,1
blk_-8313086648804036357,0
blk_-6996084489890024533,2
blk_3958128381175913794,0
blk_-4105686576842086631,0
blk_1608861295688391136,2
blk_8665477760806353877,0
blk_8579491952537803471,1
blk_-3786622355776043781,3
blk_8878283326128389578,1
blk_992101295951175683,5
blk_7503152519879637966,3
blk_9019266009355394096,1
blk_5718141819990195216,1
blk_8588201730392483808,1
blk_6149800504843028669,1
blk_8930624398932834895,1
blk_-4545616840149886590,1
blk_8547702444960884941,1
blk_440183895249480940,0
blk_-3754002125578349377,1
blk_8144841232242618041,1
blk_801340127755846785,2
blk_5232027448653519530,2
blk_7905727618171505680,1
blk_-6372599142370205203,1
blk_-6593710753306472246,2
blk_6462613229655665955,1
blk_-9067309629944611736,3
blk_-8459750649592478117,2
blk_8097398728367627531,1
blk_1457772626057593336,1
blk_8014635294688388136,1
blk_8494511456775841379,1
blk_1329208475422023145,0
blk_770806611882117120,0
blk_-2223517346236501238,0
blk_2903270600911141227,2
blk_-2116360859557445828,0
blk_-6273678851461170110,2
blk_6165364705283974122,0
blk_8953601491229553650,1
blk_814537191607407060,1
blk_-2228712757931639757,1
blk_5858949015254223447,1
blk_5771931170787964230,0
blk_-8423411606647443141,1
blk_8804873946794173956,1
blk_-8881030198282713088,1
blk_-3942308339711619808,2
blk_-4929135136928360145,0
blk_-6389696100502224838,0
blk_-8838750579700976401,2
blk_-7168402904034407655,1
blk_8414588721163249261,1
blk_-7003044392207586654,2
blk_-8651022183233211370,3
blk_1696901510261744230,1
blk_-8950591068578982155,1
blk_8148697241624229931,1
blk_1904391731419341313,2
blk_4679276599528353148,1
blk_-6208945120934035097,2
blk_-4939479232470679690,0
blk_8892567588389535988,1
blk_4378307922128301229,2
blk_-5544620303468241051,2
blk_6450606984390103137,0
blk_-5032431021483780906,2
blk_-8215012042175069829,2
blk_9216023949759677457,1
blk_1109130648356811286,1
blk_8995851513578358678,1
blk_3627625008174164762,1
blk_-8649079734537157030,1
blk_-6985074095021390152,1
blk_9209004015729845555,1
blk_-5992332328632546117,0
blk_6823703278088127590,0
blk_1116457585304273874,0
blk_-390585999644738326,1
blk_9014433312276149339,2
blk_8920348999455240261,1
blk_9143335924069836173,1
blk_8415171329581136106,0
blk_8517699911881863286,1
blk_8429922437716288242,1
blk_-464133220908619129,1
blk_-6022305189056324934,2
blk_-6605146256926483806,0
blk_-2964156547495175038,0
blk_6500223685145084375,0
blk_8096057244221293066,1
blk_-6315642316658400849,2
blk_8261478329362189747,1
blk_8695369165312104323,1
blk_9165568172412334733,1
blk_-3900210459225445502,1
blk_-6260291875490860032,0
blk_8340692875528334536,1
blk_-3307753650860689239,1
blk_4455585171122333616,0
blk_-5526686278560717173,2
blk_709064880272717636,2
blk_7647493951314469315,1
blk_8143600458686854628,1
blk_7790375293275694565,1
blk_6989619773987002189,2
blk_8257302957105182577,0
blk_8303413189200230139,1
blk_1939964229907232824,1
blk_-450573176598492760,2
blk_-4878216957201846602,0
blk_8574505807538818447,1
blk_3880167365583667205,1
blk_9047593030233623852,1
blk_-8768736569790375281,0
blk_-6767331971451036403,0
blk_6549711837668066730,2
blk_-2089485938716318848,2
blk_7275708172548923899,1
blk_8817374089832812292,1
blk_-6355562147651795386,1
blk_-7975016482305320202,1
blk_5486419678159151945,0
blk_-7262436633809610909,2
blk_7504415376458970967,1
blk_1421976262831018925,0
blk_-6859485770938865133,1
blk_8708859294106086419,1
blk_8045252277669850431,1
blk_8800871400485157924,0
blk_-1324101904408830949,1
blk_4016296645748896728,1
blk_8234085482033448348,1
blk_8222478544368936582,1
blk_8811057218613016001,1
blk_-3647579307173576079,1
blk_2611197404604164778,1
blk_9156863266937013958,1
blk_7086686875222764412,1
blk_-3939815154792368601,2
blk_-7071501661318034680,2
blk_7611999541002328747,1
blk_8679869832505764977,1
blk_-1001299764911418845,1
blk_4640424191916897896,1
blk_2642213440481441118,1
blk_-3315281012648793416,0
blk_3625990710637304795,2
blk_8493572623810296338,1
blk_1068792293641758039,0
blk_8385981168332727134,1
blk_7180263358016729488,1
blk_-7249803158392116249,1
blk_61075575555260000,1
blk_8060373149653030110,1
blk_8907738821052531402,3
blk_-5493834254028513821,2
blk_-8096833881686523560,2
blk_8375513663514265665,0
blk_-1615193203727166357,1
blk_2392228824231959236,2
blk_-4549181649782535739,0
blk_-8838917621701329572,0
blk_-3270225691731385157,1
blk_5132704447914261629,1
blk_5467211672120810815,0
blk_6178906873981883624,0
blk_-1514776277348015483,1
blk_1351495740933902044,0
blk_4232494165565767371,0
blk_9180991745573265742,1
blk_7850951950837680808,0
blk_-9037964383978278196,1
blk_8147760587281949309,2
blk_7362112536337277792,1
blk_3194785644058082005,0
blk_3693837532799576241,2
blk_-5536329915628181399,1
blk_4682079352953027867,1
blk_648451759432563893,1
blk_-8071940586366367835,0
blk_-983081690367372749,0
blk_-5739625187195866456,0
blk_9082860047241105801,2
blk_-2815730233582629607,3
blk_4600625887465820978,1
blk_-6855996938294508606,3
blk_205282661281482952,2
blk_-8743859155905191247,0
blk_5862064168004546076,5
blk_1180109165184242001,0
blk_8208273772076372588,1
blk_-2251463203494491643,1
blk_-918413699349897748,0
blk_-1299552851194772522,0
blk_7247985612172454700,3
blk_-3534407194213670851,2
blk_2084103361153207519,1
blk_8738373566265906941,1
blk_906909961436300670,3
blk_8691549876755499074,1
blk_8120619795359051336,1
blk_-6227130362575626903,2
blk_-3363372572016922657,0
blk_1387162371719476785,3
blk_7170136652868838267,1
blk_7923767819180372349,0
blk_8166890690857153761,1
blk_8168266437308048577,1
blk_8478127920305726634,1
blk_8699617220023797227,0
blk_7831919108202308910,1
blk_7751480552410328385,1
blk_8066075367372179238,0
blk_8909854022061202842,1
blk_-7682432663573436317,1
blk_8325507247419130105,1
blk_2749026664373761648,3
blk_8948713223716586084,1
blk_-5355008438453668398,3
blk_-2529369155679304908,2
blk_3353066646891494254,0
blk_5872945912132740080,1
blk_-1631119742248419554,1
blk_-8906313827510278686,1
blk_-2992897531180426437,1
blk_-1023495876047573307,3
blk_9125229960123824727,1
blk_-4736438015416686362,1
blk_6791318767401594848,0
blk_3142633448297518675,2
blk_3802049914037350889,2
blk_5355331426351288746,1
blk_4837927419580655303,1
blk_-4176264516349599845,1
blk_5115977331215106358,2
blk_8381532731417899614,1
blk_-7433173906955038356,1
blk_-8179807294142860118,2
blk_1262178829919354620,1
blk_3707548703317650926,1
blk_8933910278056120347,1
blk_809511024737609922,1
blk_226906249322093570,1
blk_-8057963870022677890,1
blk_8838558743332268154,1
blk_-4050861768087366698,0
blk_8841101419103300225,1
blk_1911602463151612525,0
blk_3376054589181354068,2
blk_8799682561931742266,1
blk_-257388674040709292,0
blk_-7706880263217900841,0
blk_9071771347098105771,2
blk_6787272778292904665,3
blk_8594880095852495695,1
blk_-6122693866912542259,2
blk_-7931296853613072235,1
blk_7105231685582449618,3
blk_-7689115998181195743,1
blk_8526611494153813402,1
blk_-5175479989291301200,2
blk_2992389701789334448,2
blk_4713952523851229700,1
blk_-4464669326174400880,2
blk_1480148484064905544,0
blk_-3219571663022233692,0
blk_-4638263164429005626,0
blk_132633656123110022,1
blk_8137896293132792722,1
blk_6827227789958204337,3
blk_9190184723818081905,0
blk_5563030645628063827,1
blk_-5019374427866587091,1
blk_-7258855032250455269,3
blk_8265194627835393460,1
blk_-1943593837520434365,0
blk_-8129071829477038828,0
blk_1202710035399286300,2
blk_1386583149926452937,2
blk_3228013171659194424,2
blk_6270547280647061074,3
blk_9004374707568491570,1
blk_-8280541587557553829,0
blk_-1038144984524972313,1
blk_3555112835115566470,1
blk_8163472139512333118,1
blk_2856738968323370295,1
blk_-7934205015562514751,3
blk_8235430182285859198,1
blk_-7305833418743191853,3
blk_758346207437382744,2
blk_8260106495917076776,1
blk_2720530448709127402,0
blk_8962958687853490928,3
blk_4178345025429452062,1
blk_-3953774222242011327,1
blk_8310266693567724842,1
blk_8290245308499885410,1
blk_-7559937180832454328,2
blk_8165106945153614793,1
blk_-6586629928697801209,0
blk_-5439842411069317338,3
blk_8969367841058459902,1
blk_-5902810647818538566,3
blk_8288227535802709727,1
blk_-1018884555287540953,1
blk_2338485875357698465,0
blk_9039005170383073463,1
blk_2336962819994586155,1
blk_3288658872624126791,0
blk_-9168090043600027496,2
blk_9007642564539681747,1
blk_-6153281532981284660,0
blk_5907901195884471162,1
blk_7876218062349838197,0
blk_9035869480030726062,1
blk_9015578759836118995,1
blk_-2158126191996218897,0
blk_3116181370470051991,0
blk_8613091578552487934,1
blk_-7852394220388861643,1
blk_8337972792492393476,1
blk_8723320943458863250,1
blk_5244768171941869611,1
blk_1602133112635742618,1
blk_8675551780268109202,1
blk_2947639703739590174,1
blk_8144189717296124205,1
blk_1767067222708303329,3
blk_1052478334906729034,2
blk_8880470339488354263,1
blk_8171491589579016368,2
blk_-743657982229525131,1
blk_-3660474193003461184,0
blk_852183849014645335,2
blk_2077675074265783925,1
blk_-800587171426481244,3
blk_-3483153496143828608,2
blk_-6224292292148434734,1
blk_-9031164655223473108,1
blk_8088390247519157526,1
blk_-3039116981978763227,1
blk_7802813173111124958,1
blk_9058263837749030301,1
blk_-5006275964087510687,1
blk_2579618578559651295,3
blk_-385937896569494609,0
blk_8994966168110607541,1
blk_2271144854580363063,1
blk_-6018186350118238472,0
blk_1929923482058267443,0
blk_8565602787763324157,1
blk_-452171226111191113,1
blk_-6058679412234128632,2
blk_6926004923867112027,1
blk_1653637982679132034,1
blk_2968504659039077677,2
blk_8333277989273608747,1
blk_5099378819847245359,1
blk_-7600891299289205196,1
blk_5968902635091344769,1
blk_-3665449654583060430,1
blk_8333504522901324883,1
blk_6391256989458918684,2
blk_9185617829711213989,1
blk_8848830665382066889,1
blk_8469957985916689291,0
blk_2113659116509335245,0
blk_6221967779658373168,0
blk_-7780554945385328861,3
blk_2729099960266935034,1
blk_-6905795866429033795,0
blk_4416950245481923656,3
blk_2400489953162754297,1
blk_-9082684598885968763,1
blk_-496252641248031123,0
blk_8708671235353398324,1
blk_3261715694437905825,0
blk_4669445121891068582,3
blk_9204151410991164318,1
blk_-5315518810801308894,1
blk_6856362563352016135,2
blk_-8999438212211448205,2
blk_-8618647428938759086,1
blk_-362879311899077709,1
blk_-6647013615384775418,2
blk_-234108381077576240,1
blk_-4173654293744119277,2
blk_3377902161714457045,0
blk_5619400076210202193,1
blk_8023783394623857105,1
blk_-2744247700942793927,2
blk_5041202061128915005,0
blk_-5261751311339308488,3
blk_1145434794492159629,1
blk_9198849030420592774,1
blk_4537596391424820563,0
blk_-2999921031439676603,1
blk_-6878340404907473587,1
blk_8340881995241460958,1
blk_8650671644529477649,3
blk_282896531640927505,3
blk_8676860471006989929,1
blk_9129430728954362322,0
blk_2663773345493262094,2
blk_6038766982378399427,1
blk_-5801094294076202747,2
blk_1389517407629522744,0
blk_-326708495005896474,1
blk_-470412845504875529,1
blk_7137330575142081744,0
blk_-108581646683624145,1
blk_9123910480732447611,1
blk_-9000922189914217078,2
blk_-4715093221046866633,1
blk_6063511497059510154,1
blk_-3826009814984157977,1
blk_2700422122823758272,1
blk_9183029228356285844,1
blk_7572628348217213577,1
blk_-7495900932452184563,0
blk_5643631875592041420,1
blk_8765601758654707054,1
blk_-6710278520007599935,1
blk_3204685320797844679,0
blk_8542407423597760709,1
blk_2633149691921367515,1
blk_-754929256039278923,1
blk_7831329818362322562,1
blk_-5547543708787709558,1
blk_846799110102141742,1
blk_-8783137537535861342,1
blk_8775822041464785899,1
blk_-3853265591005020112,3
blk_8415589348408995409,1
blk_4674206869627396034,0
blk_7749559198947480006,1
blk_9126694151667606112,1
blk_5178884748775783411,2
blk_8128968847817392650,1
blk_8629941919071568515,1
blk_-7375181844412726754,1
blk_-424262862134414725,1
blk_7846063368336366730,1
blk_7109184001366209945,1
blk_7700556118331241515,1
blk_8889993572100232756,1
blk_-5808199036894195165,1
blk_-1334413792811525687,1
blk_1336041240664899601,0
blk_8938558716067156865,1
blk_-653090568565900739,1
blk_3998993122839067443,0
blk_-1364428184904375387,1
blk_5024705187938108448,3
blk_8199550931573381828,1
blk_8678431064356885798,1
blk_-7943379568886329046,2
blk_5365186434949144118,1
blk_666056095857778739,0
blk_-837877224236148203,1
blk_9154263072537405220,0
blk_-7739571688111520125,0
blk_8897009968816991260,1
blk_6788553956478486939,0
blk_2387883675377743493,1
blk_7987157445208124752,1
blk_-1355283490881725439,1
blk_-5049120495094339909,2
blk_8063535103049531959,2
blk_-7512229865885985259,1
blk_-295689028307586396,1
blk_-4616554126720527136,2
blk_636862019277918739,1
blk_-3453738771727669723,1
blk_7787561683806762625,1
blk_8408125361497769001,1
blk_6063664286415651178,1
blk_-6684976192663192400,2
blk_8076232912516551236,1
blk_-5752217701907761306,2
blk_1371669870059482781,1
blk_30373957379090179,0
blk_-1334626325179083528,0
blk_1586164007556399766,1
blk_8079189052508409660,2
blk_8347353090475790564,0
blk_-1162270747090750327,1
blk_-6899546692686650917,1
blk_5964358685159409651,0
blk_-6022456814244051341,1
blk_5486481618108159950,2
blk_7859032812867403399,3
blk_-5672510046669340599,1
blk_-5907696582331120156,2
blk_3871883461847188190,2
blk_-3311496596197668946,1
blk_-6961843286363273274,0
blk_2017950128926499768,0
blk_8380977132722288587,1
blk_-8311312843440733657,1
blk_5679116148552733957,2
blk_-2447008916249474148,1
blk_5283527678786268038,1
blk_36823128057191339,0
blk_9209337043266813528,1
blk_-7980457571117233680,0
blk_2393588761170107463,0
blk_7982319787993798820,1
blk_-3911166476566899551,3
blk_-8221377914730707800,0
blk_-5149120948524721004,2
blk_5987169951130836525,2
blk_9098001840058558144,1
blk_171166048709643043,1
blk_2297145385235086288,2
blk_-8019384396102909611,1
blk_-8864673682297964130,2
blk_-427522761434588674,1
blk_-1522547842783277194,1
blk_-1794546949623629165,3
blk_262064827988130176,1
blk_6232148988967766853,2
blk_729577690424729784,2
blk_5105314033876471150,1
blk_9154494052593036691,1
blk_8902650196621789803,1
blk_6182439175029755030,0
blk_-186449692016201490,3
blk_8453210061546816295,1
blk_8797313073258269136,1
blk_-6570734770103882802,1
blk_-8174899640122668015,1
blk_6744900283082427996,2
blk_-2309208232643364408,0
blk_7895004802669466168,1
blk_-5951427403294880640,2
blk_-806423950274486827,1
blk_7718528022281013257,2
blk_2772740751773393577,2
blk_-401303441822095974,3
blk_866860298680755505,3
blk_-7871470248296028517,2
blk_8895848565963921586,2
blk_4580425254864663555,1
blk_3747594605950601797,2
blk_2795053669030141036,1
blk_5949765726105313415,1
blk_4894256295118920163,1
blk_-533570301301432324,3
blk_-1067131609371010449,3
blk_598940490178909506,1
blk_-6530245448740847960,1
blk_-1250033528352378423,3
blk_-1175027132744034677,1
blk_8805610655338701577,1
blk_-702269656492732525,3
blk_2093688370332985110,1
blk_3226167313525857631,1
blk_-1708587463726840983,1
blk_4207153147078127808,3
blk_7942115772871938769,2
blk_4844468037683827228,1
blk_1549832952118614534,3
blk_2786892470090975874,0
blk_-3412339927828421344,0
blk_27432107507559704,0
blk_-6028224854555697788,2
blk_7070018214417320584,1
blk_-6444547640025597906,1
blk_8861474138336696834,1
blk_7522319533464067976,0
blk_-7917679680363597371,2
blk_1092850037489347423,1
blk_-2828682444648488994,1
blk_-8513351748579810786,3
blk_1888344106553545398,1
blk_8082772940973368166,2
blk_-4049945139794600145,1
blk_4709445542755276792,0
blk_2807705456346362092,2
blk_8684353274426756417,1
blk_7148501434925676763,1
blk_-4509092526264320136,3
blk_-7654696074545947372,1
blk_-1684438862222855332,3
blk_-7574241801768689677,2
blk_-1834874373809772413,1
blk_-2006782767408917261,1
blk_8212905379547777192,0
blk_-6213530335216717172,1
blk_5911956008415876113,3
blk_8748847738424564579,2
blk_4632418988225420161,0
blk_2298161404568693089,2
blk_7021207890856924160,3
blk_7744384859145599898,3
blk_-4337268123135733800,2
blk_4809869340285919952,1
blk_8926847478991029518,1
blk_-8861817172226505668,1
blk_4548101447160316938,1
blk_-7823569907223155019,1
blk_5121481853214106697,3
blk_-3174232733041654340,3
blk_4424231237358726233,2
blk_-8723821315560217781,1
blk_-8685140906059723381,1
blk_5777459062943260062,3
blk_-1766234353249632834,2
blk_3506260656672745550,1
blk_4395399412302115399,1
blk_6716074174884629598,1
blk_-7537594386813896941,1
blk_6649339985085650121,1
blk_4596168784496776974,1
blk_493342597150044001,1
blk_-5476544405411015862,1
blk_-8534041117861733776,1
blk_8142283193114313085,1
blk_6420805792111309238,3
blk_-5854299953783556310,1
blk_-7784689480208199725,1
blk_8227813613926010209,1
blk_-1089874836573056687,1
blk_9183289340489989286,1
blk_2165790865555143336,1
blk_-2950816402572734339,0
blk_8015831674810455621,1
blk_2474736327223343217,0
blk_-2070072475237225773,0
blk_-854663917810747963,3
blk_7059886816103812130,3
blk_-3621961526143462276,1
blk_-9198187894319819684,1
blk_8211540385263698577,1
blk_-8518252107131849129,3
blk_3185804143412380914,1
blk_4788228514760706265,1
blk_-4957322652433244858,1
blk_-6669848110381513005,3
blk_6533711349086671734,1
blk_1337459668850938918,3
blk_8489331817885600578,0
blk_-6583335439604751301,1
blk_-9163788178779271488,1
blk_-2414041746483038993,3
blk_-2710979271972492726,3
blk_-4837096499693162103,1
blk_-8172040435165644879,0
blk_-6467009160056916452,3
blk_8608502302378900202,1
blk_-8631145699536683822,1
blk_4929030647678699348,1
blk_2018472970914441524,3
blk_-4040863241248121643,3
blk_4589774882056031943,3
blk_8184522783473956056,1
blk_-1833299048830663292,0
blk_8374934788122737375,1
blk_7175945677757046854,3
blk_-7144023818055296765,1
blk_-4942791807951659044,2
blk_-617871704705736254,1
blk_-8456922825201750425,1
blk_9205770903192067975,1
blk_-7995923271031200799,0
blk_8275179600949786072,1
blk_7305641089115984602,3
blk_8597914169465321458,1
blk_1552021249623837185,0
blk_9216544003932784678,1
blk_1351772134921376191,1
blk_2884407726542982840,1
blk_100729861999205408,1
blk_-5246554414939097134,1
blk_3497236094583490618,1
blk_9072125597345387464,3
blk_-1580355750125402070,3
blk_3990705681559988504,1
blk_-299674282465425293,1
blk_3671420799811003589,1
blk_3465324629382013449,2
blk_-7628397054451158354,1
blk_340854666767346657,3
blk_-4066832237214470415,2
blk_4221629338059545013,1
blk_-4682002147917594734,0
blk_5859258706708876420,1
blk_-4983336719350944078,1
blk_4921378864555450171,1
blk_-4128039772379906447,2
blk_3050134249169418639,3
blk_-3728049160604975962,1
blk_-751550579877771003,3
blk_-5202316127093945799,1
blk_-8252882625604508946,3
blk_-860341624044406001,1
blk_-8271180788744548110,1
blk_2035360809852889117,1
blk_9184559404755254377,1
blk_7312671617068507220,1
blk_5324590835522207060,1
blk_1536478664219379993,1
blk_8936510448582058190,1
blk_6928302687180869917,1
blk_-819492939001153371,1
blk_9052710867505054970,1
blk_8349817539379301348,1
blk_-6160713040477304264,1
blk_8765347691095872360,1
blk_8093629045470682940,1
blk_2245941246124049271,1
blk_5355549571447638834,3
blk_-3945236748777429958,3
blk_7841450763934605452,1
blk_883390173993705142,1
blk_-7885578632457030803,1
blk_2738296038705995926,1
blk_-9089757207635946003,1
blk_-2950663887493455200,3
blk_4942060667734113125,1
blk_-3396120152506017213,1
blk_692167975271429163,1
blk_-2098092094743061693,3
blk_-499713586337881794,1
blk_6856243370314568565,1
blk_-9140284481527583390,1
blk_848973434635485874,1
blk_8414640668793794766,1
blk_6788773600674735586,1
blk_2036967860853306945,1
blk_2192611381585713039,1
blk_8426223118349452056,1
blk_8388642701725277995,1
blk_9056514806795308459,1
blk_5659869911521029625,1
blk_-6067429461406356955,1
blk_5398314277015661293,1
blk_338676253742479010,1
blk_8170207931964930781,1
blk_9167231625828790307,1
blk_3160228176042876694,1
blk_9136995682915759828,1
blk_6612185328483674999,1
blk_8211239762270319182,1
blk_-5331173135025588896,1
blk_-361904962526541058,1
blk_-4915620745666827022,2
blk_8886958101596092617,1
blk_-6087175910386658310,1
blk_-442344173716437525,1
blk_-2980857618812001660,1
blk_522258908727297129,1
blk_4782599059461691349,1
blk_4018390986656159505,1
blk_629678453336956026,1
blk_8611496393152276653,1
blk_8376181370666552206,1
blk_8328413850210074024,1
blk_8556755737644582759,1
blk_9138612887499075154,1
blk_4663093873938994710,0
blk_-5819824149603101137,1
blk_-7821973238466694337,0
blk_9040103790844851062,1
blk_1990393838582223503,1
blk_6247860238820397041,1
blk_9077524628403014551,1
blk_4021941097970058929,1
blk_9036792835896472805,1
blk_-5916059012750599646,0
blk_4400059395921490423,1
blk_430475600543591266,1
blk_9056683740324508658,1
blk_-3670087035115985328,1
blk_7374598324062221264,1
blk_6012530930531566080,1
blk_-3873153794203320706,1
blk_9116199246190160481,1
blk_-7234148327465070106,1
blk_-2250777327851839844,2
blk_8520206368822773725,1
blk_9061587914329730665,1
blk_-3737039845695623064,1
blk_1423417190956937014,2
blk_-7275651651009907885,2
blk_-7506136560788239604,1
blk_5287381043222758070,2
blk_5132487921210661848,1
blk_376368684720297098,1
blk_-8616874071947914548,2
blk_-268082756338630750,1
blk_2773180321835256825,1
blk_1307518922528614140,0
blk_2802156070741272043,2
blk_8504104227421056984,1
blk_1155870315877290251,0
blk_8299778930074514470,1
blk_8720054945627462310,1
blk_-362281400000669706,0
blk_8130771893895952309,1
blk_8243260815275659613,1
blk_-8329856259348135034,1
blk_-679177872822206494,2
blk_-7206444557577012335,0
blk_6279699898346374455,0
blk_-5788117741904513022,1
blk_7852140646143007055,0
blk_8114932933796214678,1
blk_5881833847980072512,1
blk_-7480371506997010194,1
blk_8183985704739842888,1
blk_9210224656797211884,1
blk_6468701902989198725,1
blk_5303133637720496385,1
blk_-2176368126776110837,1
blk_-2245478750184004139,0
blk_8166000571893225532,1
blk_8561799060784978336,1
blk_-2457987690827344787,1
blk_1442285711741827077,0
blk_-8822373479261386749,1
blk_8538001168552760876,1
blk_197960751467771589,2
blk_8650192496727819221,1
blk_6912968549444317672,2
blk_9098065145754408806,1
blk_8409121738488983359,1
blk_8645400871772877628,1
blk_-1791779822968374118,1
blk_293007835471507868,1
blk_8142783048223668908,1
blk_8379101421027779666,1
blk_8824771257683179992,1
blk_-7300780956387825977,1
blk_7289052002719015842,1
blk_-7824262072012149211,1
blk_-3055676952543605703,2
blk_8882947689052473837,1
blk_-599360447936498085,1
blk_8393566204968523379,1
blk_2223478163450684938,0
blk_4680948108334912136,2
blk_5507529259977127049,1
blk_-2726681188210800275,1
blk_-4264761918890907868,0
blk_6175738433043746264,1
blk_-3281958683141119045,2
blk_8485306340426634529,1
blk_9079794730242861331,1
blk_426593655769488611,1
blk_5589863985316699150,1
blk_8430159182871322032,0
blk_5882752336188220788,2
blk_-1626597779656104630,1
blk_-7524917210852897552,0
blk_-8016087228711560607,2
blk_8825940437153254252,1
blk_-7319583204814569467,2
blk_-8792157565760206301,0
blk_9086825041638526343,1
blk_1142718046971865182,1
blk_8032885654484740704,1
blk_8661235890126764840,1
blk_9111178935447269327,1
blk_3584595338513705438,2
blk_8186144383614020989,1
blk_-3420035165902177951,0
blk_8641684524056550993,2
blk_1568143638782051785,2
blk_-1936584918988388879,1
blk_8625745742213617176,1
blk_3325091410776175457,2
blk_5406901066773004038,2
blk_-7241395918134255738,1
blk_8095235295419829181,2
blk_8756285630201423891,1
blk_-5486108419034399674,2
blk_-4880247459251739794,0
blk_316825146886722209,0
blk_7972555265773840075,0
blk_2507062370770168705,2
blk_-4722183092147800648,2
blk_8666672339686204860,1
blk_468565956418931932,0
blk_8591158188244054462,1
blk_8644804979408669327,2
blk_-8354193785899864712,2
blk_8326670788166650545,1
blk_-4927127358674722405,1
blk_9148981013505340877,1
blk_4134497333741258928,0
blk_8969604242933019914,1
blk_-2536519229881319848,0
blk_6790856856964528481,2
blk_8154226321729518371,1
blk_3262852143960214717,0
blk_3815824025917063521,0
blk_2028645698615825147,1
blk_-3962409000777958175,1
blk_8348244786737435793,1
blk_2025838502597611983,2
blk_-70650047626281174,2
blk_4870153452843612680,0
blk_7461127960533679746,2
blk_-5894207489784259153,0
blk_-4483065900103717263,0
blk_-2620776077568800359,0
blk_7588386732289774030,1
blk_-6904379651903497394,1
blk_9168813959310450058,1
blk_9059032859135132039,1
blk_-6836661560284534583,0
blk_895536098729225609,1
blk_-6972482459971497520,0
blk_-3067166985660621905,1
blk_-5104400401035162056,2
blk_-1685210933120009716,0
blk_4812484375942968415,2
blk_8954648207262181363,1
blk_-6822130891726687929,2
blk_6370029406360163588,0
blk_601742939209346294,0
blk_8207336978199999011,1
blk_-377766987229780691,1
blk_-5341924029095880174,0
blk_-5309313238510344946,1
blk_1905961775651102101,1
blk_8122614211526045330,1
blk_8413918071707182615,1
blk_-4278359992279974696,0
blk_-4775019555335859559,2
blk_-8470462389125280282,2
blk_9180164792650622841,0
blk_9093974597872111165,1
blk_3400587510880777668,0
blk_9105629454314160458,2
blk_2698038155737124856,1
blk_7931735216351358055,0
blk_9021430064056291484,1
blk_3466858188594183598,1
blk_-8736448356533522388,0
blk_8867472143242405646,1
blk_8667691608955784496,1
blk_-9071510424192340869,2
blk_-904186812729051370,2
blk_8718894937528042123,1
blk_-8130702598055971215,0
blk_8266804567382378192,1
blk_82831121718222652,1
blk_-1627660237841544988,1
blk_6854861772834968172,2
blk_4510665831614305489,1
blk_-2684839114108935794,1
blk_2481072036609360446,2
blk_-6193494092728381908,2
blk_8252637336303204365,1
blk_-8738210056805554907,0
blk_-8283529348068778138,0
blk_9100083268743938405,1
blk_4962369419716221734,1
blk_-8914617564845565340,2
blk_-4361170721285062807,1
blk_-455150393144313281,1
blk_8502518116987423035,0
blk_8539742462344095371,1
blk_-7957230147414508349,0
blk_465965559501338340,2
blk_8253737315764006466,0
blk_8943297743885528425,1
blk_8181549678675893334,1
blk_-1494810263984859879,0
blk_8680628370491044991,2
blk_-7221285048378076883,1
blk_-4505383836900503527,2
blk_9215067244773439263,1
blk_4819193274752411068,1
blk_1087602057154360606,2
blk_9163290113392533914,1
blk_-1376095695612495298,2
blk_8230020110645585263,1
blk_-9146808281591308682,2
blk_7151344799970324813,1
blk_-2844457071974159936,2
blk_-9066824289297666898,2
blk_-1014865944005847876,1
blk_-2259077253188987956,2
blk_6475566019294898937,1
blk_-6757236934671765344,2
blk_1773971505760178377,1
blk_-8286678265093228775,0
blk_8336666489474092451,1
blk_3829676151120085018,0
blk_4004580987149284213,1
blk_4996606883506346788,2
blk_-7541298421457440572,0
blk_8557033017806873967,1
blk_-3438081170169107290,1
blk_6995485564372780114,0
blk_3944526612129397189,2
blk_8937275791084624917,1
blk_-6830390900606658393,1
blk_-3915664272379523272,2
blk_1044729100306559309,1
blk_-2242704777239240356,0
blk_-6732570348071176497,1
blk_8562629431164909272,2
blk_8372855870911322126,1
blk_7547086539530272952,0
blk_-684186671570149230,1
blk_5095103803525544276,1
blk_2819053112992845296,1
blk_1239199008793105180,0
blk_7109041973866372418,2
blk_-9040331664109947777,1
blk_2291771455830163351,1
blk_8160425070770725047,1
blk_8740338228636510570,1
blk_8737023597617234355,1
blk_-3265575496647186565,2
blk_-2282838184627491548,1
blk_-598172819281246251,1
blk_4935484477280717376,0
blk_-4963885465977683404,1
blk_2625332587245445284,2
blk_-7437326521316138673,1
blk_2226405088333404976,0
blk_397509256958041597,1
blk_8772429763876514764,1
blk_4318306999689258098,2
blk_6678670027672145379,0
blk_8492243156060939307,1
blk_-6399747373107535583,0
blk_-6729986010789176452,2
blk_5906951113548271457,0
blk_9186264294774983360,1
blk_-9048733544994153833,2
blk_-9168992467490988259,2
blk_6369067874154239762,2
blk_-7737372700265771000,1
blk_5742189620127639985,1
blk_-3049721966592087408,1
blk_8682118427078868281,1
blk_-1645127803138209626,0
blk_-909326239757858094,1
blk_284709957546174239,0
blk_-4258979699691048931,1
blk_3941904530290012207,2
blk_4092728321319769212,1
blk_40673432063145168,1
blk_8380169031793713089,1
blk_8602006350179719793,1
blk_8901862938730976957,2
blk_-3008381514401164380,0
blk_3970161090876979189,1
blk_-3926834745025514175,2
blk_8263445520288317388,1
blk_-4179700426845592130,2
blk_-5855648498079106030,1
blk_-7632473652451838314,1
blk_-8367391136613362097,0
blk_5753697743996223767,1
blk_9018257599476340135,1
blk_-8840893674998490317,2
blk_-3977627504072846754,0
blk_4958333748132993870,1
blk_8828044118621618977,1
blk_275700469946974462,1
blk_-6391101451877991980,1
blk_4673284403455934751,0
blk_8210861958769620103,1
blk_-6911402408504535631,0
blk_3507019424852324903,1
blk_9161530482690745528,1
blk_8442299221783075692,1
blk_-4801940447786457752,2
blk_-6577479151537543872,1
blk_392708097375007469,2
blk_-3236263374159702251,1
blk_2345487607101465338,2
blk_8891303702523189498,0
blk_-1982198867908678167,2
blk_8568741244192961090,1
blk_4596034197528613464,0
blk_9182697679249765023,0
blk_8567643044966991956,1
blk_-7130207853464435599,2
blk_8886952006574206315,1
blk_-8611330880273010863,2
blk_286504081805620638,2
blk_-5057592020776355607,0
blk_-1080222943595704447,1
blk_5178688494593861559,1
blk_2716430155308830846,2
blk_-3973334625646756130,0
blk_4379726013610764467,0
blk_-6804180341615174007,1
blk_5658238422510716682,1
blk_598887456831640801,2
blk_-473004059520704976,1
blk_8297722568368941746,1
blk_-4860333940395532150,2
blk_-5476745565723027398,1
blk_1676034938977203740,0
blk_-675069586528667611,0
blk_-2864920208701852288,2
blk_-4505635565143128839,2
blk_-200889613241390508,1
blk_3896329093195391711,2
blk_8102923003061907916,1
blk_8332111402582119335,1
blk_7735597616330160234,1
blk_1341985082723266014,1
blk_1527112331967317846,2
blk_9151689281583792216,1
blk_-8317778946428682355,2
blk_9134608239542342509,1
blk_-4247542862464119109,1
blk_-7726101195669635285,1
blk_6841579197753310636,1
blk_5665709212206443352,0
blk_8223601520738328368,1
blk_-980671937213094401,1
blk_609284173588948987,2
blk_-5747285409625366594,1
blk_6317405538651999253,1
blk_-8576862573514929895,1
blk_5841139720976491323,0
blk_845009203985527326,2
blk_2790786256780786402,0
blk_7269515567090490026,2
blk_283408884483560923,0
blk_3539477549772036246,2
blk_-299707720322839997,0
blk_-4570355069351742665,1
blk_235937260484246696,2
blk_4894558020928927111,0
blk_-1619936721226650412,1
blk_-1925540583336668930,1
blk_-4567777441263358151,4
blk_450204636971570721,2
blk_8822934521715787943,1
blk_-2659632430431537933,1
blk_-5523838718487721834,2
blk_8523537443007933859,1
blk_3297773823030811622,2
blk_2398101806961112338,1
blk_3736320117775128813,0
blk_5186783610376920107,0
blk_6614554911998405486,2
blk_-3643531832027306086,0
blk_8756003579903968740,1
blk_-5489092656703511677,0
blk_-6325693032977243134,0
blk_5634272738867383106,2
blk_6615290154273137173,2
blk_8276025118399548462,0
blk_-3739652499120458264,1
blk_112018204346737069,2
blk_5318472504952507422,1
blk_839206100596237721,1
blk_8184127184313960440,0
blk_-2800504448183794341,2
blk_-5049090182885573201,2
blk_3189742160502960892,0
blk_8918137400413385255,1
blk_3123672648848330955,2
blk_8950526359211125095,2
blk_-6128671352232110515,2
blk_-7433723730879766346,1
blk_1264430476222619633,2
blk_8577426433238850823,1
blk_-947827958653911032,2
blk_-1139725109062395057,2
blk_-8843592355337983426,2
blk_8469294028120645192,1
blk_-8921871713276974471,2
blk_8924088331610259195,2
blk_8469589286751499711,1
blk_-2862008675580356412,2
blk_8782703022625382051,1
blk_2975278377262574146,1
blk_-8503462689178435940,1
blk_6660540153748191818,0
blk_8254922601507338939,1
blk_8956532717568639077,1
blk_1454842449899266091,2
blk_-6577011276713534044,0
blk_6414968270165624900,0
blk_-5451046415766648763,1
blk_-4421098019670719003,1
blk_1741862526543097830,2
blk_4958479622561587018,1
blk_9126289351156365450,1
blk_4585250364596106176,0
blk_6639313295097473200,0
blk_-4523777703214298243,0
blk_-2058533308101944645,0
blk_-3263346409802551684,2
blk_2126473790907914143,2
blk_-1776785371063970095,2
blk_4278121608985213811,0
blk_-8903299108247577284,1
blk_-4200064190610318995,2
blk_-7435222672576514884,1
blk_7132232783467102702,1
blk_1108872727553952525,1
blk_-560587538344358067,2
blk_-8539802732120779864,1
blk_-2276788278479553962,1
blk_3263811727437683932,1
blk_8334941449830542538,1
blk_8855528296556361576,2
blk_801267477958157318,1
blk_9001420902997644663,1
blk_8652893475214955391,1
blk_-727445284516765653,2
blk_6757687595653348398,1
blk_-7303987692248592457,2
blk_1041838860398525719,2
blk_8258876574174532902,2
blk_-2802887608346810328,1
blk_8490580439615020929,1
blk_6208354502423213687,1
blk_8354294154923880419,0
blk_2727049404584016038,0
blk_820357036352849771,0
blk_8792183387998129268,1
blk_8483848473254499625,1
blk_5549980452971715106,0
blk_-8565782563378212431,1
blk_1337868345265390831,1
blk_-1459381478929430036,1
blk_1631317761181554175,1
blk_-2035433810058787892,0
blk_3283822176060314204,1
blk_8630783050008274404,1
blk_8724599106653620799,1
blk_4496671715259754328,1
blk_97446418509344772,0
blk_8209378702790988089,1
blk_6533449790153807489,1
blk_8394851163430957252,1
blk_-6306365625660559554,2
blk_-7209574990157400885,1
blk_9197800302062636934,1
blk_7485014044592168880,1
blk_6689739328473189582,1
blk_6696558577891414632,1
blk_-5396571292554057941,1
blk_780145736648398672,1
blk_3914789558221625036,0
blk_8984014746248002447,1
blk_8533312052273757435,1
blk_-8638484585816677056,0
blk_618301777942998111,1
blk_8608475802360185115,1
blk_-1158595908954042246,1
blk_1341398534438211658,0
blk_5286050020112190196,0
blk_-7052452879232477137,1
blk_-3378697832881439642,0
blk_-7210459507630282742,0
blk_-7357615488829801920,0
blk_8609015785451338060,1
blk_8128702640718037543,1
blk_-2804557646198009331,1
blk_4087745973692831209,0
blk_-5987678248787014730,2
blk_-7903662854900997060,1
blk_7828676157225880270,2
blk_8297782310907117417,1
blk_1222853759750217319,0
blk_3387839675473728056,1
blk_-4576702702497599149,1
blk_-7695974374063042537,2
blk_-367195048057204061,2
blk_-4225162601045268937,2
blk_2757206821852498647,1
blk_-2575255227109693633,1
blk_-8533942467027446453,0
blk_4118598497006001462,0
blk_7818136502556549976,1
blk_-3026422173232507805,2
blk_878416643065916613,0
blk_875519096082130782,1
blk_8115909744128905720,1
blk_8372315003906167306,1
blk_-7927374820760869929,2
blk_455527698072114714,1
blk_8209924026884619472,0
blk_1800592057550870379,2
blk_186853663483716720,0
blk_-8253476327619721111,1
blk_1552730091991617758,2
blk_7598914267445196527,2
blk_-3015467715895444974,0
blk_3263174634108267776,1
blk_789622607769233978,0
blk_1808955502422029735,0
blk_7980439699336901319,1
blk_8791969614332093188,1
blk_2864089936989307306,1
blk_3437027121216803293,1
blk_8492314071250217772,1
blk_6590601711423966985,2
blk_-8658117448602373117,2
blk_2852689093829315249,2
blk_1765025766262662777,1
blk_-5491613884333922218,2
blk_1507351604047399633,0
blk_8575631330075601468,1
blk_-8096408932402465238,2
blk_-3057664163265414553,2
blk_-2040263038920788286,2
blk_550770225128419218,2
blk_6588882889235414349,2
blk_8010280039867279395,2
blk_-2163728024067797750,0
blk_-379948496356087509,1
blk_-3817638410645019494,0
blk_2644564014621816619,0
blk_9192646673768189325,1
blk_8383910394920932562,2
blk_5419552228558845245,1
blk_-2560433639393875647,0
blk_-3924196280428197314,1
blk_8501490608612742008,1
blk_7091841972560339324,2
blk_-5432406355478218183,0
blk_-8090181219713031863,1
blk_288980100374866908,2
blk_3563278015344769162,1
blk_-5502252805298455361,2
blk_-6135624422125376983,2
blk_9028190919380409226,1
blk_-8133447224780426578,0
blk_-1753676144425887529,1
blk_8395400997771115448,1
blk_-4723659136747464446,2
blk_9184180712933300744,1
blk_9203599689587740364,1
blk_-1245344228185517480,0
blk_-6136853303419741848,0
blk_-8297535427851767482,0
blk_-97786371451189428,2
blk_1540912107747318656,1
blk_4625934870473602048,1
blk_-2825423450580485622,2
blk_-680277168450638944,1
blk_5567058207076986877,2
blk_-7105305952901940477,0
blk_-6834928612133616906,0
blk_-4103916480341770992,0
blk_7559285328478048739,0
blk_-4103191307801541129,2
blk_-9103764593642564543,1
blk_1756734516760509560,1
blk_7679835180766452653,2
blk_-1068937199964880213,0
blk_802244001714948248,0
blk_1444284131059584550,0
blk_2363768427313656628,2
blk_8896013786275207896,1
blk_-7375053800374531110,1
blk_-8963167879323257062,2
blk_-5162697097407207318,0
blk_4074032576123267354,1
blk_-1122708687201692295,1
blk_-558826396761813044,1
blk_8588092147579675223,2
blk_8801530388469039105,1
blk_3537216438669839139,1
blk_8486624570226531375,2
blk_-7163526049616922346,2
blk_-7433097535017753266,0
blk_-6095713345340365517,1
blk_-9156031910819892770,1
blk_331620321405498984,1
blk_8803304948793769862,1
blk_-5629372052360313414,0
blk_-816688081876511406,2
blk_8454968575225076374,2
blk_1528419997324233177,1
blk_3248454872846854667,0
blk_-5189085903344649176,2
blk_1630924669168760033,1
blk_9170031546534583071,1
blk_-4327997077836774679,1
blk_8143370377639295452,1
blk_-7008637864748850381,0
blk_5382146772127968985,0
blk_2745347767503027961,2
blk_6122056518573106669,2
blk_8442216082543082384,2
blk_5809931191239895555,1
blk_-2049030395935178275,0
blk_-1032615911332852110,1
blk_-3471591675366888738,1
blk_-498177501581971375,0
blk_4930355608284236642,1
blk_5616507706643930272,0
blk_-5885925442191267535,2
blk_-218940892602629211,0
blk_-3565927918303138104,1
blk_3127348697609055469,0
blk_4959672780257937871,2
blk_5526346003907762501,0
blk_3559155440442196009,0
blk_8274423513365487397,1
blk_-3343569427446823772,2
blk_3803600483954025210,0
blk_-6611387138861349686,1
blk_3903080110759277973,2
blk_8473515517194693163,2
blk_38788724199932398,1
blk_738538965698595021,1
blk_5497341388350449409,0
blk_5631869789742560515,0
blk_4648059415230822980,2
blk_8052044896104488531,1
blk_-7829570226675429398,0
blk_-4315630229326255674,2
blk_-4461515901403952506,0
blk_7130580860241911672,2
blk_6743674264759015540,2
blk_-6370001306643463359,1
blk_8004259104524606250,1
blk_4406623014674366448,2
blk_-3070038045078630435,0
blk_6551505649207801018,2
blk_4613541891882215,1
blk_9209498710003289081,1
blk_-1593150048796788484,2
blk_-8203389499568663218,0
blk_-4484540882818683931,2
blk_-2618114210706288710,0
blk_4220294515891484749,2
blk_2180748847154356596,2
blk_9073778480849393753,1
blk_-7510470632761393754,2
blk_546961565663388604,1
blk_-956133466796911458,1
blk_-5692413802725273996,2
blk_-8749891148756847867,0
blk_-2483638193923472530,2
blk_-7431238267265829024,0
blk_8406359876891600461,1
blk_-1534637779284304567,2
blk_8252324714480298425,1
blk_5705857271170358403,2
blk_1718275609302096520,1
blk_8630078496109920609,1
blk_6449159585652364228,1
blk_8885265203790362704,0
blk_5119686577711346989,2
blk_5608110339828962858,2
blk_2469227365814710495,1
blk_5394570762789776582,1
blk_9040634339558707717,2
blk_4525361542559096956,1
blk_8568890189248458961,1
blk_6114455031210894434,1
blk_3102321705194929294,2
blk_2446301639032549021,1
blk_-4851278640544819385,1
blk_-2754412517122809496,1
blk_-4478579212914834774,2
blk_-5512917684062148582,1
blk_-9191989405600138623,2
blk_-521695056577081678,0
blk_9005074589255916392,1
blk_-3183642201022069860,1
blk_-8340990514311110988,0
blk_3942781480223997963,1
blk_-5008400858451152746,2
blk_1883966633184780393,1
blk_407496987015815502,2
blk_8220118220830076704,1
blk_-6864513022128100059,1
blk_533269323384799954,0
blk_-25347831808765933,1
blk_4756471374662880537,2
blk_9094259447096012026,1
blk_8368108431609433211,1
blk_4847289339071473084,1
blk_-842847467042279178,1
blk_-5277491095772961614,0
blk_-4862356973297049230,1
blk_-7820907070355898583,0
blk_8468497855051454454,1
blk_9073207481435726763,2
blk_-2594863344723926376,2
blk_-7078490940834934915,1
blk_-8429169411289176882,1
blk_8269073725809602919,1
blk_5184161531520386078,0
blk_-673293984628504865,1
blk_1651175368367382039,2
blk_7587167036951526261,2
blk_8924898010760626604,1
blk_3448620939376193000,1
blk_7528330441659204602,0
blk_-1424487627282928823,1
blk_-7680682819740584147,2
blk_310435750599514542,2
blk_-3617766113877112019,2
blk_-6979315559927720616,1
blk_-6190917710037067749,1
blk_-1308213455568753121,0
blk_-74787766563386383,2
blk_8379801281638627448,1
blk_-1520047002745100604,1
blk_9024772562379259601,1
blk_7626961845108382808,0
blk_-5193114754452189986,1
blk_1905451561205801586,2
blk_8582481403296656809,1
blk_5675608438263437988,2
blk_6107974514467365713,2
blk_-3267217487168914974,0
blk_879630317757139504,0
blk_7841166201926857520,2
blk_8195592937453625765,1
blk_931157428309868585,1
blk_5713817627666550177,2
blk_4582687022447029288,2
blk_8934212273708126526,1
blk_-2429686908607451825,1
blk_-915200491894200388,0
blk_-2380425631987325831,1
blk_-7680784766379288650,2
blk_8727924347164838366,1
blk_2541146452374077213,0
blk_-3806454423013129785,2
blk_-594092592560934940,1
blk_-8039085508555034351,1
blk_2813520186523089954,0
blk_-1761423784367206722,0
blk_4012920841411290814,2
blk_-4276928239511817559,0
blk_-6875636080667876033,1
blk_6498766174834567403,0
blk_1202656274997692068,1
blk_8537815276078159753,2
blk_-6088015631343168077,2
blk_8245735740013520252,1
blk_-3030873621275311741,2
blk_-4902521710327765509,2
blk_-5269012044061164886,1
blk_-9167404099713258133,0
blk_8184460545867171342,1
blk_-3306187699477871177,2
blk_6231794651505997980,1
blk_-5696744047488794150,1
blk_4303652547614880903,1
blk_-3287290876395535988,1
blk_-2704813303076412909,0
blk_7095569644721716844,0
blk_808821427005349208,0
blk_8923586133176594487,1
blk_-8426563416414717720,2
blk_8354504436270521691,1
blk_5699756358408958768,0
blk_6877228455852000599,1
blk_-2071456919707338634,2
blk_-3408464434262389388,2
blk_-8738376043958576460,2
blk_-612770530589623106,0
blk_6745497947345683484,1
blk_-2752801037975161381,0
blk_5224707777839752695,0
blk_3207001413581596694,2
blk_-7127960066316015385,2
blk_27548015301671566,0
blk_-154152964325575417,0
blk_6128752543235635786,1
blk_-4634439818408631748,2
blk_-2025735800724185110,2
blk_-5153736876306593627,1
blk_-535356730222977952,0
blk_8118306845360264899,1
blk_-2631197873989888743,0
blk_9056592750807420850,0
blk_3037638270387155749,0
blk_-7892670399789274200,1
blk_-7702563305273576208,0
blk_-4729880783428374405,1
blk_-9195761002044864608,2
blk_567314301524238688,1
blk_9216027822061146985,1
blk_3067750841326868216,1
blk_8837078498691101493,1
blk_-2075408964704095136,2
blk_8766041518043577033,2
blk_-3860144868070411305,2
blk_-2799162364261280953,0
blk_8160268096354249942,1
blk_8151554589379490011,1
blk_-3846169931593303657,2
blk_-1848529241919844365,2
blk_804832521706127820,2
blk_3070394288562000197,2
blk_8292931358079066902,1
blk_8751977529982396662,1
blk_-2015105894468237386,2
blk_-2981860298816710561,1
blk_-6815411934517692881,2
blk_7373855636366949203,1
blk_-2024729433705119313,1
blk_-839826501593531361,2
blk_6773336432932063071,1
blk_-3979031417887798494,2
blk_8490981591607142068,1
blk_-1981388186580583819,1
blk_-625990164518299192,2
blk_-8007330875975585517,2
blk_-8242875785160027820,0
blk_-6502573455747602122,2
blk_6332715026918274653,1
blk_-2008466812484376173,2
blk_2096692261399680562,2
blk_-5577851644656474320,1
blk_-835438116992584984,2
blk_1694784607440106362,2
blk_8589534320256554863,0
blk_-1263632713419886951,2
blk_3970636432016012932,1
blk_3391432343500546096,1
blk_-3623844609045030146,1
blk_3215375781327994097,0
blk_-382936009020639353,2
blk_8721294543454274584,1
blk_-8374628286853656392,0
blk_5104017924305396469,1
blk_8985375940405940118,1
blk_-8459147247636655680,2
blk_-6067427244160825085,1
blk_3262604980243418351,1
blk_6630062340093065644,0
blk_8616700456362091670,1
blk_1605246138703874983,1
blk_-4677672494823870013,2
blk_8648593286686338902,1
blk_-8155126898042702473,1
blk_-4456642467733019551,0
blk_4696021225183629579,2
blk_8376302400524164897,1
blk_6242147405758045288,2
blk_5524651848183416550,0
blk_8301985470397963141,1
blk_-4420834998408873241,0
blk_8624352941929402194,1
blk_-7102916007785320845,1
blk_9053691299457743827,1
blk_-1671039622207487084,2
blk_-6119518171158915157,1
blk_3638873731417143632,0
blk_-5390299203385367260,0
blk_694854513866806991,2
blk_8696003226124334733,1
blk_1764159469754421012,1
blk_6470255489026689967,2
blk_-1223244182593234121,1
blk_4985404046913349931,2
blk_6458743615520074306,0
blk_8229303561868153387,1
blk_-3695521627782849288,0
blk_6560907963901042631,1
blk_4842613301884394742,2
blk_-8077786641112939341,1
blk_-9021493574360791226,2
blk_-2162576202850213646,0
blk_8934746470591811999,2
blk_9100952590115939151,2
blk_1218582069484387615,0
blk_8152117543897742065,1
blk_1521357405418954115,0
blk_8931775374547499337,1
blk_9027377314758302019,1
blk_-654392113856513942,1
blk_3608376740322928583,1
blk_-3067143874430536332,2
blk_9051809728697216750,1
blk_1625108697111936189,2
blk_8264505102865865630,1
blk_-5648641265825038822,2
blk_8866075993692694342,1
blk_7227757096182145953,0
blk_-4711871782535569830,2
blk_-8469922044468383817,0
blk_2513530581800668863,1
blk_-3313384105042164033,1
blk_7825884460925593368,0
blk_-2061107461208213451,2
blk_-5983277737998275487,0
blk_4120365941627526400,0
blk_-2769947040144951302,2
blk_4836886193461545934,1
blk_8497197021510612887,1
blk_2699942550968513028,1
blk_5283274003068854918,1
blk_-4587366287985357397,2
blk_5530523983338904827,1
blk_-6062914504495120064,0
blk_-6339629616241213030,1
blk_-6389024767113753827,1
blk_8847059727360033382,1
blk_3847175195592933257,2
blk_8906839415546866344,1
blk_1229664006299074268,0
blk_2570095292916904228,2
blk_7981495372694258118,0
blk_9063892169285685898,1
blk_-8125247427233932633,2
blk_8164277714512880815,1
blk_8813270173405967887,1
blk_-3863512975869299806,2
blk_2176058093759919578,1
blk_3143034735452677136,1
blk_5773449456261782468,1
blk_1535526104389994591,2
blk_943058393906343642,1
blk_-1306911033713366346,2
blk_-2604570321858647981,1
blk_9028126124252846550,1
blk_-7024201595617640983,1
blk_-1986796269573778731,1
blk_8621836416060146145,1
blk_8461044041177848052,1
blk_6547369788105078000,1
blk_9144161541089840745,1
blk_8398045678296253932,1
blk_8296230852796863880,1
blk_-5752385908209529620,0
blk_8850961699921360030,1
blk_7760064358254802538,1
blk_8988628109856603092,1
blk_-6457381953870395710,2
blk_-6298582944167530310,2
blk_-7554936814538507237,0
blk_-3676508543204803643,1
blk_-330512192316036781,0
blk_-2581140824474454543,1
blk_-49033180571994762,1
blk_3019019640570505992,1
blk_-1779562987368707782,0
blk_-1997540088020191050,0
blk_2782231623659908219,1
blk_4893321537326028993,2
blk_3907620519002497721,2
blk_9169347186137987633,1
blk_8602496359012842630,1
blk_5725458487476939795,0
blk_8188142181692395827,1
blk_-2410662021286832594,0
blk_8542648147308959588,1
blk_8394082747083537947,1
blk_-5853208101684516121,1
blk_-6722624687185190859,0
blk_8682503297142485483,1
blk_5848770392369085665,2
blk_7505820528095409811,1
blk_8874770445720943886,1
blk_-3521052861368836009,1
blk_4502923655959732222,1
blk_8141843150202787673,1
blk_-3699479520785415881,2
blk_-5627192011858619042,2
blk_8535945193170232873,1
blk_-4335971628228418705,1
blk_-2875612737941669820,1
blk_5783711815488840794,1
blk_3618448739028582996,2
blk_4715667984010840541,2
blk_-1366827285427492843,1
blk_1283348340457666561,1
blk_8381755577966404855,2
blk_8885371208355920271,2
blk_8589292951329959246,1
blk_-2171463619940780787,2
blk_9093004977777326726,1
blk_-935120890168984611,1
blk_2313280185287975654,1
blk_7377697237713982675,0
blk_5229240184982419822,1
blk_2416651879304095261,0
blk_8323931960216855540,1
blk_-4998581872566239447,2
blk_954811257776619679,2
blk_9164345825328850105,1
blk_2448043088424722759,2
blk_-4018891415027876404,0
blk_-159900687148058921,1
blk_5922602327554950979,1
blk_-7874992354000969775,1
blk_7226176149221431966,1
blk_-8805755931855731566,0
blk_6429121745702481909,0
blk_-8259936994796930474,0
blk_5326318530069290284,1
blk_8039823467858678533,2
blk_9070307145884998919,1
blk_9115312341304836820,1
blk_7061685677181380982,1
blk_8062900358005407653,1
blk_-5606554578549903199,0
blk_-5039149229458566782,1
blk_-4565307960876278320,2
blk_1137920036228421507,2
blk_-4184262965734141875,1
blk_-6050382212029535645,2
blk_-8240982197391664649,1
blk_-5058493312856316544,2
blk_6354065018399336489,1
blk_-890572541813667863,0
blk_-3240989659702502191,2
blk_-5216731224772621734,1
blk_8509955782298107904,1
blk_-8311845257979715141,2
blk_-4855422517404535735,2
blk_-7562932247789612253,0
blk_4392325660357871983,0
blk_9082270954877785441,1
blk_5762554729595453401,1
blk_8327206313618674630,1
blk_-2898084084770829946,0
blk_-6028720445391133344,1
blk_-8996166638546983944,2
blk_-8837572943483120450,1
blk_-7458245435417653181,0
blk_334800323339746599,2
blk_8570221041269580983,1
blk_8993378903813550922,1
blk_-5189038711815811993,1
blk_8396551645263736868,1
blk_8243115418049685740,1
blk_4847890081925812934,2
blk_8531298190762870723,1
blk_1174393151562766387,1
blk_1640527481363802410,0
blk_3421493409222410757,0
blk_-8295367154204221036,0
blk_1400568630802847291,0
blk_8319323512423029353,1
blk_-4290951414409686974,1
blk_8615534056534354585,1
blk_7374937473660307142,1
blk_-4155251049329083607,1
blk_8770826538596752688,1
blk_-6913388458570472783,1
blk_8930996215523480201,1
blk_8337226166059423434,1
blk_-5051955904797856183,1
blk_-3919387976132350025,2
blk_8863164562088434847,1
blk_-1445043551871319217,1
blk_-6357169463754351183,2
blk_-8032403191108756618,1
blk_189843740835318241,0
blk_8198625979956528398,1
blk_8292304981695165232,1
blk_1924200716238988298,0
blk_4225504063975160835,1
blk_8244251485921895513,1
blk_-6333619640384670080,2
blk_-2902153033968561171,2
blk_7927721312487705927,2
blk_8289912569877844030,1
blk_5611464178692907767,0
blk_-5569177083228170861,2
blk_8375633962533932144,2
blk_-1937424599889456866,1
blk_-6921945006915837418,1
blk_-7186382530409728837,1
blk_-485102439586014712,1
blk_-5859547450087831094,0
blk_-6622336641979077188,0
blk_6171397830308109000,1
blk_9003621419356147183,1
blk_-6777696914725393957,0
blk_278357163850888,1
blk_4285798189104561105,0
blk_-7428388837822016234,1
blk_849307856537384351,1
blk_2567187868032985913,1
blk_4533581993616616169,1
blk_7488855060251452169,1
blk_1650799887043004751,2
blk_-2990686858036929889,0
blk_-5041486608587735736,1
blk_3764859573050572870,1
blk_243548514812979804,0
blk_9122773597393286408,1
blk_5109959144359064330,0
blk_-6575380314490404139,2
blk_1669695457164967652,0
blk_-4725567418571190104,2
blk_8152562623485407682,1
blk_-8474742294169828943,1
blk_5487818474932714925,1
blk_6914121353028506130,2
blk_-6212731266046152720,2
blk_-5881983332725878069,1
blk_2345391833227200359,0
blk_2650492907344860627,0
blk_7901373355880005572,1
blk_-5987199237202236186,2
blk_2389067128905985754,1
blk_8955557319732740741,2
blk_-4389898970493602791,0
blk_-4396028634105276327,2
blk_-8959744053635987702,2
blk_-1423300804335918616,2
blk_6194557025836542152,1
blk_-8587672827570552567,0
blk_5625205180245966277,1
blk_7447838508080556612,1
blk_-591822499434019807,1
blk_2807291142570597968,1
blk_353009353467726725,1
blk_8134670044437384955,1
blk_6213175000896175690,1
blk_-4304286601821095292,1
blk_3668622167527645692,1
blk_-4904400547590618819,1
blk_8293803025629105098,1
blk_-6692358561716396023,2
blk_-1159287469209852763,1
blk_-4226141112617711842,1
blk_-1075076039196560209,1
blk_-4434546393212765676,2
blk_-6174303957871642553,1
blk_-4499492272426007812,0
blk_9132224857593453884,1
blk_8868106941010522145,1
blk_6619830600370418738,1
blk_8597562782454775399,1
blk_-4100448317752027826,1
blk_-2286884068659834133,1
blk_8242381673699890768,1
blk_-8931815819084216256,1
blk_-7551368799523102973,1
blk_-8910670605332658803,2
blk_8097564879082559325,1
blk_4094333942426986496,2
blk_6096311643620330722,1
blk_1557192956617545461,1
blk_1427775061685643812,0
blk_6046106982028406709,1
blk_8686401382491198120,1
blk_-7641118558923688759,0
blk_9027411545537058517,1
blk_-8725257134321381403,1
blk_4037529514678088087,1
blk_-1986424132931983405,2
blk_5183136306425634283,1
blk_-860237551972314218,1
blk_8239670469931309025,1
blk_9169585828319160736,1
blk_1957202921992586783,1
blk_686488363319168479,1
blk_8520477356994781265,1
blk_8886016133095082071,1
blk_-269135856807075357,1
blk_5975331490279868992,1
blk_7106611971993754609,1
blk_8082594146604295377,1
blk_8823728168387957296,1
blk_7606292494237075635,1
blk_4619854932159576007,1
blk_713647916818966183,1
blk_-4039164134377414503,1
blk_8353963113950991573,1
blk_8633122040036177184,1
blk_7713867032014790665,1
blk_2755236264523973139,2
blk_6942961426212949488,1
blk_8168970971430245965,1
blk_8892221565963068875,1
blk_9198591376250280513,1
blk_-2313584189427516304,1
blk_9201591223171152596,1
blk_-9118698712332049698,2
blk_-8676558558268900967,1
blk_8357695072530714808,1
blk_-121144343037519410,1
blk_8542944140256845408,1
blk_8028863323436891347,1
blk_8246232111557904498,1
blk_2033335830583491491,1
blk_1877206842059209018,1
blk_9101942982087725184,1
blk_-368342118142065915,1
blk_8649803402640590367,1
blk_9094648702883519761,1
blk_-7745230158852739221,1
blk_8846169782768598045,1
blk_5112001340707828843,1
blk_8703172145986803277,1
blk_4751552731914223784,1
blk_-7368552557721710358,1
blk_1314416386393864190,1
blk_-3925152232773628926,1
blk_8091075433387934252,1
blk_-4846280459238007757,1
blk_8736279171330014423,1
blk_-5485156819686576877,1
blk_-2317491384740800383,1
blk_-2148703141779886222,1
blk_9143859155191059265,1
blk_3352582811129901861,1
blk_-8334887661989208421,1
blk_-2603988850046624348,1
blk_2022903472693746773,1
blk_-7707695392995750670,1
blk_258824281537590528,1
blk_-1009284756580063377,1
blk_3422763609751864522,1
blk_-9187663735937625035,1
blk_-7840356060954070200,1
blk_8598554449292137296,1
blk_-4739921443039359236,1
blk_-4584148932819336064,1
blk_8382087002247876763,1
blk_9141468556859127580,1
blk_810866544036050973,1
blk_2966601188555895583,1
blk_-7296822778445897204,1
blk_9205178156268639640,1
blk_-6086721345457853807,1
blk_-929374322579260437,1
blk_3126660027015707905,1
blk_5152102564571205436,1
blk_-5288636179571088061,1
blk_-2211112733163961341,1
blk_-393879378439148036,1
blk_-8850599853208556419,1
blk_-8156491789882699931,1
blk_5012718910758124618,1
blk_-3064804815983593157,1
blk_-2892766790996831088,1
blk_5515350014856013879,1
blk_-140839372694771411,1
blk_7848073394789603326,1
blk_-7044492838806915206,1
blk_-7194828796358387211,1
blk_-1804426129397810336,1
blk_-5467766864605488648,1
blk_5504315691340835142,1
blk_7122358142732951041,1
blk_-2287190522942390466,1
blk_8505738838978296527,1
blk_-4934373914069954830,1
blk_74623038764341097,1
blk_9207307544525686447,3
blk_-8047783565747385719,1
blk_3814857950856648292,1
blk_8406844264869509970,1
blk_2583988860447340029,1
blk_8734825241846474519,1
blk_8973590052978388634,1
blk_9757074028102691,1
blk_-6352106329436376440,1
blk_8922322307316583481,1
blk_3662508997161823178,1
blk_8449324691093002833,1
blk_6883235224178828275,2
blk_8433479495183065828,1
blk_7989298959414081332,1
blk_7961328975616304793,2
blk_-7545409836474295473,0
blk_-8055737931085926512,2
blk_-4950468764536968129,0
blk_5611826472019620235,2
blk_-6098807179648561283,2
blk_-6031894704748472696,0
blk_1776022044993388012,1
blk_8402309860468067106,2
blk_-5443955384781986475,2
blk_6272611887573303632,0
blk_4227086598234201415,0
blk_-3807277723714846079,2
blk_8470870046526746848,0
blk_3946691018750197636,0
blk_-3967680211810835795,0
blk_6092450338764597361,2
blk_-4624372634617129980,2
blk_8108756579195654163,2
blk_-7960559154252350251,2
blk_-2617643461733293299,0
blk_-4662377295678406217,2
blk_2697153263424907613,0
blk_-4684899218675531478,0
blk_-2826907117266902386,1
blk_-3851414533904812591,1
blk_770531479322815885,0
blk_-1377816241829109371,0
blk_1179604578206388114,2
blk_-4098885912122998121,2
blk_-9116441911886980583,2
blk_-6084188923282618064,0
blk_-5852479261909563832,2
blk_-8502966947392791307,0
blk_7974860010735965887,2
blk_4047272842273234892,2
blk_5987393115421598313,0
blk_595348748534864113,1
blk_6989013304720779900,1
blk_2219725703168043613,0
blk_6887990512183911208,0
blk_2921131800553640617,2
blk_-8754581512216678860,0
blk_-7001469464040424176,2
blk_-1614889778760438090,0
blk_7822342539906560899,0
blk_-152459496294138933,2
blk_6005568262680655781,2
blk_-8776655918187594442,0
blk_5012126546471446468,0
blk_6775070561381979322,0
blk_-2792927016772005272,0
blk_2148716250094046886,0
blk_-8117733739027574535,1
blk_8543955788152073798,1
blk_-9075882000787538612,1
blk_404115376954829209,0
blk_-5397136783748160403,0
blk_-4629089844768773693,1
blk_-7325005960494540734,2
blk_8501957753609895085,2
blk_-3437479612881004723,1
blk_-8829536881065367654,2
blk_38873163488149522,0
blk_-3595648725687864838,2
blk_-2159786814941587536,0
blk_-624593662649007342,1
blk_-3270859038166798590,0
blk_-3016280455871315497,0
blk_-4570504902004458955,2
blk_-5578376443481838504,1
blk_-1013481023655112960,2
blk_-6643293347325258583,0
blk_660578675590867798,0
blk_52982050234241631,2
blk_-2601372232678172746,2
blk_-2029948329995721079,1
blk_-5232647334233637683,2
blk_-9004228558797198504,2
blk_6734357328215217507,2
blk_-1542512171551534609,0
blk_151458194873283466,2
blk_372235228309460058,1
blk_-4782397208216321522,2
blk_3331951376358937159,2
blk_945685325926552705,0
blk_4127811737640671260,2
blk_-6441742117709794738,2
blk_-8614398968796466697,2
blk_1344206156479987304,0
blk_4596773434159671513,0
blk_-6166990240842554250,2
blk_155150893753508904,1
blk_-5936483593358818192,0
blk_-7693817403508951094,1
blk_-6853018190171864496,2
blk_1116841566854231424,2
blk_3784703339574631118,2
blk_3928075872836883950,2
blk_-6241719624209231308,1
blk_-2139210019522280578,2
blk_-6416916479845437900,1
blk_-797385938217623931,1
blk_1609058299258913739,2
blk_6791589386722068161,2
blk_-8243822326092657063,0
blk_8557172101111875221,1
blk_4914892717375044107,1
blk_2215391808201681453,2
blk_386923373018084552,2
blk_1221755371193485910,2
blk_-9086784126641838005,1
blk_4935208783324374013,2
blk_5535866937251670433,2
blk_-3349289973286267883,1
blk_-5625600972323537305,0
blk_2928036912440676543,0
blk_-4278710181261060353,2
blk_3843260305349459648,1
blk_-8780535981104175902,2
blk_2745694159456340241,0
blk_-7150140213169610993,0
blk_5068290610854902203,1
blk_7559134070762608373,2
blk_-1704436047710695168,0
blk_6625185301229775631,0
blk_-2891376336168617787,2
blk_-241104653847856905,1
blk_5002262301983433999,0
blk_8481684471962016751,0
blk_-4132095264345662344,2
blk_8862473428814858478,1
blk_-4347981409988678685,1
blk_-8577628047324672412,2
blk_6726541698084486737,2
blk_-8321287245545895788,2
blk_-74292992477932571,0
blk_4016940688364094070,0
blk_-7718672769414974704,1
blk_4285553450129809637,1
blk_-7919284973701879180,1
blk_7395989519410205864,2
blk_-447124454967674421,0
blk_4082959047715770564,0
blk_5280170751445961898,1
blk_9139444617933965463,2
blk_-8068629352354112527,1
blk_-3362791918913622094,0
blk_5375203438441500570,2
blk_-495984076711191868,2
blk_8564012236391557714,2
blk_971772404122301304,1
blk_-1410996214401462394,1
blk_-2157583149323379412,0
blk_6081291981438318878,2
blk_7442579879502732264,0
blk_4014526766984986879,0
blk_-1738786175848903697,2
blk_-4235377248769409917,1
blk_-1332905442716744568,1
blk_3258686562634200056,0
blk_4271719541782679403,2
blk_4958804670939803065,0
blk_-6510980133483845443,2
blk_-2943176011280171546,2
blk_764636892057988335,1
blk_196275032082585026,0
blk_176562805217787104,2
blk_-2054847184084463317,2
blk_-3955510376925405778,0
blk_-3250516069373981791,0
blk_-4618186116163060590,1
blk_8843328736120314700,2
blk_-754357991506698255,0
blk_-6146314599282092243,2
blk_2389310917442476015,1
blk_7340356270679905425,2
blk_8217676083041366711,2
blk_-3114854384804304460,2
blk_3520243677890637015,2
blk_-8989934439125431125,0
blk_-2354461861052617696,0
blk_1656679012419313276,2
blk_5998890392785913413,0
blk_-1973470465586011467,1
blk_7727854953220579075,0
blk_-4552986673104742966,2
blk_-2322746576019495497,0
blk_1418139736332759562,1
blk_9100836002078795452,2
blk_-2418794814150809191,1
blk_4557489247357997865,0
blk_-7848035135190588480,2
blk_7042855536935821658,0
blk_-4399820600414052279,2
blk_-5898798932383124120,0
blk_4668448038032104909,1
blk_-681342758822935567,2
blk_-1712304041300518866,0
blk_3741706584503316902,2
blk_4558395506619486220,2
blk_555467611068144418,2
blk_8512486568302453295,2
blk_-8492358125062524557,1
blk_-3949277357447031040,1
blk_-7485295378729386989,2
blk_-3597281407932989336,0
blk_-4726707423776056173,2
blk_1561972787651068471,0
blk_5623018587789356359,2
blk_6704818707498119374,0
blk_6244992164292580606,1
blk_-1647655691949817240,0
blk_8235389274401824561,1
blk_-2085833810050709637,2
blk_8836985390831826114,2
blk_-8767050233022098336,2
blk_1707208709130790056,1
blk_-8317911971913233044,0
blk_-3073804867786203923,0
blk_5508123970361322859,0
blk_3569543379139551125,1
blk_3726298075840665354,0
blk_6401741433541395493,0
blk_852424284950974584,2
blk_4743809399045373054,0
blk_6514493014637550758,1
blk_-2200538110069226267,0
blk_6098319872433278075,2
blk_-8090912250364763834,1
blk_1523056049466310240,1
blk_2874580319712868532,0
blk_-111318226161848793,2
blk_-3809535437377441922,0
blk_8335945263120084738,1
blk_-7526938304052015976,0
blk_-6949676385543379913,2
blk_-5513002325290488359,2
blk_-562849762105737146,0
blk_4474138499004372280,0
blk_8232988695166315630,1
blk_-3797243824001506600,0
blk_-4014392925001710803,1
blk_-6752112233885123571,2
blk_-8237301270213423279,0
blk_2170955811077183185,2
blk_-2551360023750316248,2
blk_4863527407521503276,0
blk_6765908501302345697,0
blk_6658332306142131735,0
blk_-3918163485890372125,0
blk_5216130692485707389,1
blk_1131334964241125994,0
blk_-2685269722625066394,1
blk_403477014857954012,0
blk_4069553039505384779,0
blk_-1605751326946269780,0
blk_-4982260672470667216,0
blk_-8716384619551448727,2
blk_-1020948287494326961,2
blk_4155382262550331523,1
blk_-1106295109849879530,0
blk_-2635487376525549386,2
blk_8331230491973251887,0
blk_-5081842776228170751,1
blk_-4271902966024631430,1
blk_-478614175436513280,2
blk_-229856439072902778,1
blk_9056184301479389255,0
blk_-5605451720486292896,1
blk_485222643004837559,1
blk_7290566436639674160,0
blk_4052057153792739464,0
blk_-7657786884243179508,2
blk_5384008656679339233,2
blk_-6651321575826425793,0
blk_5740818021051937527,1
blk_-1710360808578302764,1
blk_-6929747128128314424,0
blk_-5711798859969092316,0
blk_6022842043407818516,2
blk_-1356923539041948275,0
blk_5417252239386011648,0
blk_-1139740110189509044,2
blk_-3726958197211261674,2
blk_7780261047727752718,2
blk_-220060049303712274,0
blk_1105864380523755645,0
blk_4497705577544395464,2
blk_1984181958955618462,1
blk_-3332229433847648618,0
blk_-9176444309925888532,0
blk_3869613401843154269,1
blk_2452865034530272980,0
blk_2937445538604409706,0
blk_-7759844810985242233,1
blk_-8909568330217325217,1
blk_-2154395832147005886,0
blk_-4165341949680592974,1
blk_-7393831784005284526,0
blk_-3412728853703264676,1
blk_6621195301409821177,1
blk_-6040371292695818218,1
blk_4083330530476238167,0
blk_-2649289658187081031,1
blk_7117728779361783682,0
blk_-4513298749951838836,0
blk_4810068091562938628,0
blk_2664221624579178261,0
blk_-5275062813061639784,0
blk_5717561865551828066,0
blk_5196209609415172917,0
blk_5334685009529738077,0
blk_7947313752205336563,0
blk_1021068792571084210,0
blk_-4600223678945630139,2
blk_-7929536567440912521,1
blk_-3854367317421411027,2
blk_8810869420895978128,1
blk_4541137951619105246,2
blk_-5645989281378011451,0
blk_2818843296159218966,0
blk_-3661881463166428296,1
blk_-2682038446419222905,0
blk_2850148088924785653,2
blk_-2946117151612779010,1
blk_-9206195404905607437,2
blk_8783198489530755930,0
blk_-8022655678450905941,1
blk_1904981051948779348,1
blk_4728851007554073361,1
blk_3461301893018158484,0
blk_-7769275519455989289,2
blk_-7197095290101484106,1
blk_6330422841477149327,0
blk_-3038150537028761239,2
blk_5881169045755362394,0
blk_6085320416698074819,0
blk_-6909051462507306272,2
blk_-809317505042936008,0
blk_-1118021908068853143,2
blk_534845986508894642,0
blk_4683294768573563522,0
blk_-2312186186742684577,0
blk_2812507615958193281,1
blk_-917308393541765755,1
blk_-4848832045072072179,0
blk_-5377583394961226545,2
blk_3465760609747421152,1
blk_7017260694140301525,2
blk_6679918649714812632,1
blk_1957689027659034777,2
blk_6813027070581738271,1
blk_-3982285095597477803,1
blk_-4054049875386910536,1
blk_-4446560665129318367,2
blk_-735659643880937920,2
blk_1823406420132221228,0
blk_-840723791446865029,2
blk_7540335091384503130,1
blk_6842400925449568660,2
blk_8889313337999913493,2
blk_845987540933759614,2
blk_8719195783634585917,1
blk_8956059284525525462,1
blk_-2313229146277852782,2
blk_5512660627232123984,2
blk_-7719011703354729576,3
blk_7466212817858295738,1
blk_9113094324444377341,1
blk_5046130764100003145,1
blk_5425843768979263329,0
blk_-8411101423864386523,2
blk_3946922974612926085,0
blk_7078050811006934153,0
blk_8958334536367616955,2
blk_-3754193874376662386,3
blk_-8081823467796603561,0
blk_7054436681294267872,0
blk_8227888859236279560,0
blk_-1154313373304210065,2
blk_-7301837526219852130,1
blk_5119082923941752150,2
blk_696784240534562662,2
blk_-4965184127922149078,0
blk_4426590899833488442,1
blk_-27706715190955553,1
blk_-6114109942148822863,2
blk_-2259756468274905472,2
blk_2598376070765762328,1
blk_1539273587681242412,2
blk_8617946374827439117,1
blk_-7281452938646067308,2
blk_8188103816139528409,0
blk_9218091593933700758,2
blk_7287235075087447583,0
blk_3878909874943190649,0
blk_465545296035793552,0
blk_8637491520029902295,1
blk_4262114295400190521,2
blk_-5166403784333928067,1
blk_-3852666904495564061,1
blk_570397355161662911,2
blk_3385105343852245023,3
blk_1707314394955652357,1
blk_-3907969898602620698,2
blk_8384493877718958077,2
blk_-2114868771873132779,1
blk_-6158136486786606144,0
blk_7632597702248609599,1
blk_-3005439975262780177,0
blk_-1511851983787381490,2
blk_-2727688151522559102,2
blk_-8509217014184253872,1
blk_3236905461153191742,1
blk_6832272955297740194,2
blk_-2661654445260210445,2
blk_-2693397787215393463,1
blk_5760391051658436046,0
blk_-438543337807596708,2
blk_-2967989659721867259,3
blk_-6519015568752933868,0
blk_2816613690376186665,1
blk_7057702030424138911,1
blk_-442206245201765013,0
blk_-663902454044489742,0
blk_-8042779880379006251,1
blk_2228804739584969578,2
blk_-3255272166489625549,0
blk_-8048188862311141249,0
blk_1826099112132580556,1
blk_-8229148900132150387,1
blk_6637009956362363962,3
blk_8577122683361285800,1
blk_2510910800952868218,0
blk_7098604916997730421,0
blk_5887160716172959739,1
blk_-1009207079038502874,3
blk_-3956273689809688021,2
blk_8849869965997183231,2
blk_7582432086636556112,1
blk_7900397200560512220,1
blk_-5941325171784605323,0
blk_-5508907219210927864,1
blk_5151990435553547057,0
blk_8887278125177891682,1
blk_854991629335912715,0
blk_5847215098661363982,0
blk_4546837967312313010,0
blk_-3921148415534956981,0
blk_2419438825076638425,2
blk_-6982582822344790774,2
blk_-7681175903816645119,1
blk_4685594412289814212,1
blk_6569315529776538952,2
blk_4483217253606066485,0
blk_2426127277203183376,2
blk_4581210340450035754,0
blk_-1679040113644505958,1
blk_6117366894350229081,2
blk_-4246348105811487047,2
blk_-5894984789814354857,2
blk_-5865563712618597484,2
blk_-8919518024769158150,2
blk_-7914825644009090772,0
blk_-2163427423521809754,1
blk_-7513723318777969837,2
blk_-6676204851460558685,2
blk_8621894156965843175,1
blk_-1633451012039995780,1
blk_-2006455661044570554,1
blk_441776882623539126,2
blk_465683206148971504,2
blk_-65852176492710663,0
blk_6986079198374183360,1
blk_-1936014969451989810,0
blk_-6399387366451929152,2
blk_6958372371005906893,0
blk_2453539602381561469,1
blk_-6416028208508256711,0
blk_4394685481481515517,0
blk_3843335850223398517,1
blk_-6796918558917862098,1
blk_4548076831395339196,0
blk_1909869273728088921,2
blk_7958406841578706009,2
blk_8419661094244469703,0
blk_3826732752219387857,2
blk_-8280841389336725318,1
blk_-8867499036909476385,1
blk_7995163103062839724,2
blk_7629963053748946134,1
blk_-5626899038053306707,2
blk_6828770300883156115,2
blk_-7353028392439450568,0
blk_-8308083270487925757,2
blk_3069040648950510937,2
blk_5596522550358343704,2
blk_-1224821313674893384,2
blk_-7484022525840975897,1
blk_2723945438567930404,0
blk_4339716986065872230,1
blk_952308109533031414,2
blk_6496415130830797458,2
blk_8047400179901794157,2
blk_4293328488784637019,0
blk_-404849926734830271,0
blk_-5327273644397727732,2
blk_9175537553827366976,2
blk_-6154313830842245770,1
blk_-8202470565652827661,2
blk_8723007059818079734,1
blk_-4932779878169097363,0
blk_935406133925640926,0
blk_-6460317387840048787,0
blk_-5797707120417261746,0
blk_1187872898126458407,2
blk_-3767920057574753898,1
blk_7433276328926113055,0
blk_-3010917563407806466,1
blk_-634036317802134621,0
blk_1001416486193211201,0
blk_3943422348626274689,2
blk_-7660100850927867349,1
blk_-6800369479424605935,1
blk_-6434833756098736649,2
blk_8443821911859675786,1
blk_-1452892981468116197,0
blk_-2981635085495510991,1
blk_6847817462363410344,2
blk_9017608835020002856,1
blk_-4824826558258882446,2
blk_7717722185090537989,2
blk_1484124527687665743,0
blk_506399080366518755,0
blk_189985379938500010,0
blk_3568203421162510478,1
blk_716540193453535510,1
blk_225702231534974043,1
blk_-5853394515914615462,1
blk_7271641788449462307,0
blk_3370145841237803562,2
blk_6010146091399789097,0
blk_-8371844870769294220,0
blk_-2133443660243218875,2
blk_-8269642496562944729,2
blk_2273334621242106674,1
blk_-3203881644294530555,2
blk_5666419033476210406,2
blk_8570660710651456265,2
blk_-699331167298197507,2
blk_-1532923758528948376,2
blk_-366178905625301409,2
blk_-7210448434327293976,0
blk_-1373766621912032031,0
blk_2552189167746760915,0
blk_-1252593943001490070,0
blk_3378935304715900289,1
blk_-4694443698862077032,2
blk_-6286121051879912987,1
blk_-8926209442553404310,1
blk_-4695035015924931859,1
blk_1932174861133486604,1
blk_3139272555321562416,0
blk_-5651183945847146166,2
blk_5630381218784391256,2
blk_-8016836798206112846,2
blk_6331185726865050300,0
blk_6585818637227037464,0
blk_-1305365838469287205,2
blk_-8202238802206116945,1
blk_6429102444330622792,0
blk_-2964660824914136297,2
blk_453772796728167609,2
blk_6278092707643713078,0
blk_2719462472781587238,2
blk_1298595524333915933,0
blk_5802826347085837515,1
blk_-6727496463957669647,2
blk_5489983670164561210,0
blk_-3043228897091259973,0
blk_-3973038582222673136,0
blk_307829882140964377,1
blk_6429533309330946719,0
blk_7979173495996264670,2
blk_-6483196516933829861,0
blk_4108298060143333089,2
blk_8516348879272449802,1
blk_5537885529063125176,0
blk_2494849874501428536,0
blk_852612730410686803,2
blk_1296707388223700864,1
blk_793145916758720006,2
blk_-2226011133225404237,2
blk_-4550823676755778307,2
blk_-4499852195048508449,2
blk_-6939734732904757867,0
blk_-9009591751046515085,1
blk_3790899075470330091,0
blk_-2525721779588456824,1
blk_-6535939061542232521,0
blk_-7594976866493982303,1
blk_-8925090451578951394,0
blk_2415072976525336010,0
blk_9047207447315409564,0
blk_8403104007132796247,2
blk_5105822949228925341,0
blk_6217940053216551446,1
blk_-3429705343599068329,0
blk_-6486462126011650657,0
blk_-2484228187230674820,1
blk_-8093204716653984778,0
blk_-5400999903123088251,0
blk_-5699292823584660641,1
blk_-2830583894120774458,0
blk_-8370017540010458317,1
blk_3364147244504644213,1
blk_8089014586180515825,1
blk_-3250974657572902197,0
blk_163246470573944720,0
blk_-4718384249097530964,1
blk_-877550382745004430,0
blk_3601483599077788753,0
blk_177294299274610426,1
blk_-6707139102159613446,2
blk_6648413342399866677,2
blk_6883038229547869745,2
blk_-5099506356770746709,1
blk_5120950450685649928,2
blk_3231304149867543879,1
blk_-5268950170019248329,1
blk_-7960385849915390413,0
blk_-8281653718492094987,1
blk_567992757943504293,0
blk_-4920554366026651398,2
blk_-6022063386909176503,2
blk_9172802364261573026,2
blk_-7468707802342380837,1
blk_-7235325865191263080,0
blk_461542855042685765,1
blk_-8324676953090118748,0
blk_44398250800392354,2
blk_-3059676390361035468,2
blk_3007985828687773784,2
blk_5309912058849329279,1
blk_1374542601767995438,1
blk_-5007888041983904920,0
blk_552190510414031624,0
blk_-3495182687434196935,1
blk_2892401576441345910,2
blk_7195425263943975392,2
blk_2175164395558396662,2
blk_2925265699380161403,0
blk_-2273184190524297089,0
blk_2079205970603376940,0
blk_-8349302256081184232,1
blk_-2083830646535960419,1
blk_1341767392059446744,1
blk_415143745146117630,0
blk_7545182916145157880,2
blk_3856514392260632824,0
blk_5977173536027948554,1
blk_-6461080161315659540,1
blk_-825466867823727650,1
blk_-6558676685875215068,0
blk_5642522046909060627,1
blk_4241081607048396948,2
blk_1726633583079685651,2
blk_2205807662335709132,0
blk_6487306881730128876,0
blk_5861040535556377417,0
blk_2877877173978641308,2
blk_-8459529269906065933,1
blk_-5883263578108059347,0
blk_7239423282574449577,2
blk_5299264741175268764,0
blk_5744596985528958428,0
blk_-7951770472644343746,1
blk_-1551013436749045537,0
blk_-3989198174215751945,0
blk_3664252131023958983,2
blk_-3403820706123169063,1
blk_1928475119827274132,2
blk_-8019363936980925082,2
blk_-8049405908401419352,2
blk_1914565751112860098,0
blk_4224031957780741322,0
blk_-4597129525662350407,2
blk_8282492529902660157,2
blk_491384483409972179,0
blk_-4875794781549050551,0
blk_-3951864039850517407,1
blk_-69798138733099962,2
blk_8665759265281187837,0
blk_1340637939534925227,1
blk_-8547169804741139439,2
blk_9076368596083780815,1
blk_2604902477303010354,2
blk_-5386970767713866370,2
blk_-4768285245013023749,1
blk_-2001722867648993834,2
blk_-3478660185342604657,2
blk_3693472505935268065,0
blk_-2159040797438619654,0
blk_-7898042022170550193,0
blk_3749638885303349798,0
blk_-1899008996854257842,1
blk_-8450645274189930703,0
blk_6095470598526466860,2
blk_-8271221907550777388,1
blk_7108461399778835809,1
blk_-4582954249306490809,2
blk_-3522377827189167950,0
blk_-7447948554604500491,2
blk_-4911887615563613012,0
blk_-6195713037686055134,0
blk_-9154971327311973523,2
blk_-177688280637630923,0
blk_7073203534232236389,2
blk_725033914467457195,0
blk_4543499092766245043,0
blk_2826030559466716719,1
blk_-801656827702122534,2
blk_5371224179652682170,1
blk_5104592373485934827,1
blk_9215619501037341339,1
blk_-3715786005507210091,2
blk_8136283920026763708,1
blk_-2681940597632059916,1
blk_-8023523925726093934,0
blk_6283357023619447385,2
blk_-3212506577755430484,1
blk_3985503797676758894,1
blk_6161516318035468957,0
blk_7510884741070118678,2
blk_9143765293303233994,1
blk_-5064286166620326525,2
blk_1586819352874547301,2
blk_8866273499066251815,2
blk_1675719383070878803,0
blk_-5624272597889110287,1
blk_5758152824603778265,0
blk_8209797687849297415,2
blk_933768460877990873,0
blk_7031371928575202096,2
blk_-2254555578889753458,1
blk_-7935449664291266651,0
blk_-4396798655394777634,0
blk_-166979451942086989,0
blk_-6518504391651439315,0
blk_-6108342177786957166,1
blk_5063877831365243026,2
blk_-2942077810471468030,5
blk_-2881263118111250842,1
blk_6928597686197583482,1
blk_843418983069568139,2
blk_8451960762770212708,1
blk_-3824065602438158326,0
blk_-5168559410379809803,0
blk_-8594719139574615618,1
blk_7709170671810846607,1
blk_8776141508825954539,1
blk_3007443556085421014,0
blk_-7312745606632083399,0
blk_2862731102368074431,0
blk_-4106318510866491039,2
blk_1290882409892634396,1
blk_9061925472135159783,1
blk_-4758868342679662770,0
blk_2298162104320157396,2
blk_-3305386412979530535,1
blk_-7412299947477667068,0
blk_338866520252482971,0
blk_-2706839664135453102,0
blk_-2797723886079940061,0
blk_1825321092983959489,1
blk_4249009639863005505,1
blk_-2680303611988788303,0
blk_-5902483087081804462,2
blk_2057162200061970174,0
blk_-1864459919114561963,0
blk_-8491965419341656449,3
blk_8381805726294576517,1
blk_517488889241183984,1
blk_7871312004935972964,1
blk_-1017453146862072685,1
blk_-6957563860605574652,1
blk_-7117926059026013773,2
blk_-1091957557446824697,1
blk_-2931993948906066216,1
blk_-5814086524840181885,1
blk_6499028007442668846,2
blk_8704262283564404685,0
blk_6665539557252913698,3
blk_3643592059749701639,2
blk_-9025254237316410471,2
blk_6274624041794183761,1
blk_-695899862066451220,1
blk_6989377882518604195,3
blk_-4057318646085465708,2
blk_-1512248873870587879,1
blk_1482455319689642560,2
blk_7901543610917894083,1
blk_2779194583242890821,0
blk_-6212579979935625626,0
blk_1279099170349841253,0
blk_-1277666568313769025,1
blk_-1462429898676395222,1
blk_123512507653635566,2
blk_8485634802897955525,0
blk_4222119598043410628,0
blk_-6855965911054112941,3
blk_-8219871489697458472,1
blk_-542401690619936609,0
blk_-543345839176246980,0
blk_-2595798762277385942,1
blk_8149047638317257350,0
blk_-990897484684845974,0
blk_8944810499861196598,1
blk_6257184676806733917,2
blk_4963876160013451028,2
blk_-443647939918839543,1
blk_8281841080297307461,0
blk_6088608598501869686,2
blk_4807757989457593708,2
blk_560570604404314115,1
blk_-9186980365616525855,0
blk_8703050682475625050,3
blk_-7726808210665791632,2
blk_2578540363059458824,1
blk_4521611750349082350,1
blk_7583233254349113406,0
blk_8747015025512290420,1
blk_-8573331131278716020,1
blk_7585413687821235868,1
blk_8367170317404288928,1
blk_841273497241360499,0
blk_8385520003844667647,0
blk_5919317577780517579,3
blk_5873922852822246481,2
blk_7545438816668634940,0
blk_-7318792058216931124,1
blk_1994415615971900757,2
blk_-2034199003205572356,1
blk_8368066831838818040,0
blk_-2571800628598950771,2
blk_-5389110599207301914,2
blk_4604432740901834463,1
blk_1185866611231693950,1
blk_-4964818656785297668,0
blk_-4469156083788004457,0
blk_-5835413058689662591,0
blk_6704413852589536931,0
blk_1148764347249240668,2
blk_5456406677750733136,2
blk_1375695367125685145,1
blk_4485066766119140641,1
blk_5029827588147494478,2
blk_-9035126601360274929,3
blk_3943152616785809300,0
blk_2941433756209890833,0
blk_-335512943900023769,0
blk_898365227339440801,1
blk_-8703054082916175791,0
blk_8013975826583151875,2
blk_8199742027439188550,1
blk_5917792998846766819,2
blk_103055916170191038,2
blk_1147931405528504520,2
blk_2085078540799435214,1
blk_-5215044145744618491,2
blk_3782601689695357337,2
blk_-3709821569659686539,0
blk_8068079515720481461,2
blk_-8711854707819478388,2
blk_8416619017818158566,1
blk_232278606706454125,2
blk_-5104007792746389101,1
blk_4642296837869582258,2
blk_9136888108718069106,1
blk_-49381680268985229,1
blk_-5109524869209803699,0
blk_-5284258729703218240,0
blk_-9068090272722741284,1
blk_-9127093905178414238,0
blk_2067114864290868805,2
blk_-6124852053732916135,0
blk_8040991963621441858,1
blk_6646217205204977815,0
blk_4297029905429642532,1
blk_7689606229046524103,1
blk_7061601857091807679,1
blk_-2154565925032181460,0
blk_4143098561989290057,1
blk_2876583148427256563,2
blk_8024968833701488375,2
blk_8507733310191565779,1
blk_8965421218503802566,1
blk_-3330374469765996234,1
blk_-264796931339823488,0
blk_-3027399318052066302,2
blk_-4470551927485402092,2
blk_1540989756366686438,2
blk_-2085551568149765135,0
blk_-75819800954745081,1
blk_-2760928598376271548,1
blk_5975573489179832812,2
blk_-6958758037020501321,1
blk_1392915017343960307,1
blk_-6034154819410657240,1
blk_-7810569349065615212,2
blk_-8177256604839268965,2
blk_-2699372231232450236,0
blk_8014876734077749009,1
blk_8868914713718928327,1
blk_8378721230245145281,0
blk_-194890857443112820,2
blk_-7581362406667028932,1
blk_8789884844952315471,0
blk_-5211883323629485799,0
blk_-5341518767122438161,2
blk_-7830087261379357291,2
blk_3349244925615213581,1
blk_2882635806740578065,2
blk_-7987594119174615384,0
blk_-7977334650964119955,1
blk_178112767931704346,2
blk_-4182550236871533037,1
blk_8788565503562530469,1
blk_2376470489622906203,0
blk_-4538641947576367275,1
blk_2050460308850640756,2
blk_5512463534398341633,1
blk_-4891946721242674564,2
blk_-647776141813460061,2
blk_-7742495345537909047,1
blk_8291583100261321648,2
blk_8114475085462065936,0
blk_7895707240020070613,0
blk_-7291633425768086458,2
blk_-8448857984629631638,0
blk_2668205183285489044,0
blk_-8608453576438523377,1
blk_9153498090919115089,1
blk_-9075041266883655882,2
blk_6559606053823168044,1
blk_8314206842687951482,1
blk_4533254061725671644,1
blk_8202429591178665008,1
blk_-8985136039189146656,1
blk_7701508013157931378,1
blk_9217669094222521548,1
blk_-8961228932706785034,0
blk_-2617569567780933649,1
blk_-2290878222727827167,1
blk_-405165337218587605,2
blk_-6260810991643369528,2
blk_-6443401356880555261,0
blk_-5559222877314131251,1
blk_290335649178810661,2
blk_3500319162986162869,2
blk_8717072267468231918,1
blk_-4451888874403502820,1
blk_5952867196996708611,0
blk_6259748723765522928,2
blk_-5630910375170486213,0
blk_-7467841259268988572,2
blk_2819740603479754270,1
blk_5730552310988776573,2
blk_6002322386494964906,2
blk_8650384132270790870,1
blk_1772477665495892854,1
blk_4080768172434277713,0
blk_8415071146989307053,1
blk_-6688189501872762039,0
blk_5647151668251091064,2
blk_2992543418547802056,2
blk_6759795958204398417,2
blk_9220264484457339243,1
blk_159963638793297761,1
blk_3959108323160968259,2
blk_-7056067640212527320,1
blk_8357809048707696288,1
blk_-4994045589947677535,1
blk_-3193087740586144088,0
blk_4764961530258865361,1
blk_-1880896150795811261,0
blk_-3252557230032956156,0
blk_-8833593259974730211,1
blk_-2786682823994579943,0
blk_-708742962317699546,2
blk_-2907801230764890447,2
blk_-3634517980114016012,2
blk_2619476710612983488,1
blk_-8336809332386893971,2
blk_-8272328057428434466,2
blk_4460259365337326462,2
blk_3391641649093277684,0
blk_3050642855880437763,2
blk_1210912766713674493,1
blk_-263502801523264421,1
blk_-7513509616427486466,0
blk_6824515985323126586,0
blk_-5516799194304319286,2
blk_690560859326469690,0
blk_789605266938667681,0
blk_-1950814260159934342,1
blk_-4397275276774729449,0
blk_6790271800320014250,0
blk_5259322765959800879,2
blk_6761532714510397087,0
blk_-811069936904477645,1
blk_6679229867622579057,0
blk_3080672003486811601,0
blk_-8142019468716166085,1
blk_6111883936672483492,2
blk_8411288744161592202,1
blk_-3936938023807476565,2
blk_7815378239731603990,1
blk_-5756559056038788287,0
blk_-8225146791777484394,1
blk_7030145302331799315,1
blk_9188308593588332373,0
blk_-5231112547085534779,2
blk_-6586353277594406689,2
blk_-734505675470044801,2
blk_-465250874866570326,0
blk_-443813336752965023,0
blk_-6629076342477243227,2
blk_4885736256823711033,2
blk_-1050539306216508795,2
blk_8367791625462110565,1
blk_8557832759482461674,1
blk_4709162705021706999,0
blk_4423773403510097745,0
blk_4270895007159198911,2
blk_7002469854991723145,1
blk_9053361956697310554,1
blk_-4553966428365971109,2
blk_-7002493404429384830,0
blk_-8213438001268608400,2
blk_3580528313227876291,2
blk_8117355442072215809,1
blk_8928546048935803847,1
blk_5137614401642454442,1
blk_8321699623275269543,1
blk_1120008972176789202,0
blk_4534539802254756454,0
blk_794627979630215804,1
blk_8184786860109161804,1
blk_8265600409964117043,2
blk_-6995222426623055327,1
blk_2300205311973847789,2
blk_7009186467700647318,1
blk_5621795404895243941,1
blk_339793858306363124,2
blk_8497363499618134437,0
blk_5714648135168567889,2
blk_-8253699821864022629,0
blk_2033498343892115158,0
blk_2365568999570551425,0
blk_-8941886405261189777,0
blk_8067162863848114765,2
blk_-5674154363962955901,0
blk_8115732552715194206,1
blk_-920392472462506414,2
blk_3979285085445334345,0
blk_5769860808329332261,2
blk_7024462080548771425,2
blk_444101286013024786,0
blk_-3484138154646298450,0
blk_-4252860056744968928,0
blk_7097745229171448190,1
blk_9098605519954113292,1
blk_271666501160839417,2
blk_5785346719213212762,0
blk_8655362588981430005,1
blk_-1595925383386663520,1
blk_4129108331672607244,1
blk_1057944680881046388,1
blk_4968108883625836733,1
blk_5981556721844825903,2
blk_-3311673876936600105,0
blk_-3950880431547243045,2
blk_7330313944212918062,0
blk_8238944862088726671,1
blk_6879845529450407288,0
blk_-6555327072448634805,1
blk_4649052150450768263,1
blk_8380380189477325937,0
blk_949954263876915773,0
blk_-3314235515524103435,0
blk_-4953528819847402037,0
blk_-8769673428715234002,1
blk_5364164608779740597,0
blk_9178484260564226328,0
blk_-5346117578159892882,1
blk_8536675281727984540,1
blk_7680843120489703007,1
blk_8251590063127595844,2
blk_-889609275046272401,0
blk_7125292695253242400,1
blk_8144076352106012507,1
blk_2841251640351657030,2
blk_1841589787448599322,0
blk_6497723989704591260,2
blk_7676870594302502272,0
blk_-9001846300148693038,2
blk_-4189681345558939951,1
blk_-6836292084236708801,2
blk_2284774539144045138,0
blk_-1245540596314189790,2
blk_3469942766157446127,2
blk_8218908929543016607,1
blk_-7144572636070509322,2
blk_8273881183386450607,1
blk_-6533458898210516405,2
blk_-835381715786197781,0
blk_8747600560347089677,1
blk_-1303355063504307925,0
blk_-4182390629219630931,2
blk_-6003724287229925716,0
blk_-7542105227540613712,2
blk_7008279672769077211,4
blk_-5540964363545950402,2
blk_3849121199623762417,2
blk_-7033695616149432560,1
blk_3163974910583837515,1
blk_2189616806076056370,3
blk_7450693742971683961,1
blk_8764266762356298873,1
blk_8828814086481251776,1
blk_-8503433549281680712,1
blk_-2032258073932377788,2
blk_7843897301030474737,2
blk_-9127076176266839523,1
blk_2774162103548286004,1
blk_4938845128458931432,0
blk_7398800301215609565,2
blk_-602243099383942130,1
blk_4493613983623546299,1
blk_8589618445790577353,0
blk_-6486714614940767660,2
blk_-750317830857494768,2
blk_-3826974775525298869,0
blk_8407740633807599692,1
blk_-6667419395820575313,2
blk_6389012871257569684,0
blk_1196677590810557711,1
blk_-3413196271020569326,2
blk_-6645790167981191581,2
blk_-5974670585151018741,0
blk_4107508529816939619,1
blk_-3777455916378866290,0
blk_-7787715926392757569,1
blk_189797128149425715,2
blk_8477865291379689459,1
blk_7679569212972436374,1
blk_-1688855547157549744,0
blk_2645168562559679722,1
blk_-7953094766460781035,2
blk_-2320371295609005000,0
blk_-1054011391689893176,1
blk_6487976172435657514,1
blk_5983006798728442046,1
blk_-7779826418035001601,1
blk_-2380322719154676478,0
blk_1421247224835818942,2
blk_6081567527634760395,1
blk_-4891625177110054544,2
blk_-3145745743683696700,2
blk_-8266956839135631201,3
blk_2095291244735082923,2
blk_-3235324493835873177,0
blk_1795987805607862036,2
blk_-6221187342276119598,2
blk_5436005453925091558,1
blk_5807565467896024442,0
blk_5152351198779662742,1
blk_4398502637040415225,1
blk_8342752978385670567,1
blk_-6342748197145120596,1
blk_8680232825605765170,1
blk_9018751463920492920,2
blk_8116153349204948534,0
blk_-2396392940919944021,2
blk_-3574152264538159167,0
blk_7343988212320127245,2
blk_-3162027577616664261,1
blk_6676985301448571975,1
blk_8839869583094447902,1
blk_8874955276590390119,1
blk_7399490341178658369,1
blk_8479806752543745900,1
blk_-8184585570019950645,0
blk_7728509743693866306,1
blk_-6168733238139350261,0
blk_8542945160746774511,2
blk_6669535247393916363,3
blk_8577825989309436837,1
blk_4065840282595098869,1
blk_-5378553738851882753,2
blk_3680585456255420587,1
blk_5831953153251007390,0
blk_-8472445748196172343,0
blk_7428200620024832998,0
blk_-651628466901320500,0
blk_-1978556255606268114,0
blk_9214873536294101325,1
blk_-765336755355275532,0
blk_-2529597461408476801,1
blk_-8674594310808495109,0
blk_4722694035288273480,2
blk_3288466185475317683,0
blk_583686115632387712,2
blk_8197714063795623725,1
blk_9023716494654158652,1
blk_-6144483106109829770,0
blk_8359009529179064498,1
blk_-172209826585653074,2
blk_1242818998950141947,2
blk_-2616645420443825799,2
blk_9102512765360507234,1
blk_6784303606170189424,0
blk_1320324210610609678,2
blk_5610206006723699273,0
blk_8488725168527977746,1
blk_2911506888231707531,2
blk_9175472514094625994,2
blk_-9068321281697210006,0
blk_-3315806526450168177,2
blk_-1672079723431228243,3
blk_-9139390120172868222,3
blk_-216621353744148218,1
blk_1060649900453870579,0
blk_8156709250431663669,1
blk_-1777743352508736546,2
blk_-8598230928552217018,1
blk_6171607854279662382,0
blk_-954039993714127462,2
blk_5122124384871320141,0
blk_-981323866964026032,2
blk_7448018988139153536,1
blk_-8012288620060064945,2
blk_4829164572755818641,1
blk_-2625989255486618090,0
blk_-3580823033423227206,0
blk_6206774857922237677,2
blk_7195479396753783980,1
blk_-7985675357362360023,2
blk_-8356838264563800040,2
blk_-2922123626350760953,0
blk_7519998031370546,0
blk_3742575810908601501,0
blk_8840239402126490809,1
blk_-5548103948110855964,1
blk_8195514490541913489,1
blk_-3172177652661838345,2
blk_-988220431301547585,1
blk_6786000552965578117,1
blk_-8282998525790892041,0
blk_8347538594348555851,0
blk_4151913329302235970,2
blk_-4752792453240979113,1
blk_-1580637285338904930,2
blk_4010936997666386560,2
blk_-7429238219178488521,0
blk_2242923827113326597,2
blk_-8011681817486737923,1
blk_6577385815786861531,0
blk_-7416981856644353056,2
blk_8957157770546670932,1
blk_8811773992876682195,0
blk_-850453891252628441,2
blk_-2001594418378020937,0
blk_-6535525094791349118,2
blk_-7981956777257738197,0
blk_-8044524884413684268,2
blk_5691731050270509816,2
blk_8995146590279388004,1
blk_-7116085884506658127,1
blk_5305461031284778548,2
blk_7430935863058292793,0
blk_-8119974979962302291,2
blk_-1832253639075929695,2
blk_-6720090549303981741,0
blk_-8094008198188118118,2
blk_1216010609386600867,1
blk_-712169285286714920,2
blk_-4140063625333983620,1
blk_-7284414209350397946,1
blk_8877980813843031963,0
blk_-5161904591518382142,1
blk_-5479517655325386062,0
blk_8745164697674344447,1
blk_6426687557859491601,2
blk_-5522376568159850590,1
blk_-2037411360240955048,0
blk_1907306695480404236,0
blk_2668186753371677320,0
blk_-9030120531487232601,2
blk_8865747562745146184,0
blk_-4786446273253541732,0
blk_1444112223103731398,0
blk_-8193838085451850616,0
blk_6305183433776688438,1
blk_-1918609342415438748,2
blk_4479820382284228702,2
blk_3275292743898793263,0
blk_8604864911152573318,1
blk_-8008498659705914184,2
blk_-3655961881392639595,2
blk_-4641478231640090464,0
blk_-5365520749356069823,2
blk_-3413376870254592963,1
blk_-1622449583181567043,0
blk_6325948911540975860,2
blk_-99278393515094932,1
blk_6838474437779677800,2
blk_-5996945416367023627,1
blk_2805248317913227771,2
blk_-2214763390329097996,1
blk_-6904982564969259838,2
blk_6367326695785983227,0
blk_3053231712287123757,3
blk_-1538900655598461368,1
blk_-8515688284294419876,1
blk_3406045191844164313,2
blk_8267106025383984706,1
blk_8904415928561775848,1
blk_7242314291446432046,2
blk_-2132062946940111052,1
blk_-1393052200046780437,1
blk_8398325026949583934,1
blk_-769396542630124080,2
blk_9178952839479514813,2
blk_-44689739733113901,1
blk_-8984276929706188826,1
blk_8230132282539603062,0
blk_-9059169858856809907,1
blk_8183914755536696703,2
blk_-4234939970595355773,0
blk_5560528295358247966,1
blk_8853300933096612209,1
blk_6944879810930994077,1
blk_2415622095534006294,0
blk_8616601669937726394,0
blk_9131640351725865160,1
blk_2957297329686054386,1
blk_4619833707775204498,2
blk_3539796524118759278,0
blk_1217381157267285745,1
blk_-153212374721387728,2
blk_-7490899806982578090,2
blk_-7071144349978634210,1
blk_8665338740243252787,1
blk_-6115475341600702139,1
blk_737665001793904936,0
blk_-134400261963190704,0
blk_-6682336184688762139,2
blk_9040173335548872659,1
blk_-5906045266084915587,0
blk_-6550329581403963206,1
blk_597605655027880712,0
blk_-7279093011324424218,1
blk_8898134333906522876,0
blk_-1879924334849474510,2
blk_2732875084444825581,2
blk_-5702408115323102212,0
blk_-4091441804629806488,2
blk_-6242199171747236147,2
blk_1887089008132902182,1
blk_6059612067852444026,0
blk_211509623633124715,2
blk_691196591292394,2
blk_-2483765552136360517,1
blk_-3484127240014506446,2
blk_9193869219664618844,1
blk_7133117991256728281,1
blk_6187362032033002031,1
blk_6158897772534081066,1
blk_8996799242456455488,1
blk_1585294552577778268,2
blk_2140063695315081768,2
blk_6269665183298529112,2
blk_7742747491130748357,1
blk_7256313041757803453,2
blk_-6412466506378358506,1
blk_1121977649698382558,1
blk_7804921017961099372,0
blk_9139341550656909467,1
blk_8640522092434339849,1
blk_5351022053936504243,2
blk_8306020498792651472,1
blk_-980958228032565109,0
blk_8053518032821334928,1
blk_-2402332771522232960,2
blk_-949486926257427609,2
blk_1608228073425061762,0
blk_-8951803834398371171,0
blk_1539602907889201864,0
blk_1056797384882540161,2
blk_6545853835798904240,1
blk_7054572419613474383,1
blk_5367545714697710506,1
blk_-8944206476640567451,0
blk_-1899837428749505067,0
blk_-5895498628164753526,0
blk_-6252804068148342630,2
blk_-7344016820541541282,0
blk_4272680228031961408,1
blk_8134797147698088439,1
blk_-1694641618021776357,0
blk_2638635959137373780,1
blk_7864083493660799434,1
blk_-4699383783563576672,0
blk_-3803698466091011225,1
blk_-1875324979733880761,2
blk_8889553807189507860,1
blk_-409536419685568295,1
blk_8754766463234290615,1
blk_8578232509017923691,1
blk_8975718954643926675,1
blk_5697770516071369663,2
blk_-8533041375178984277,1
blk_-8814459457231935144,1
blk_-2261572003162999330,1
blk_-389583390828400459,2
blk_3525408970288152419,2
blk_3730572477717588081,0
blk_2913732827828565429,2
blk_4614173183033883994,0
blk_8924424955007514979,1
blk_3028018915960982488,2
blk_9047962867338216332,1
blk_7940715598757724316,1
blk_8575561176812906371,1
blk_8163461308186071414,1
blk_-33271066798722654,1
blk_-7716493588056776950,3
blk_5524089584809579724,1
blk_7520905652840893211,2
blk_9204198101376364948,1
blk_5142621554770596506,0
blk_-1853816638798337892,2
blk_5295137460015857490,0
blk_7755245522906178811,2
blk_-5302031218116087975,2
blk_8778690542254370358,1
blk_-4841735642493852890,1
blk_439863989775907085,1
blk_8650849500810853162,1
blk_678943624502395454,0
blk_747434006139861238,0
blk_9130425776279626077,1
blk_-231977330022705055,1
blk_5718472814394212827,2
blk_-4791757581905677112,1
blk_2147673334368300156,2
blk_-4141911566051958249,0
blk_-5145029109915095753,1
blk_7024952765527042185,2
blk_-2409583950091804975,1
blk_8489191709484917758,1
blk_2073629213883465855,0
blk_8572759598275258608,1
blk_8947805822222050346,1
blk_-4969303299923717599,0
blk_8369903806697250972,1
blk_8514375271013148207,1
blk_-1668967574506009130,0
blk_-1698918145970800186,0
blk_2174973078682863102,0
blk_-1426012552973683125,2
blk_-3412007766643266605,0
blk_897032710934620733,0
blk_8563775826945231292,1
blk_4091833729151894583,1
blk_-505216965746787770,1
blk_8058375898220700406,1
blk_8564998656840635383,1
blk_7437273468863623697,1
blk_3734693833866492487,2
blk_1056727203517353035,1
blk_482686684218341061,1
blk_-6799204727253222070,2
blk_7745688254049680868,1
blk_-1607911154527619034,0
blk_7928763017498851666,1
blk_8354796962152054377,1
blk_-3528726131965651358,2
blk_1610405797307747456,0
blk_-8830523688629425873,0
blk_1040886769182900981,2
blk_-4562637512079794766,2
blk_-6431528625121178885,0
blk_9098425648091017554,1
blk_1076807980175802170,0
blk_-3320160494589015354,1
blk_9027966133851263617,1
blk_1432749146023179247,0
blk_213237339560859205,2
blk_-1030756172529551414,2
blk_3778032249093200179,1
blk_8072415692236325542,1
blk_8881439299255789204,1
blk_-3989380527709653699,1
blk_-577653647327427149,2
blk_-1067088965040665286,2
blk_8686910865303845086,1
blk_888285380154946952,1
blk_-3341501746710694813,1
blk_8213042711434594409,1
blk_9176190371223348485,1
blk_-812521205717898371,2
blk_1968340316320510666,0
blk_8655093577484099755,1
blk_7518108675597374814,1
blk_311903645232555460,0
blk_-641034946485677534,1
blk_-8328199132542872668,0
blk_7637905061668911833,1
blk_-2059583958339928298,1
blk_-3520703019389454194,0
blk_-623082821403407960,1
blk_8874013015076168993,1
blk_-7542083313394490284,0
blk_2779379770011129348,2
blk_1139214182590015718,1
blk_8789618321158175858,1
blk_-5372031002389881662,2
blk_7731212744257500316,1
blk_-8555185156565623123,2
blk_87936447034271001,0
blk_633114722569001588,0
blk_-2369183456809142999,2
blk_-1996541910244888862,0
blk_-6050167744719139225,1
blk_-5055513846313728481,1
blk_2830693646220526269,2
blk_7810455670134267747,1
blk_3652237036302677080,1
blk_591356175620080185,2
blk_9069130822344827695,1
blk_7319312664871001406,0
blk_1421160470312858386,2
blk_8197947359884151737,1
blk_7129613008138017686,1
blk_8504420738292229261,2
blk_8896636893730851752,1
blk_-7591292868303809832,1
blk_9112269304249619573,1
blk_2754769688095705925,2
blk_8109777695100867673,1
blk_8368842798257870513,1
blk_7994942541248337077,1
blk_-2443969402776872922,1
blk_-7535031402001834385,2
blk_2165598980773877775,0
blk_2720426046821789308,0
blk_-5459096209146340372,2
blk_-1861924941006761070,0
blk_-3144289580139712238,2
blk_8416113886592384117,1
blk_-6395054340594429547,2
blk_-9064266833023390503,0
blk_-3209875760272906778,0
blk_7793269414869162059,1
blk_9069072878483793581,1
blk_3857345707643184451,2
blk_5230937124358494615,0
blk_8615730595579088911,0
blk_-47182714384982447,0
blk_7395973664141639088,2
blk_121319710646414536,2
blk_-1302531210025649397,0
blk_8793299235396264740,1
blk_8221546597765424250,1
blk_-1703590667376894221,1
blk_-4408997359177208235,3
blk_7421466981272633931,1
blk_6064934229988562559,1
blk_7673231970705749404,0
blk_2552114471098990358,0
blk_7096531325809870381,1
blk_-1292829574001289165,2
blk_-8638801101186118935,1
blk_1200183192470914247,2
blk_2696831547332047711,1
blk_8939100211767327858,1
blk_8500863617906228241,1
blk_-7998535491381749065,0
blk_2859481145020512122,0
blk_-5218703826690935812,2
blk_-3002659929925092324,0
blk_8621839627868916093,1
blk_-955595850763689694,1
blk_-3220852960557857383,0
blk_-4816914182829879838,1
blk_-62548795827107227,0
blk_3119141036030230833,2
blk_-6504139132242915822,2
blk_6088923680681582445,1
blk_-3229295892377534829,2
blk_-822020323525387142,1
blk_-937169871811870869,2
blk_5468995424355755166,2
blk_-1932766043851894884,1
blk_1925747169931006019,2
blk_6600992837885715235,0
blk_6735037424566894894,1
blk_884844035066699774,0
blk_-3646517331515187756,3
blk_3130022782064809664,2
blk_902054593369745540,1
blk_-5749443055795222123,0
blk_-7281782260147491265,2
blk_-2819529124997317022,2
blk_6277371147967457507,2
blk_-154351130866804635,1
blk_729663668210058500,2
blk_1642312425915239312,2
blk_-3601763752669646398,2
blk_-4941131004643779805,2
blk_1292810909577773141,2
blk_-2609692495556089774,2
blk_-9198106308894346640,0
blk_5512608964366664731,0
blk_8560359902393263290,1
blk_3009462645610921911,1
blk_406000137081721246,0
blk_-31054648672528943,1
blk_-8733208158446205669,2
blk_-6829412380479184131,2
blk_9138189815581532682,1
blk_-2383685657846257886,1
blk_7590296981711426113,3
blk_-5510234811525269820,0
blk_4859848453962324728,1
blk_-5143073386603096966,1
blk_4655016672376322689,2
blk_6952756111073575858,0
blk_-1388948464379446201,3
blk_-7202840047152964689,0
blk_-7645539147302477296,1
blk_2469752530931673615,2
blk_-4526628413730394858,1
blk_-3350464880249430289,2
blk_-1371146277707831677,2
blk_8594433696457101329,1
blk_-8349929466232635736,2
blk_5289304902810267941,1
blk_-4721285160328351324,0
blk_8050244226203117187,1
blk_-4312827459018058724,0
blk_-6555814532534671005,1
blk_7836240427064499326,1
blk_5871117215596681681,1
blk_-797718786343919434,3
blk_3036603747764053369,2
blk_4563116793301824828,0
blk_7943448951091024917,1
blk_671894670137276103,2
blk_8325665548664970738,2
blk_8143778072848007063,1
blk_2738747602537752148,0
blk_-601760175133469122,2
blk_-416861396256441240,0
blk_8110719374064642444,2
blk_-5817157555576617084,1
blk_-3059209946954631974,1
blk_-1688765936563509015,1
blk_-6559375131108301029,0
blk_-6835100134971736371,3
blk_7233970817239624341,2
blk_9130749013017524441,1
blk_976488716749958142,0
blk_3544264386282012170,2
blk_8917977303683265620,0
blk_-6295374385213824853,0
blk_-6146701156017790325,2
blk_-3481064932113933771,0
blk_-6278530949172695911,2
blk_3589910721738655830,2
blk_1657411124077764356,0
blk_-5381722124631151345,1
blk_2332684999264937106,0
blk_-7318031207746384616,0
blk_-4071944855429596849,0
blk_-7342435610701460343,1
blk_8884000530704838654,1
blk_395161809935348333,0
blk_7889091959902502877,0
blk_-3358344017188401572,2
blk_8871633463338725282,1
blk_-6602070162835632564,1
blk_-4012885279836622168,1
blk_3040275310627686146,1
blk_4186616204323487007,1
blk_-6146484660075975026,0
blk_7466040826755767610,1
blk_5574416183735481367,1
blk_-880918019394790256,0
blk_9131213622745930460,0
blk_-4737183343191484393,2
blk_8853406539915067123,1
blk_1093986994245037161,1
blk_5832063502316824104,0
blk_-5272599823510354249,1
blk_-6317624611676612349,2
blk_8980501981904226310,1
blk_-6952475539655307671,1
blk_1175775250269939890,1
blk_2194818333452990496,1
blk_6200444178464387610,1
blk_-4110828189652550621,2
blk_-5248416386180249007,0
blk_1843836074473319478,2
blk_-2541811127449300102,1
blk_3073949077056584164,0
blk_-9102034078242749106,2
blk_7908771321560680309,1
blk_-4851365440704819987,2
blk_6890123691273719142,2
blk_-649193375382392295,1
blk_7168850772111881614,1
blk_4468499473126263019,2
blk_7515861502290169202,0
blk_5558240595946259872,0
blk_8242177754434939111,1
blk_-628818897022505353,1
blk_6759321488616121229,3
blk_5638631152338411399,2
blk_6603947115243217431,0
blk_-7838717305708826571,1
blk_2381542458125053098,1
blk_4209162266294929538,2
blk_6953793419346576685,1
blk_3192813848707969317,1
blk_7814484508541923273,1
blk_3204368503782780363,3
blk_6224895503786506697,0
blk_-1086253411811676364,0
blk_-2770185184384984454,2
blk_-3325575029521334524,0
blk_8601145745561593551,1
blk_-3404725172398660295,1
blk_-3070729470161030733,0
blk_5175324465367084320,0
blk_7863291953720079884,1
blk_9049863164616766759,1
blk_551152378862044110,2
blk_-8399455308297138256,2
blk_5791384311494953815,0
blk_8493889915483495891,1
blk_-1044032668463047581,2
blk_-5825642777945260158,2
blk_8616064752439084787,1
blk_-5835713970290016217,2
blk_-8307394838295171498,2
blk_4676538132306471800,3
blk_-7197660601083036093,2
blk_2559345275169549675,0
blk_-5525666367633898627,0
blk_7504641130214151873,1
blk_-5421838308412847180,1
blk_-613896194797702601,0
blk_-8801899026491036823,2
blk_5554545601752082347,0
blk_5566313493224723384,2
blk_-7267040957518144284,2
blk_4226760381264589341,1
blk_-6491133879567443019,0
blk_-4992142489380275774,2
blk_-7651698027699963628,1
blk_9100464758258986016,1
blk_-6561629995035830938,0
blk_3301428181171336056,0
blk_8280366670606588272,1
blk_277227478300116526,2
blk_8753069428043143673,1
blk_8958462207970357693,1
blk_-7705568986565402621,1
blk_3153008129828246997,0
blk_-8083802334231850351,2
blk_8739792171471203455,1
blk_3703211096265336789,1
blk_-5185093652238732133,0
blk_-8772930659615805963,0
blk_-8691098024860126014,0
blk_6923966575182588146,1
blk_-4316592794785892852,2
blk_5305859114251997440,1
blk_6262233689145972433,1
blk_-1780590609599091696,2
blk_2473666055746476585,0
blk_-4954296830577572669,0
blk_1373822691589348082,2
blk_1393356705575582322,2
blk_6762384037098660231,1
blk_2178658399103082102,0
blk_8158496247348511171,1
blk_-4916427477033481715,0
blk_1780927662527558413,1
blk_8359787124575741887,1
blk_8902400845113007843,1
blk_2360897282061639971,0
blk_8530712498527254275,1
blk_8854707710898376047,1
blk_6918636430270277879,1
blk_-2340762715153020477,2
blk_2749669745210823240,2
blk_-7549680091939345144,0
blk_-1583578640756720781,2
blk_3472252421463278335,1
blk_-2906204956193310917,0
blk_-1823925928090447272,0
blk_8033732579756996735,1
blk_2290923555028290920,3
blk_2935157324804064684,0
blk_5051612593774687037,0
blk_-7756027847160215782,1
blk_-2159573138302829470,0
blk_3739737135169277699,1
blk_8382500069144517770,1
blk_-875258379733599572,3
blk_8147201766183984064,1
blk_2021545633205519123,0
blk_7186005074148385826,1
blk_8473835466777453859,1
blk_405709007517827001,0
blk_-6093141450117918974,2
blk_4369520549499064822,1
blk_8395229788237403828,1
blk_1826112467180103611,2
blk_-3564539999393928151,1
blk_-4278638761755875330,0
blk_8514710845924480038,1
blk_-1520359220944218544,2
blk_7348572499393934811,2
blk_8327990107264021334,1
blk_-6554744969084233484,2
blk_8606262182309864566,1
blk_3446153521285539784,1
blk_-6643859642968796214,0
blk_-3232498598140645962,2
blk_8745593605934633390,1
blk_8751371316128210434,1
blk_-5818478081164015292,1
blk_8878784167411179610,2
blk_8160478979617043519,2
blk_7519153003865561452,1
blk_-3199811444108649906,2
blk_8768182913877648137,1
blk_7880097521907828401,1
blk_8928610723081189622,1
blk_-4821478774690973947,1
blk_-9001517650434565427,2
blk_7350767739034487609,1
blk_4820488330444951861,1
blk_6573662292691663108,1
blk_8399455727857719361,2
blk_2277273408542729950,1
blk_6603483811438767189,0
blk_-2881792996226746549,0
blk_3325501893268984304,2
blk_8640012991444498286,1
blk_5222451618639933040,2
blk_-3376012104142143415,0
blk_-4725868061668531969,1
blk_6956523386032984696,2
blk_-621252144812268436,0
blk_5180893677841415618,2
blk_9216586288937763843,2
blk_-2545119905451519072,2
blk_-2055065180623250469,2
blk_5609034888411432953,1
blk_8080134917603475561,0
blk_1295599578162726103,1
blk_8706736060472444258,1
blk_-5187342267391224953,0
blk_6209635558285014970,1
blk_-5235032545732506862,1
blk_-4533863779356982982,1
blk_-6943607399463520614,1
blk_5764843233336835008,0
blk_9023801774322989704,1
blk_-5328180479917693468,2
blk_-2676775799382121604,1
blk_-6864409266499875202,1
blk_-1125371826989137005,2
blk_1468176636734641819,1
blk_5750434027767308151,1
blk_8115456048796517250,1
blk_-5091347323258512007,2
blk_1403153480948151569,0
blk_6150039000635945079,2
blk_9214280434151316605,1
blk_-2845148218622163031,2
blk_-8051789177481131919,2
blk_8223229324414002890,1
blk_-7698741129402923347,2
blk_8107047540607272383,1
blk_8509543660058921853,1
blk_8237036827257530920,1
blk_1699469490310856220,2
blk_9005307345802680442,1
blk_9000771204998110874,1
blk_-4991984535238574135,0
blk_3656590592297179059,1
blk_1134153451028331858,1
blk_3912744753805922385,0
blk_5604349590179528964,2
blk_-7243055631630205782,2
blk_8514428182658451440,1
blk_9094645416903774658,1
blk_-2149866713838059258,2
blk_-8309320300090737687,0
blk_6598353830655776287,0
blk_9209203305668322710,1
blk_8773205518284318670,2
blk_-1365718673362516273,0
blk_-7798284514049087461,0
blk_8741059725075462636,1
blk_8525337284219979482,2
blk_8858905083822182644,1
blk_-7760577835852016716,0
blk_5015969830753693968,1
blk_-858005936132833378,1
blk_2476191238512954300,0
blk_-2530583772596553596,2
blk_-3025002600291007316,2
blk_-9221523313462138888,1
blk_-3209418630253680865,3
blk_6663061796355746439,0
blk_-2407656252376440711,2
blk_5156252129198929539,0
blk_8181119353716306719,1
blk_-4843126599229167155,1
blk_-4981734823394859326,2
blk_6096578195065914060,1
blk_-755543450601800113,0
blk_9137413275291568968,1
blk_113233588687800113,3
blk_1397664056033971938,2
blk_8547823310675924679,2
blk_-8691560853854141752,0
blk_8239323489440610674,1
blk_-5529699983784189531,2
blk_-2429114058148128420,2
blk_8636545757243824715,1
blk_2476689748046745669,0
blk_8045933636072624524,1
blk_-6535210219221134605,1
blk_8368634758637751306,1
blk_6870097225442868101,0
blk_-2513371168865366730,0
blk_-1990000294540962914,1
blk_-3066719961336102951,2
blk_6529250069925079887,1
blk_1722078413504336531,1
blk_4108999018696993248,1
blk_3610292639665143955,1
blk_-8607154604780526666,0
blk_379050469171138286,0
blk_-2639504445618849924,0
blk_4782495735255394817,2
blk_2734495208521079820,1
blk_775217232512048192,1
blk_-8283925056635640433,1
blk_-1778758753100658626,2
blk_7770299812845444097,0
blk_-7566981399811609226,1
blk_-5952271335713256955,2
blk_7067484481940517377,1
blk_4346488918018748230,1
blk_7281757242110641210,1
blk_8113034056798082091,1
blk_2871549856549947575,2
blk_703930956694558796,1
blk_-2417266332311890247,2
blk_-2774231280043304039,0
blk_-6761221531433302512,2
blk_-5691795107635013859,1
blk_8715273568631560123,0
blk_6832198495366871107,2
blk_-7598521095564280057,1
blk_-2546554492264619056,2
blk_8289670816529110089,1
blk_6453265278786416851,2
blk_4260229554240004501,1
blk_-6325765952973948163,1
blk_-8038996608655149014,1
blk_312766166255793962,1
blk_4430870594907558000,0
blk_7502117493783229120,3
blk_-1258461030960448108,1
blk_7909070701495001147,1
blk_2911559658498154103,0
blk_8541490362309287942,1
blk_-7607407592264123272,1
blk_9149074988619727961,1
blk_9082181832583846724,2
blk_-827989924235821163,0
blk_8341956404969090868,0
blk_8753850190800086287,1
blk_922505543180965646,1
blk_-1815885195779739708,1
blk_-2015500089175339579,2
blk_-7593397182065239850,1
blk_1264990085430840890,1
blk_8765497757030451941,1
blk_7859791987754887287,1
blk_-6923271046268140080,1
blk_8669830267799584560,1
blk_3508933566366192730,1
blk_6351352203988294338,1
blk_7610852520755842335,1
blk_9142549957341239787,1
blk_8526745667393974593,1
blk_8631694450708881066,1
blk_5313155712217185288,0
blk_8891019197806619386,0
blk_-7721656970810634670,1
blk_8920866151460959669,1
blk_-9223155031018917603,0
blk_7122577297857999585,2
blk_8585191539734158585,2
blk_-850491926419620957,1
blk_7583658544685702542,0
blk_-1763458234966419160,0
blk_7123193598233959701,1
blk_7937475623773260397,2
blk_8594083790371130325,1
blk_-6026726778243781229,0
blk_174462839939567494,1
blk_9196168655630883602,1
blk_-6396304584042861716,2
blk_7338706440973270713,0
blk_-1114078835903438913,1
blk_8085135783040518166,4
blk_7846541141124704457,1
blk_9090514259289206027,1
blk_3959135439548636925,0
blk_8700367367657448822,2
blk_8450429829847274214,1
blk_7329322015573794261,2
blk_3462001010377919970,2
blk_-4137867013321026572,0
blk_-7922832988415875616,1
blk_236341602215108434,0
blk_7586482809671812197,2
blk_-5307972637819483612,1
blk_6647419488493416397,1
blk_4765439733202476738,3
blk_-1938836486958157007,0
blk_4157240786334644423,0
blk_8776187785546312967,1
blk_3061634526039337976,1
blk_7473450757516839064,1
blk_-3279770024139099548,2
blk_-5508085352559639304,0
blk_7659200116995420625,1
blk_7385562702975684286,1
blk_767674629805629960,0
blk_6207909600663086086,0
blk_2422919360811368763,1
blk_8326323269767370691,1
blk_-7135795989976762650,1
blk_-6173743595029685073,1
blk_4704528965711799317,0
blk_-6871907441252277640,1
blk_8346244451847870880,1
blk_-1423865627792899781,1
blk_-7370148427155499641,2
blk_-656933000798684134,2
blk_8506145006510298778,1
blk_-1500920801329329022,2
blk_2625135576746548379,0
blk_7674800045116288439,2
blk_-2338121856452723625,2
blk_1392467323835417361,2
blk_-3922164663332754587,1
blk_8608835883649142934,1
blk_-5973334140192281409,2
blk_8524775081645338354,1
blk_-7080122325162174932,1
blk_-3720996780278232130,3
blk_200903582468954027,0
blk_6198447018022348198,1
blk_-8196125838515722657,1
blk_4642571410603956020,0
blk_-3292013154762113274,2
blk_-3358703681355624942,1
blk_523844484914450904,2
blk_4936400270527398177,0
blk_629288881900903315,2
blk_119122072885672509,1
blk_-2721181237517490110,0
blk_-810408661489996097,2
blk_1013007156676491129,0
blk_8706262614710946762,1
blk_-9073933901411087878,1
blk_-3089841382498066259,0
blk_-6148332517363021862,2
blk_-1505433512692687124,2
blk_6570889997316435841,1
blk_3158783453327631812,1
blk_5612331081570416255,0
blk_-7044543787618652969,2
blk_-7204463355612624262,1
blk_7368906459773705175,0
blk_8134836100353720548,1
blk_7592771314513151491,1
blk_-1053518478690257890,1
blk_8173876253744340102,1
blk_8415118150938605713,1
blk_-8218421792925284624,2
blk_8359755926868485387,1
blk_-2383172738421489980,3
blk_7997171763211470353,1
blk_-4945896927787305973,1
blk_3770063563961909008,1
blk_-6467937489576067186,1
blk_8179855411104787069,1
blk_-8898672607050193261,1
blk_-6197948041359680088,2
blk_5724503716718337946,0
blk_-5777554364587308607,1
blk_-5906789375672364603,1
blk_6690390688225908511,1
blk_8113696303882440369,2
blk_-6276154148415978929,1
blk_7458529122795453137,1
blk_6563208674103064629,2
blk_8274136613400155071,2
blk_1468958287869812471,1
blk_7675089494211178458,1
blk_4247031393056613102,1
blk_1719103566429939821,0
blk_3450732981231262606,2
blk_8958355328377083085,1
blk_7633159985777134452,1
blk_-1075128569856610423,2
blk_7772660107288943600,1
blk_-2414867029370206395,1
blk_-4438302738390785654,2
blk_-5676842491802658961,0
blk_-4787054359522401229,2
blk_1080857273392068277,1
blk_-8427157186346518866,3
blk_-1883552026429077985,0
blk_1011822031011736246,0
blk_-790585014566292112,1
blk_5210193631329477406,0
blk_-3231409100041065695,0
blk_4779352171466067852,1
blk_-5780183645340842775,1
blk_-8617962428868106103,0
blk_-514386670634968347,1
blk_-6852605512708978392,2
blk_-9117032904869564261,0
blk_-1860444909873763028,2
blk_9132263680218907127,2
blk_-183864140812086791,1
blk_4477661988563671946,2
blk_-3738622811339472186,2
blk_-816104042068381371,0
blk_8444107581442503074,1
blk_5352681013815463124,2
blk_7004418155414878938,1
blk_4783808470821443243,0
blk_-2014983811154945172,3
blk_-8595351743236278223,1
blk_7969125639734439866,2
blk_5927875368095670663,1
blk_8593839839954790717,0
blk_3801726460973997573,1
blk_7499191066786183893,0
blk_8734149061880276256,1
blk_-4328082549705733357,0
blk_3808879918036184144,2
blk_-8083122529227267565,1
blk_-2435667763935715361,1
blk_-1149207254705464085,2
blk_-8795114018551343238,1
blk_5392538771828690666,2
blk_5920164952920643478,3
blk_-35789986103495972,0
blk_7439212795117003065,2
blk_5830073872830459917,1
blk_8551874640890975503,1
blk_8425126422204732451,1
blk_8940363094872729375,1
blk_-8540822268838543019,1
blk_-1866426739936012886,1
blk_4897485730791094092,1
blk_7820948259385640597,2
blk_-1899454110064208743,1
blk_-448632643687858120,1
blk_-5643106835793836676,2
blk_-5902115631709651748,1
blk_3315536185958536309,1
blk_8021790648432717854,1
blk_-7413752531184956834,1
blk_-6425476823809933567,1
blk_-6216744670320615149,1
blk_7531776500189737766,1
blk_-5133268400712026063,1
blk_-7844159698601009745,1
blk_-8688594979764986873,2
blk_8565291968367230609,1
blk_-542726041597073407,0
blk_7616839486077096187,1
blk_-3510782037561031052,1
blk_8851911003950121734,2
blk_-6430078615493800015,2
blk_8486131247779487439,1
blk_6888884260561310973,1
blk_-1022121465581775679,1
blk_-4832547562770640289,1
blk_2440304086928405116,1
blk_6886995193342621083,2
blk_7117517537028727951,2
blk_-3704488036431249055,1
blk_4183600520043464189,2
blk_7511772639717971983,1
blk_8778872766281273690,1
blk_3790282059817055037,0
blk_7815095995249025016,1
blk_2766125663489425683,1
blk_3649900970777760149,0
blk_-4843692626595710839,1
blk_8645670186562524960,2
blk_-7532080652612746893,1
blk_528113552677255610,1
blk_2966659431557036648,1
blk_-7885177405694987740,1
blk_1956540255745847187,1
blk_-2835795782370124200,1
blk_3503552614475989101,1
blk_8652141522587754870,1
blk_-5531135002069543327,1
blk_-2893651572283989075,1
blk_5659449740199991180,1
blk_-5235014508722362454,1
blk_1867790078461510406,1
blk_4701905428905126328,1
blk_-7434527029195227790,1
blk_-4773844092259827068,1
blk_8811499013300019261,1
blk_-185355346960823719,1
blk_8394028607741276998,1
blk_413321268492238105,1
blk_8735226198662297372,1
blk_-8019468153254730235,1
blk_-537707753043118717,1
blk_1035867487275297460,1
blk_9146842121687262105,1
blk_8136667780614490003,1
blk_2418885836118545260,1
blk_-4686104752882961009,1
blk_8088780363440536195,1
blk_9104998009873411039,1
blk_-4376690347606181934,1
blk_-6164691015528020980,1
blk_8351506178782871227,1
blk_-1968810547291310001,1
blk_8898577418110156227,1
blk_8193793979351518113,1
blk_5678483308337211471,2
blk_8305330044595670869,3
blk_8331039915283648054,3
blk_-701924257856071885,3
blk_-7597453277224761233,3
blk_3900001933500140138,3
blk_4472485688782201763,3
blk_5511857923217309655,3
blk_-9158839064141039502,3
blk_7494519010608676458,3
blk_8170425582713356870,3
blk_-7286797545316311290,3
blk_-8590003046192319107,3
blk_6656921730278789549,3
blk_769664146071557667,3
blk_-8534754439051441594,3
blk_704066847611838598,0
blk_-7480387174428595459,3
blk_3570750915105748881,3
blk_-4141373313734378046,2
blk_-6350590369376434718,3
blk_-2379172928444977611,3
blk_-1191019459901968585,3
blk_3494391604644521336,0
blk_7221246348217161430,3
blk_-2805757019857331875,0
blk_8445743390796137132,1
blk_4286651941190704328,3
blk_7799574046086121742,3
blk_1436474901703202928,3
blk_4270828413110071858,3
blk_8207318386620197032,3
blk_-7177169719287432601,3
blk_5473540638763382613,2
blk_-4067514056050504706,3
blk_5963008994422029005,3
blk_-3470344790293298498,0
blk_7772665900908029993,3
blk_-1185439648061211004,3
blk_-1829749650577955789,3
blk_-3530301067936445915,3
blk_-8178334713387015260,3
blk_4297130052470608629,3
blk_-5619133773070773453,3
blk_5740444550458088851,0
blk_4710482107310352989,0
blk_-7967645196066806356,3
blk_8203008819447290324,3
blk_-4002164472236898723,2
blk_5976347345370067981,0
blk_-6286706589658841476,2
blk_1781214528469850343,0
blk_2604571517303365272,3
blk_8060465091365665269,1
blk_4098532420907418423,3
blk_519550606561414408,3
blk_-4762445710213858314,3
blk_7241447685725787846,2
blk_-1374105571361447432,3
blk_1655717928141047236,3
blk_6046425201128034110,2
blk_2897892500649029418,3
blk_7324488976584151236,3
blk_6801783422718456344,2
blk_-8184577140386133791,3
blk_8133939776207978471,3
blk_-578975758681481904,3
blk_8557090994340971856,3
blk_-6341853320884792737,3
blk_-3369374304863932377,3
blk_8635156319704060244,1
blk_-3003901101460530615,3
blk_-4824699030744830846,3
blk_2577662441422816060,3
blk_6509947647509591814,3
blk_7342620588561404210,3
blk_-5350236565898119622,3
blk_-2529925264550086872,3
blk_1928551265142576800,3
blk_2985365862905780397,3
blk_4317667344078211738,3
blk_-839166472695831412,3
blk_-6282628116144596368,3
blk_5662286138876005236,3
blk_7087056490567800420,3
blk_6841699930181626169,3
blk_8332836013426864517,3
blk_2743928369522963660,3
blk_-9174489212567093311,3
blk_-7269629076852288650,3
blk_-7338845516787764198,3
blk_-9153874885875877044,3
blk_-2859245243236360713,3
blk_-8544341398794587272,3
blk_4352573207451730829,3
blk_774240183804249218,1
blk_-3134800990340558479,3
blk_2403040832675443491,3
blk_-8632488927959646482,3
blk_-5727850177555687571,3
blk_-6844137418834770091,3
blk_-9033851894136788216,3
blk_-7670939467680792135,3
blk_3100899914167852168,3
blk_-2525342517951739093,3
blk_9221006514329176999,3
blk_6150043606336896402,3
blk_6708487134185141736,3
blk_-9134333392518302881,3
blk_-3450336243359041468,3
blk_-5583570275201930346,3
blk_-8510456226636258897,3
blk_-5472261376855329208,3
blk_-822509159822329451,3
blk_4916561514357667309,3
blk_2316306390693545086,3
blk_6445333501062648526,3
blk_7149239389719847653,3
blk_4199888984911130388,3
blk_-1661612380692685551,3
blk_5308570086872133219,3
blk_-5361615560337590259,3
blk_6145549793313661352,3
blk_8814519257118570248,3
blk_-4941871010319492056,3
blk_-8820954568171057585,3
blk_4886981711508113425,3
blk_-5295146217632899635,3
blk_-9213546006527160481,3
blk_4404047268080853484,3
blk_7235938446696055800,3
blk_-2565130857684426419,3
blk_-2590610949162933260,3
blk_-5224825050811248193,2
blk_-1730368564810727136,3
blk_8880076370881176208,3
blk_-8036113604580417247,3
blk_-934131032052865815,3
blk_1410718955471494909,2
blk_-2654069438438085446,3
blk_1338353874920031462,3
blk_247146588948104337,3
blk_-3961279861405391995,3
blk_-8817763954741188291,3
blk_4249584056820975077,3
blk_-4662259291637498912,3
blk_7631868996070427832,3
blk_-5846737189599356777,3
blk_1907660568110402188,3
blk_1704235708973385934,3
blk_-4766159235599770128,3
blk_4764123633640988916,3
blk_3791979416969151948,3
blk_5713646306640324712,3
blk_9122720022222323339,5
blk_5027598550182010059,3
blk_-3483184970751164993,3
blk_307873766972496113,3
blk_5453381360022687374,3
blk_-5364910179511236464,3
blk_5921169183768686750,3
blk_-7579971068403718867,3
blk_1330382372314872918,3
blk_8379543712678291246,3
blk_-8786451566978056302,3
blk_152768544543939676,3
blk_-3470809391014794062,3
blk_3879251304559149698,0
blk_-6719340187083078780,3
blk_2983443260453445860,3
blk_-3786266988990725597,3
blk_5725244995174809691,0
blk_-5626179808591363057,3
blk_7984608569090833658,1
blk_330362365968770999,3
blk_7410512132868111071,2
blk_-1587103702052638140,3
blk_-9101203741883272594,3
blk_8273738018961161449,3
blk_-2955048739489515794,3
blk_-5194303704636598445,0
blk_4463280562718269076,3
blk_-5057834626410636236,3
blk_3059547476746430734,3
blk_3456203377844364472,3
blk_7934591276440260829,2
blk_-101482901886772364,3
blk_-4523319474451920944,3
blk_-1276466269556026958,3
blk_1288900975920979519,3
blk_302291967122973257,3
blk_6357994656528980096,3
blk_-3171112530907549948,3
blk_3611561719050808766,3
blk_7187090537053434798,3
blk_-7977206848896834168,2
blk_-7120516832684104721,0
blk_-7921351475174322882,0
blk_2357868004461298724,3
blk_-4570781544367650630,3
blk_7841897044844904576,1
blk_-4483015661955200094,3
blk_8698381943396479640,3
blk_-366045391109872630,3
blk_8255830627861805759,3
blk_-2989729428216397969,3
blk_-4034227974316905164,3
blk_-4802929775654406944,3
blk_1402720201198389232,3
blk_2178929917074703325,3
blk_4783418570255982945,3
blk_6844499063576363008,3
blk_-2391694906915833098,3
blk_-5687177543871577991,3
blk_-6216910833330798978,1
blk_5263438019777051251,3
blk_543187071972768197,3
blk_1385214664176013798,2
blk_8398984411303750669,3
blk_-9222436454153579126,0
blk_-5872776768533179307,3
blk_8310213224152022614,1
blk_6324339204739206323,3
blk_-7543623263925790036,3
blk_-8997346229725395892,3
blk_-535348994676043969,3
blk_-2054500390166800366,3
blk_6180570355861203029,3
blk_-2832711951451802691,3
blk_-3879534836870203183,3
blk_8883421841578607942,3
blk_-8399249839666255711,3
blk_-3821945020684937805,3
blk_-3190678729032779327,3
blk_-6974969092976339085,3
blk_5799871869036460690,3
blk_6128709735798061636,3
blk_3311461718180475343,5
blk_8787388248503834040,3
blk_-3522262870293230149,3
blk_2553597453124688413,3
blk_-1344726170709691296,3
blk_2725068044394370502,3
blk_-3734253576594717561,3
blk_6313302833790328387,2
blk_9003644053871783214,3
blk_8859004482589058286,1
blk_6174121265803915640,3
blk_7162246307091465257,5
blk_-7410294927380908652,3
blk_5485386081173395027,3
blk_1654611257590636641,3
blk_-6426343385106696974,3
blk_-7582122153155281314,2
blk_670384005796125504,3
blk_-7951761398751154549,3
blk_803065027839971613,3
blk_3192474683044553552,3
blk_943866610587436,3
blk_7609952593403570191,3
blk_7774469051084782952,3
blk_-1292779714385604878,5
blk_2158956783647075201,3
blk_-8271764236244814149,2
blk_7640848092899808850,0
blk_4761258598349613019,3
blk_-5680831938026678689,3
blk_2884813675120864357,3
blk_-269600084928996800,0
blk_2146952812256915336,3
blk_3089979495311416152,2
blk_-4704314579310470217,3
blk_-7530415899313201403,2
blk_-8352803715965369292,0
blk_1562752253949986525,3
blk_-6010206389254619169,0
blk_-641932049883247595,3
blk_9148685705154305448,3
blk_-1122563289773001724,3
blk_8824666674803543321,3
blk_444027622638113082,2
blk_6205298803383215981,2
blk_8117278507689371218,1
blk_-96470350245144502,3
blk_5284983637277941966,3
blk_1007606047385213599,3
blk_9187317312273890726,3
blk_-3480144022999687131,0
blk_-4249072705510213112,0
blk_4123833541684540630,2
blk_8877627695479728149,3
blk_-6407791687720255553,2
blk_8516616325149469651,4
blk_-4747750248872964159,0
blk_945842064773478209,3
blk_-5973714341357657668,3
blk_3790030192985372013,3
blk_5667969852795481744,3
blk_-8167449067546836032,3
blk_-834345443043054152,3
blk_5902940968432121053,3
blk_-1040881767751886276,3
blk_2167152809957302014,3
blk_-8880272913356331728,3
blk_-1536733793604799409,3
blk_7334970159751736433,3
blk_-3907230373958118054,3
blk_153084339477229127,3
blk_596319641399143058,2
blk_-3565027727316252241,3
blk_-2131092855891707028,1
blk_-3521450904285938307,3
blk_-1790776470721503725,3
blk_-7640892331498869161,3
blk_-2675163805205524967,3
blk_3778232642917876181,3
blk_8356197230001974031,3
blk_1558192129233782487,3
blk_-1877795964140566716,3
blk_-6387529468525877724,3
blk_5211893634579866894,3
blk_-7613719536635591982,3
blk_7153672151513529038,3
blk_9113125642376994331,3
blk_6925510618189532245,3
blk_-3556217387175429661,2
blk_3861031900099743767,3
blk_1476319579521753727,3
blk_8453935154689795185,1
blk_8399486770364614250,3
blk_-8196123613368771191,2
blk_-6002421649066659845,3
blk_8837041067367761327,1
blk_-6290074745823717352,3
blk_-2897756829986813650,3
blk_-4075075609450140245,3
blk_-6853187259454676254,3
blk_-5605983133897142441,3
blk_-9122894905694991646,3
blk_8166543537433262180,3
blk_-8091346122819943050,3
blk_-5449254532899699442,3
blk_2324472002316974185,3
blk_4624850699562504714,3
blk_8350754796855449220,1
blk_-7635108772895064960,3
blk_8894334107354324777,3
blk_7465237338092329096,0
blk_859668537217019080,3
blk_-782567620550544501,1
blk_6240826200198017098,3
blk_2773678078530480677,3
blk_2520814053517564132,0
blk_-5941394313059121789,3
blk_4495602873708037722,2
blk_-7262842791736125362,3
blk_-3641865308891645066,3
blk_7636925956443522777,3
blk_-2177183134413689576,3
blk_-5535709489067953010,3
blk_5830002951863453191,3
blk_7002081970774525473,3
blk_859655297051247607,3
blk_8611895968067587958,3
blk_-7007110947671974311,3
blk_246663829294330577,3
blk_4852823742314207964,3
blk_-3367098329083550725,3
blk_-1471172609803136882,3
blk_855345798466393331,3
blk_9050456197296055738,1
blk_8182050621891540505,1
blk_8645832982630892964,3
blk_680637664680174372,3
blk_873731665256121880,3
blk_-542461171422619132,1
blk_663191886440936258,3
blk_-7672706959511718605,3
blk_5698368956687969461,3
blk_6499042008651917693,1
blk_-599877196026389752,3
blk_-3463325598216471400,3
blk_6866993893986726984,0
blk_6940475814906087277,3
blk_-3922613636663916930,3
blk_3978067691161400308,3
blk_2570325950588699071,3
blk_-6740241711634840127,3
blk_2669309072593253870,3
blk_-8555060920022864966,2
blk_7636508458938611983,3
blk_-6390745727898169799,3
blk_4578507653182406410,3
blk_-1049393539517890917,3
blk_-5538684428600719222,0
blk_5938108990888320466,1
blk_-7380901744009094490,3
blk_8508825815488188923,1
blk_9026081388125339020,1
blk_-8684598455431240867,3
blk_5499529204266915324,3
blk_3494673187609737788,3
blk_-5163676636433289233,3
blk_-3003419214367463948,2
blk_8690111168385984177,3
blk_-954187864822495225,2
blk_4291679364230049006,0
blk_2595420456867708127,2
blk_-8352783561990899745,1
blk_3889279449749280807,2
blk_-2597109910152355769,3
blk_7308858844099241561,2
blk_7651009953016899335,3
blk_270124655247355782,3
blk_-6311183778306128273,2
blk_7967177919441382366,1
blk_8595305244359949362,3
blk_-3076081398289434505,0
blk_2320477498691097561,3
blk_387577997753599241,2
blk_-4741784958315545128,1
blk_-3161300919893305274,3
blk_8848508140263999122,1
blk_-415188747317163790,1
blk_7923857582429090430,1
blk_8353167777213625466,1
blk_1172929742782709001,0
blk_7171224604121578257,3
blk_-7840481890253357733,3
blk_9022495020731189329,3
blk_8705444600791843639,0
blk_8632082717111348253,1
blk_-5732948319240737429,3
blk_-6474543604026437248,3
blk_1016489043593532427,1
blk_2045593751673300648,0
blk_-8515794472727519875,3
blk_2635333553210773726,3
blk_3273676435918684072,3
blk_-2312293989380250302,1
blk_9110362646316091393,1
blk_6013167881473036479,3
blk_7842073774878320282,1
blk_-6323623848873580817,1
blk_-5985024510079401042,2
blk_-6377779602054908186,3
blk_345268298643326085,0
blk_8670684812413917498,1
blk_8133021040609900647,1
blk_-9106661058963957843,3
blk_-1797465095805496411,3
blk_-2075534851919762128,3
blk_5586826125806271079,0
blk_-541183936860984575,1
blk_7966019996601313072,0
blk_5357055779179309927,1
blk_-7705821140978195070,3
blk_8085632516168283084,1
blk_-8723606469198655090,3
blk_8938581803595569624,1
blk_-8228009385958425968,0
blk_-2354026931071885092,2
blk_-7544216429107531720,3
blk_-1074455583801031054,3
blk_-9058526151754467419,3
blk_1527547973809656597,1
blk_1584773483853172650,0
blk_-8943611023041082317,3
blk_2716424679795726627,1
blk_-6604571421419792086,3
blk_-6404513961166403966,2
blk_-4727202077127942171,3
blk_-8610338082008383355,3
blk_8868262532179556424,1
blk_-639053239216208805,2
blk_-5668062838997453173,3
blk_7965899506979982080,3
blk_-7453729734121275770,0
blk_-6801985306916001467,2
blk_3295737872515632884,3
blk_7867768071437065903,1
blk_-3350883060522464628,3
blk_3704743609855223075,0
blk_-7386388261480701408,1
blk_-6826642401219283258,0
blk_7583131832632637400,1
blk_-972951869954036775,2
blk_7779552831681365084,2
blk_-3620184007985069403,3
blk_6414548340704380501,3
blk_3662382203901704060,3
blk_8104458125826039676,1
blk_1582145719747166521,2
blk_-1482770916523403527,2
blk_886048529914142779,3
blk_7373311326748452044,1
blk_-4264038503192190593,3
blk_6336045037045767814,3
blk_-7339415986980079777,2
blk_-7279764449231973178,1
blk_-8672139290151844882,2
blk_308591991910575329,2
blk_-3808660388498963440,1
blk_1072874268189499172,1
blk_4744759414405187497,1
blk_-7106324493096801490,0
blk_7828653746088885378,1
blk_-4978141191401792568,3
blk_-9060541879596316494,0
blk_3714164441243136257,2
blk_-5057408869195318440,0
blk_-4992124487297454271,3
blk_396389720280578426,2
blk_9147922508017029091,0
blk_7482015551363678934,1
blk_7473797116333788596,0
blk_9096364236352637646,1
blk_-7358027820336392916,0
blk_5042079024326489156,1
blk_8141865418437350906,1
blk_-2480147299766099444,1
blk_-3133323714706286229,2
blk_8382996173825198048,1
blk_3511519168656408231,2
blk_8897326596629029936,1
blk_-4543902713005942221,0
blk_4434376220167552271,2
blk_-2274589852445606279,1
blk_5823477737830577774,0
blk_5164412979061394068,2
blk_8726501658872170740,1
blk_2853554598812145527,1
blk_8656833636504944627,1
blk_5706009899463764797,1
blk_-6013487182389694822,1
blk_8058664179280880083,2
blk_-8118946386296215810,1
blk_1898755496624370574,2
blk_-4142399309988733425,3
blk_-3797374548863093047,2
blk_350630536916477405,1
blk_4457957945336968750,1
blk_-4352872217322589054,2
blk_-6673390884930800827,2
blk_5946386463833262243,2
blk_8735116521302426421,1
blk_2368394750117213552,0
blk_2973623913809992234,1
blk_5025122744026614590,1
blk_1530169125564737681,0
blk_4241879121507514828,2
blk_8286740651066526431,2
blk_8725199284366264745,1
blk_-1613511120621712494,0
blk_-681666799242649073,0
blk_-5737475225008247126,3
blk_-984997273603869506,1
blk_-3619734706575294693,3
blk_-4556654266196983075,2
blk_867149622679764032,0
blk_-878534062074347086,0
blk_-4427088735951140512,2
blk_8265244730718191323,1
blk_-6101776637120872977,1
blk_-1542406503276363451,1
blk_-7727130597807846248,1
blk_-8680683793818908437,2
blk_7351347925288208483,1
blk_3590242852307275637,1
blk_3939286219686894356,0
blk_-579703972458538457,2
blk_7724527280952635959,0
blk_3336051220755109804,0
blk_1341992898548648545,2
blk_-6594022068080569868,0
blk_7030864029699345907,1
blk_-7707247868575220446,2
blk_-6311926987556306457,1
blk_7940311323718933727,1
blk_8363455268795890445,2
blk_-3581539025902678804,0
blk_8716438613782604792,0
blk_4378645256411162470,2
blk_8163129323168555990,1
blk_-2264142960679050081,1
blk_4169973912256945622,0
blk_-5064907975914893949,0
blk_-1090282721344949557,1
blk_366297873593337281,1
blk_7501455265403424941,0
blk_8642212944893556725,1
blk_-2090113002995446609,0
blk_2930723666618358337,0
blk_8776901251248519321,1
blk_7862152122863944221,1
blk_3580374192963815215,2
blk_-2704267234838893892,1
blk_5410991635332940083,2
blk_-3886253666597226654,2
blk_-1945547556044644106,2
blk_8690944583481580061,1
blk_8508961413064452083,1
blk_-3995961230066029189,0
blk_7982193940539317320,1
blk_8958084612078887745,1
blk_6720040733591567011,2
blk_2239329595715656408,3
blk_3667537636235862098,3
blk_1224694864227587278,0
blk_-1495356512663778345,2
blk_7665376670323389181,0
blk_3403562783599621276,1
blk_3031153185027547848,3
blk_1037440836843491511,3
blk_7932319383703911582,1
blk_8186702159395470478,1
blk_7752063514394690340,1
blk_2479126037372872006,0
blk_7892512089437196598,1
blk_8174793042164778864,1
blk_-8677872514285360790,1
blk_-1174411343278146545,0
blk_-4715545735585530740,3
blk_7715755808451352227,1
blk_8752300758631579338,1
blk_2250112775528977572,2
blk_1324318585961748101,1
blk_2262085291650882708,3
blk_-4293299450590442906,1
blk_-2397319481944194921,0
blk_9044512413224431860,1
blk_-1223527104765373752,2
blk_-2316392385510876816,0
blk_-7107533573761371016,1
blk_-8704280557863987576,2
blk_289874457351815501,0
blk_8198414395809600400,1
blk_8816186948417355797,1
blk_-2186679724691456200,0
blk_6760214024955445083,0
blk_-4685587576550459095,2
blk_-7918922585982249092,3
blk_-4739754274564584588,0
blk_7861886284494173263,1
blk_8452845046760761774,1
blk_-5655522770262307749,1
blk_-2035713626112349879,1
blk_-8173066295295460110,2
blk_3901501681176024175,2
blk_8785857288187202937,1
blk_2667850971314692810,2
blk_-5531715484481228401,2
blk_-7584538485789690646,2
blk_8049541706188251589,1
blk_6872541794909661625,1
blk_7527979333198019045,2
blk_-6745110883206268063,1
blk_7946857578242413999,1
blk_8084694045488792801,1
blk_-162974493393334299,0
blk_1259483319111957657,2
blk_-6740856862165511195,2
blk_9167969729828872003,1
blk_1429669475270150512,3
blk_-1573522573150753830,0
blk_-6275131140370906490,1
blk_-2256534349015232960,1
blk_8669022613841903602,1
blk_8822367354748556905,1
blk_-5787629331389110813,0
blk_8318656814643090292,1
blk_8028673119326269084,1
blk_-1559477053524724186,2
blk_4373947217309220565,2
blk_-8546550333749752868,0
blk_2770641197125886344,1
blk_3299004469458274703,0
blk_3857368800593817488,1
blk_8721956434678592937,1
blk_7416382300599579425,1
blk_-2345699188302108853,2
blk_7680128378149214040,1
blk_8340190725657617992,2
blk_607803988635176297,0
blk_-3160425736251989622,2
blk_-7712434147205739395,1
blk_-4265234271799174030,2
blk_9095349436258991553,1
blk_2660262152220149277,0
blk_-6525013055308202875,3
blk_4930369182135028214,0
blk_-6127765096167393502,1
blk_6936886427611069990,1
blk_865744235393317093,0
blk_283901678262769199,2
blk_1033772616071233475,0
blk_5348450269326974262,1
blk_-8300041419219941915,3
blk_4913898616793466437,2
blk_-5831695185592346662,0
blk_1439556027908272637,1
blk_-3794935441407979230,2
blk_8144193914156153738,1
blk_-8953792703364885914,0
blk_-6475600883726423342,0
blk_8406312639618424261,1
blk_7509656979292793769,0
blk_8381604945512758958,2
blk_7051967717932583281,1
blk_2617338646773367712,2
blk_7199150132111025337,0
blk_-7945996439535585282,0
blk_-419149184680863448,2
blk_-7415982687720413306,1
blk_3292864774326747500,2
blk_7402519980063076293,1
blk_-4544847719434877620,1
blk_-6065102622342230730,1
blk_4364558937074676075,1
blk_1102735311308675356,1
blk_8892475663906819663,1
blk_-7016003400151219891,2
blk_8983305661660794877,1
blk_-1110970867808808364,0
blk_7898052064596281643,1
blk_-3269108632695343279,3
blk_-6367213993713881421,0
blk_5735647894047988332,1
blk_-6127581801979227943,1
blk_8644999873641606319,1
blk_-5067753010384189486,0
blk_-4796496142725125115,1
blk_-8827998855493041948,3
blk_8943463543219266917,1
blk_8807888007253870353,1
blk_8684337239469759114,1
blk_-6808546059777650283,2
blk_4298102681698831187,2
blk_6843015701671149623,1
blk_7822419241172800337,2
blk_8693745658422093509,1
blk_7676827589338767443,1
blk_-5286221243698317402,3
blk_-6326675633502446864,3
blk_-866499671632028485,0
blk_1923831405991511210,2
blk_6666046671325354050,1
blk_-6826100115245181681,0
blk_8706280628800674808,2
blk_-9075572899177740418,0
blk_-3009426399153180339,2
blk_-9214626072603923837,1
blk_8228458858525239742,1
blk_7160120931546408279,0
blk_-6730152931449105524,1
blk_4557329978816752902,0
blk_436325121056095271,0
blk_-940775269305322741,2
blk_-1556752514733323584,1
blk_-1930818780576388792,0
blk_2730016080934615712,1
blk_-1033546237298158256,2
blk_6023116652183409221,1
blk_-1697663701674554052,1
blk_8692968033377987047,1
blk_5344734478445798667,1
blk_3596967336567909764,1
blk_5540866088797954325,2
blk_8663668591927127630,1
blk_-7627447861885638930,0
blk_7143168768984269819,1
blk_2910957408622397211,1
blk_7318080435761028962,2
blk_6907407947041755262,1
blk_4768429261161387350,0
blk_4690101219411104590,2
blk_-3174321086986811697,0
blk_-1987890458622699972,1
blk_-4103205064657206802,0
blk_4862916656772402217,2
blk_-2061373813008008447,2
blk_6456148978944478207,0
blk_6694678553546347694,1
blk_-6491291394817977021,2
blk_5302933383145137855,2
blk_-2445798438255837943,0
blk_-6697927288980005735,0
blk_-7440198302592484808,2
blk_-1136679559297399331,2
blk_-5082458610128404517,1
blk_6351331301120749975,2
blk_3701468659503837314,3
blk_7224508415151554954,2
blk_-3044939419551207850,3
blk_-6038209388341109163,0
blk_-6556773920923472738,1
blk_8481750094690435185,3
blk_2104310883434933536,3
blk_899846296728196027,1
blk_-6475940806263991864,1
blk_2641710527218309193,2
blk_7871509301211445656,1
blk_-1745187673329721943,0
blk_-5336108450918538801,1
blk_8820495090659861403,1
blk_9004388971716358698,3
blk_-7122531335602174207,0
blk_4471565560282871840,2
blk_8352545958321634647,1
blk_-4115392658796989140,2
blk_1896783242675388497,2
blk_2118320314196721377,3
blk_5713735829662769985,1
blk_6458599508261625587,1
blk_-5792047924279676753,0
blk_8063978382970173719,1
blk_7617786233862846351,1
blk_1942337671246499655,2
blk_5172965233753564022,3
blk_575598487763480423,1
blk_1077096253336162544,3
blk_-4529908364297419523,1
blk_-9083190231791319658,0
blk_8275479918764501150,0
blk_-548549440977325419,3
blk_-2381117029278664526,2
blk_1434230698191351137,0
blk_3812523121999371839,3
blk_8172841905902242001,1
blk_8246144392978602685,1
blk_-4181536387010753535,3
blk_-5292747098378603785,1
blk_-8432475760190545988,1
blk_-7193775812930474292,2
blk_4380791769564903058,2
blk_-1904987576961266773,3
blk_-8280184923563889434,1
blk_-378886981407270391,3
blk_9079253804849871732,1
blk_-8918561637179978473,3
blk_8728666930679242085,1
blk_7015683649219995081,1
blk_-1196497141956267802,1
blk_1152180720641368253,3
blk_3131803997072173685,0
blk_-1249303667168131050,2
blk_-1227978477420226437,3
blk_-8002601613503603183,0
blk_1523685593483279429,3
blk_3908011982080605582,1
blk_-8895180794939034486,1
blk_8799611824548055804,1
blk_-1867554151377778029,3
blk_8718076773821563691,3
blk_8280974852793632621,3
blk_-3195725981159919356,3
blk_-3704404456914838826,3
blk_-6588322121033373703,3
blk_1000398159205030556,3
blk_6710848634060947960,1
blk_9053403394183598014,3
blk_8032226246020759194,3
blk_8682640889642129205,3
blk_948234821311834366,3
blk_-6388564547392448632,0
blk_3946874828951868829,3
blk_4479894216141452493,3
blk_-5783747832412912214,3
blk_4546946686289288688,3
blk_-1997208448081404465,1
blk_5748457160071658994,3
blk_-7493388406765369553,3
blk_1854535313135570869,1
blk_8805372327064853172,1
blk_-8170656270894818397,3
blk_-284853271349280341,3
blk_1094571457502851481,3
blk_-5513640508500780385,3
blk_711398692579493650,3
blk_-5757812018825857220,3
blk_-5635860671398225880,3
blk_-5863939690740976490,3
blk_-8493620874075260192,3
blk_-8070332857113825161,3
blk_-2517093058379343027,2
blk_-7425322081110270943,3
blk_7299387759753701808,3
blk_6861225714687761741,3
blk_8145061383134799293,1
blk_-9147347922101214519,0
blk_6513044530294604534,3
blk_6229880542357364160,3
blk_-251801448201424931,3
blk_-1304692535563054054,0
blk_6823557795386239548,1
blk_6672302326141988616,1
blk_-6544103722318305062,3
blk_-4698281115017839203,2
blk_-4186938068505224390,3
blk_-6753947077382480836,3
blk_4678096822599929669,0
blk_-7366737942450933840,3
blk_5567553259978292618,0
blk_1106981065462719386,3
blk_5911653601768785025,3
blk_-2173238811988470913,0
blk_-6340492491548251834,0
blk_4991142646117876989,3
blk_-4073844203428041555,3
blk_8683418933952560485,1
blk_4075612420384039974,3
blk_-5193519067549051253,3
blk_-1544784309250539864,0
blk_4912476073040629842,3
blk_3640418781208675405,3
blk_1105668821769643202,2
blk_3240721328400494914,3
blk_-547482420154342420,3
blk_7629672081778551658,3
blk_-6416512202554265953,0
blk_7045484742126112319,2
blk_6555265700471321073,2
blk_-7887534571942246570,3
blk_-5023155485964199388,2
blk_-7977001261993731436,2
blk_-8885262226169616328,0
blk_-6147313664148622076,0
blk_229616136806723820,3
blk_4922231339986627016,3
blk_6079191805210049465,1
blk_5687635163499452249,0
blk_8921374609411791103,2
blk_8250104112988882341,1
blk_-6734674857298513455,3
blk_-4122744455178867804,3
blk_4362162252350745269,3
blk_4755704966249726783,3
blk_2122673086016825998,3
blk_2554259425518533766,3
blk_-3697413696515132600,0
blk_5240632065631390212,3
blk_7915242011205185683,0
blk_963904426957071019,3
blk_-6325889808543303895,3
blk_-2222770289461422822,3
blk_-6763690746715288978,0
blk_-8669797986507852618,3
blk_50469904265347411,3
blk_6671765157689381129,1
blk_-8473224728058128094,3
blk_-1201605990827814213,3
blk_-716627413712735031,2
blk_6840344428923785208,3
blk_8426231508540624859,0
blk_1391243942319656878,3
blk_7437668535139550319,3
blk_9135407675197435306,1
blk_-4706656977674464829,0
blk_-5285132021094667425,3
blk_-3505370740533401076,2
blk_8744948007825102086,1
blk_8995709096442880345,1
blk_9175388788008788314,3
blk_5754001197165202942,1
blk_-5880084586396176801,3
blk_6772132811659433314,1
blk_8977339736179150741,3
blk_5951940314446438918,1
blk_198672059610731768,3
blk_-6589897088584483862,3
blk_-3753246489829803924,0
blk_8808777200987856233,1
blk_8810526725548259509,3
blk_-3295750507213803522,0
blk_4521282887926233039,1
blk_9155794368658100122,1
blk_1904677465408492507,0
blk_7976327462109800229,3
blk_-398652983670437467,3
blk_-8435300459413776348,3
blk_-8128667621915453975,3
blk_7084584707065352971,3
blk_7646925677904337016,1
blk_-1404597597206190797,2
blk_956110349654312915,3
blk_-8202295912542331809,3
blk_-7940535779834049509,3
blk_-7107879183339094317,3
blk_-6934155859147541945,3
blk_7209649493084301623,1
blk_1199404107571300326,2
blk_3330346922298364392,3
blk_5370142852388568065,0
blk_7981282258206680672,1
blk_-3428840588869415552,3
blk_6266676324173982363,1
blk_6380890306525289160,1
blk_8427254544368294426,2
blk_8479561290378594838,3
blk_-2852311242328324142,3
blk_-8421844483765266216,2
blk_7475411224736559720,1
blk_1484149836938056556,1
blk_1567672661223684990,1
blk_-4909391424474506547,3
blk_-1754614307437757536,3
blk_7277913897865642121,1
blk_173214282757474682,3
blk_8408080606186591000,1
blk_-2734991118803793513,3
blk_4297048942476032148,3
blk_-81414251439139733,3
blk_-6807962745372780977,3
blk_-5321814705263144235,3
blk_5121652455250621060,3
blk_4344931668659369580,0
blk_-8214947660601141600,2
blk_8984100706904000358,0
blk_2818011317480225902,3
blk_9181257092387158847,3
blk_7252977390592029463,2
blk_-6299349645169531932,0
blk_8292129349816328684,1
blk_2741965161086243141,3
blk_216803053061173797,3
blk_553099671786456974,3
blk_-929762408318651512,3
blk_-8919018321127605944,3
blk_7347529544781244034,3
blk_8783529621068494730,1
blk_-5110535268070606931,3
blk_-3141795293498089998,3
blk_6547606355637782856,3
blk_9213222644398971094,1
blk_-6115150937408356071,3
blk_2188903667231824335,3
blk_-8648930780120563534,0
blk_5896853410143429617,1
blk_1711713439105883625,0
blk_7422799721436596478,0
blk_2546175374875445785,0
blk_5584937934521027788,0
blk_5537999324837151448,0
blk_8884019972260708240,1
blk_3237837989239948925,2
blk_2526469856489399939,3
blk_8816044822883429005,3
blk_8836886530050728585,3
blk_-7533601165487375654,3
blk_5983930413476937408,3
blk_-908844531379499109,3
blk_5647546330147244068,1
blk_-3041780045701898768,1
blk_-973459474595611968,3
blk_-380161333869221262,3
blk_-9089699378044081926,3
blk_-6934602404136701850,0
blk_6830913071192052701,1
blk_-7783495270161784445,2
blk_-2577564740050142351,3
blk_-4635499141162458155,3
blk_-8795251065913957661,0
blk_8702894439974117241,3
blk_-1709078591405693566,1
blk_5327235675083531095,1
blk_6240020657057666020,1
blk_-5260566652773942600,3
blk_20600749373174877,3
blk_1763423430894029656,3
blk_382037638461829639,3
blk_4323782956137778556,3
blk_6950109237026585625,1
blk_-8219216007744438862,1
blk_5954463974552471487,1
blk_5963698527014848948,1
blk_7870505862050253523,1
blk_8484263349135952054,3
blk_5839236221302869904,3
blk_7648841107251665766,3
blk_7613312820553929634,3
blk_-2876241258825238131,3
blk_-8710304328203225515,3
blk_1744631284985875632,3
blk_7778523638748229744,1
blk_5928421175245521735,3
blk_6861776981849859756,1
blk_3123529609993550190,3
blk_-8019236076644491067,1
blk_8258379123792613198,3
blk_7133863357671553510,3
blk_97286877753308139,2
blk_3671962711654107830,3
blk_9115876864836084428,3
blk_-7903318087217828637,3
blk_8489585718859415004,2
blk_-7283274632634534662,3
blk_-2601198341395425767,3
blk_5374190098477703226,2
blk_5105148917843810051,3
blk_-773441937186510719,2
blk_4850795740151118967,3
blk_7345937411090818093,1
blk_-2228838059431146445,3
blk_6438740587494383802,0
blk_-1514827916214498292,3
blk_5795134877794050129,1
blk_8626108898809473394,1
blk_-284248052193671857,3
blk_-226461912330794216,3
blk_8580468626188960551,3
blk_7462331143349016031,1
blk_-5175697911062105497,3
blk_7444139959016934254,3
blk_-943340518071344984,3
blk_4896475238041302355,2
blk_4773901096166670369,3
blk_-6584476499984693754,3
blk_-2457850663280039213,1
blk_4127723053999939825,3
blk_6900913293365931508,1
blk_-3674542448865941382,3
blk_-6187805643750716361,3
blk_3899910214759604449,3
blk_3433568873464998730,3
blk_1893791533439338147,3
blk_-5665636672599861416,3
blk_-6440112961235368580,2
blk_8237261886390227838,1
blk_7499365205154231237,1
blk_3797570150309008030,3
blk_8469140280429317759,0
blk_8493348424032030380,3
blk_-9086090945607925945,3
blk_-2610256770731596149,3
blk_5106540296256101852,2
blk_-4397235567960546889,3
blk_-567921149745101248,3
blk_6487270888039167407,3
blk_-513478492544419012,3
blk_-7013076120485818145,3
blk_5703197246022264715,1
blk_-6452033632085825834,3
blk_-1217165843672841517,0
blk_3836948112336396596,3
blk_-3787582773999680141,3
blk_-2935745428140314215,3
blk_-4828483371988189145,3
blk_7352772543168163240,3
blk_323597634889677602,1
blk_-4200855316404582665,3
blk_8131385485080675446,3
blk_-4535157569613098118,1
blk_-6707627058918042609,3
blk_9092573201169973668,1
blk_6655934270802948551,3
blk_-2177483740946217216,3
blk_7929051914910747842,1
blk_-6090658469572548335,3
blk_8183796119856089033,1
blk_4082301579529063863,3
blk_5635787809342124166,3
blk_4460287719684222339,3
blk_3516659745098354366,3
blk_-6413175282344291194,3
blk_-7153505457199116496,3
blk_-7728839711652687100,2
blk_5856712022537566878,3
blk_-2746863406163228797,3
blk_7348407343777411490,1
blk_8746139427503550426,3
blk_-5655257806829114315,3
blk_-7805687141858206681,3
blk_7182000320127885020,3
blk_1741336079873745555,3
blk_6099372881748268208,1
blk_1865953191447352631,3
blk_-5302291385944353247,3
blk_3667151322157774039,3
blk_5846884045151323313,3
blk_-7926011642560066701,3
blk_-4946343128490781142,0
blk_7667132617121930924,1
blk_2704162158925451574,0
blk_-8033601290548789504,3
blk_-7421578568631823792,3
blk_5490635677725453743,1
blk_-8366337160962161967,1
blk_1139289635428624986,3
blk_-4452037987667938797,3
blk_2695634490352246691,3
blk_4475957310420284226,3
blk_-5148570518378131091,3
blk_8493100498254357956,3
blk_6961971354897849068,1
blk_-7545383382877785669,3
blk_-5865470123332559980,3
blk_4786089621216458393,2
blk_-1034641313644685794,3
blk_2506353058308083051,0
blk_5136044115041984083,0
blk_8195971747793577510,1
blk_1220047945946748284,3
blk_-6635826363101374077,0
blk_6748427810201911377,0
blk_-6681239807024831433,0
blk_-7645151707003145669,2
blk_6544576607394237766,0
blk_7717452252994011206,1
blk_-2872662739314644707,3
blk_-8210618699775853855,3
blk_3610288459753766486,3
blk_-9087262932483019510,0
blk_9209043668482415835,1
blk_2184035180498068953,3
blk_5359400960630036461,3
blk_7949084438119557564,1
blk_-8027386480989005881,3
blk_-2890623425239811280,3
blk_-8053673069183767612,1
blk_-6538891058531862642,3
blk_704713868087249375,3
blk_-356693838261750578,3
blk_5565912571222676538,3
blk_6915407519045582953,3
blk_8143508261046403699,3
blk_-6208344122304640115,3
blk_1392419255270965897,1
blk_-8023057939408558313,3
blk_-7489848911668760958,3
blk_7404670958682385273,3
blk_6678194020222639262,3
blk_2679774078131336707,3
blk_-6000942365300514352,1
blk_-2388785802757663160,3
blk_-2971880244366081390,3
blk_4900237127386502553,3
blk_7393183728358910653,1
blk_-1774809912694966596,2
blk_-4421998883571384696,2
blk_1525050457449017576,2
blk_-6234614610992184549,3
blk_-8633303580406340255,3
blk_-7035934466430008168,3
blk_6178246274786083013,3
blk_-3072320712427556341,3
blk_3743052710777954287,3
blk_-8582956546362047514,3
blk_-2133738246354307087,3
blk_3173311562131740481,0
blk_539272992836732852,0
blk_693296634649576753,3
blk_-3317433588311442721,3
blk_5968984106355808190,1
blk_-8437698583035232179,3
blk_-1481176543597566732,3
blk_-1845808155201008022,2
blk_-1936395097193758812,3
blk_-1519604253319482356,3
blk_7706762627013929588,1
blk_6431291615021754175,3
blk_8334675863089095012,1
blk_5063243870423830189,0
blk_6310437874563661732,1
blk_-4602916920024386499,3
blk_-7166852829180982159,3
blk_4055748641189666256,3
blk_9107906013425720603,2
blk_-6984265342565442000,3
blk_5374917714049803420,2
blk_-4756246137845802844,3
blk_3563925584251306727,3
blk_8261243647449972922,2
blk_-4335343669872654214,3
blk_-7074044825293504204,3
blk_3909212308531683032,2
blk_3724692514200365596,0
blk_6684947325131589040,3
blk_-3360359635107912387,3
blk_7253380891093890624,1
blk_-359537616433853887,3
blk_-2748179068428656625,3
blk_2698265434426124890,3
blk_-5589965118081465912,1
blk_-3487025161855295465,2
blk_-6263045572838908439,3
blk_-5474312956399193928,3
blk_8848074318379726606,3
blk_4866746436375036668,3
blk_8114960424849004099,1
blk_-41528573325001568,0
blk_2668830163598360993,0
blk_-6047704267746426223,2
blk_8535438078477916071,1
blk_-122762922255101149,3
blk_-7560428969941285460,0
blk_-2294462069272081225,3
blk_2553461867104220550,3
blk_-8144507997487479062,3
blk_9095218002367950937,3
blk_6762766518296007452,3
blk_4322355954534754521,3
blk_5111594007505474863,3
blk_-6212678299362822522,3
blk_3058460511482290595,2
blk_7275552610681444756,3
blk_-7321006822669944076,3
blk_4598350846161328467,3
blk_5819244047617582957,1
blk_1717924900448473762,3
blk_7379887289344298735,3
blk_-5308071080258053756,3
blk_8667431395212782417,3
blk_-5743293934434057521,3
blk_8551891729374876848,1
blk_-1262765270959122916,2
blk_6604728773479221839,0
blk_8127831813280305375,1
blk_5591623886060586842,2
blk_7946563636339111130,1
blk_7636957734955757789,1
blk_8583815423248642000,1
blk_9143425825556720969,3
blk_7776096471797690329,1
blk_6785597521135067362,3
blk_-6217673941038942838,3
blk_1720374673378191067,3
blk_6884526071806835308,3
blk_2139489144633435833,3
blk_6904640534364023907,0
blk_9069298448421972079,1
blk_-8122638974387556519,5
blk_5703131222242705609,0
blk_-4248018403723043783,3
blk_7411960041026482351,3
blk_6341329616969158079,1
blk_6307217272168299456,1
blk_7572752137561275197,3
blk_5288952564467520413,3
blk_-5770558494167297083,0
blk_-764842520721893215,3
blk_1879608954003420256,3
blk_4975514511129856648,0
blk_-2523011189434549202,3
blk_7354169227813880290,3
blk_2770448886542057411,0
blk_4177121142214938985,2
blk_281348649977453375,3
blk_-3569999894001658259,3
blk_6855621041236356361,1
blk_1375833768007236572,3
blk_-7310713363912567626,3
blk_-5372245733482727323,3
blk_-8592532472451135185,0
blk_-6653491261831763322,3
blk_-6648693720354583797,3
blk_7807651439837501516,1
blk_1985708466546456106,3
blk_7293616606906019305,1
blk_-4781436412242770319,0
blk_1731882498019314573,0
blk_7168792264343856790,3
blk_5309129999439895345,3
blk_6566626544455640056,3
blk_-8230166071158795989,3
blk_8480296503184420941,3
blk_2498541422794599695,3
blk_2578264303077054564,0
blk_4882584398695496787,3
blk_4432129819451124204,3
blk_9186241875640781721,1
blk_7945529119489797576,3
blk_5442850902996453524,3
blk_5659657678625109693,1
blk_1209905134869595015,2
blk_-3776713723945712264,3
blk_424791258013065790,0
blk_5067326377185315788,3
blk_6625799867947962656,0
blk_-2355029791483519283,3
blk_-2433779501180250303,3
blk_8214308878113213279,1
blk_-4331194387524846598,3
blk_-4162683784611445265,3
blk_-6018909213341932484,3
blk_-4267211133831041898,3
blk_5649271972264062694,3
blk_6313752709522893438,1
blk_-1975973397614921815,2
blk_2629708418686337470,3
blk_-5823383260498335209,3
blk_4291318145656161490,3
blk_-5002296501273261243,3
blk_-6570648889355188667,3
blk_7627173903279349207,1
blk_852324533538959530,3
blk_-5527379142250111104,1
blk_4225387062200903436,3
blk_-4776793855302651473,3
blk_-6016089134218712467,3
blk_8987704776229160529,3
blk_8280568043836410371,3
blk_-1225719761130455644,3
blk_-3004465496972697182,0
blk_-1715969172302273613,3
blk_-7470308661285569946,1
blk_5751790905890589720,1
blk_4571029522633603733,3
blk_-2526833798441848968,3
blk_7424703688108249364,2
blk_-6186615758588920735,3
blk_-7090745263603079629,3
blk_8824171478511605541,3
blk_7748582503395244316,2
blk_-2960077722173004125,2
blk_6437087645639078556,3
blk_2737300285716600009,3
blk_-1566923506523659022,3
blk_-3126349006538127012,2
blk_-8161422328642117939,3
blk_4414644179961808738,3
blk_8425679952075895954,3
blk_2027024852066927228,2
blk_7437453088199191851,1
blk_5270323956925935581,3
blk_-2044423680570575969,0
blk_-5598522917744263734,3
blk_5275572550878613213,1
blk_7739203788891033646,3
blk_7145733201652844454,3
blk_2597486752953940546,3
blk_6746891125794511327,3
blk_-7791063290605140801,2
blk_-1813557044270533275,3
blk_-7847688500862041222,3
blk_-1072345040223358803,2
blk_916015407612212971,3
blk_-7126229010765485746,3
blk_8115974950638302570,2
blk_-4677743237876385471,3
blk_-6924876194401344684,3
blk_1702271892792890086,3
blk_1874010307074894308,3
blk_7122460910286990178,3
blk_6452916532813668355,1
blk_9204149969329725788,1
blk_7673439162784153267,3
blk_-3669718697244075750,3
blk_-867498597214460203,3
blk_-2791411902400458764,3
blk_8553366700445586620,3
blk_-6836377952319775628,3
blk_797263375273454863,3
blk_482056686108128286,3
blk_-5184296304640269619,0
blk_-8770730663658024163,3
blk_5289696942874798101,0
blk_714636340229475841,0
blk_5900098862036866764,3
blk_8096036062417238862,3
blk_5644175816077029382,1
blk_-5193947030678121427,3
blk_-2680463949538895916,3
blk_8314178152199120976,1
blk_8353019247312686891,1
blk_8734733726834129185,1
blk_4456916653767480203,3
blk_6251008381486964406,1
blk_6232676081162470239,3
blk_-7452598050997941521,3
blk_297122020465744633,3
blk_6229154532651943549,3
blk_1713775507701547377,3
blk_7145204279083936425,1
blk_-1752491707529616148,3
blk_-8545984113978149956,0
blk_4046723686541387079,3
blk_-5997163437874538341,3
blk_6681024906598533900,3
blk_-7555000143579045029,3
blk_-212879379851735628,3
blk_-8472151784129484059,3
blk_-9178569792241143301,3
blk_3726486212536684301,3
blk_6314352663928059468,1
blk_148222757604265864,3
blk_-5720416270131558980,3
blk_-3313804920336937895,3
blk_6370639238245285653,3
blk_3262801690890853562,3
blk_3730636390489720702,3
blk_-6121726052003558602,3
blk_6539528613267923065,1
blk_7941066958067732033,2
blk_227385790568806987,3
blk_-2025444374149014902,2
blk_2041939528483770920,3
blk_-2010059248372062528,2
blk_5939047218031034167,3
blk_3969375516256881411,3
blk_5438004616990414649,3
blk_-1678018621343601788,3
blk_1989383238654769566,3
blk_-1814593744372718141,3
blk_3331834872146796071,3
blk_-2172835380696201868,3
blk_-809124579229349018,3
blk_8702645966464391457,1
blk_2551439694612023969,1
blk_-5871277045906236138,0
blk_-6442394521537090621,3
blk_-9091814562720130265,3
blk_-2973901243893087095,3
blk_-2949083927139864054,3
blk_-2069507335974630135,3
blk_8124348291413536085,1
blk_2797439581712079206,3
blk_393484080492133202,3
blk_-2666241601816983472,0
blk_-3595921879974333799,3
blk_-8712198768474595123,3
blk_-6944005629074930838,3
blk_6763370571584334066,1
blk_5680056508098731473,1
blk_-2418587637539096573,3
blk_8321243236616059836,1
blk_-2050680036790202655,3
blk_-2326684711351701284,3
blk_-6524920063845081398,3
blk_-5364455427408141299,3
blk_7319040062071396295,1
blk_1876652281387552446,0
blk_5037389940230840762,1
blk_-3662063708767804394,2
blk_7032263465035689015,3
blk_9133538753330037079,2
blk_8976810084627894474,0
blk_-174866290879609407,3
blk_6626454758224075818,2
blk_279052447871797446,3
blk_7914065564896525036,0
blk_1598851779650365034,3
blk_7507915719221132002,3
blk_-5460039402589229030,0
blk_1238648584657832083,3
blk_-594206205637055437,3
blk_-6858247803157524538,0
blk_6854434248176981134,1
blk_593203340211743004,3
blk_6869018447456516636,3
blk_2906729752092675040,2
blk_-3611012490557797714,3
blk_1202894379250029894,2
blk_54228475487369401,3
blk_3382458523663702923,3
blk_4773870309731918059,1
blk_8797604198749672894,0
blk_6162701285381056996,2
blk_-4864164818610750192,3
blk_-3700132493007044220,3
blk_8942486865292502579,1
blk_2661732030409671846,3
blk_8570621347414698415,3
blk_-167767603639381540,3
blk_5794946912754627561,3
blk_4075161709036730296,3
blk_816694311890575869,3
blk_6090394433010913538,3
blk_-3939490794729216317,3
blk_6167082354475539642,1
blk_-5628151823582296645,3
blk_-3054641344742798009,2
blk_1820678121650714745,1
blk_-2529205769496511063,2
blk_8098902285679445104,3
blk_-1851783189668914416,3
blk_1237873235418845166,3
blk_3663533240450687684,3
blk_2756921036181439171,3
blk_8972611305827962300,2
blk_8726545299624768721,1
blk_6011448445473957208,3
blk_-6639604693266567529,3
blk_2556292205766745959,3
blk_8162246819056315578,1
blk_7536840169866425131,1
blk_1702726893392760763,2
blk_-6604605070350500479,3
blk_4552648269614766121,1
blk_2783355208745751203,3
blk_7884477672424462642,0
blk_6021714391025070349,1
blk_8634650906998493779,3
blk_-8209445467541734104,3
blk_-8235760808115761865,3
blk_5968568873077259305,1
blk_-8154893533875682815,3
blk_3357812815180190772,3
blk_-6768118240129145561,3
blk_1584875356011163810,3
blk_7816876270735948154,1
blk_-4915975433903086155,1
blk_1688745690336219468,2
blk_4626786289213946728,3
blk_7731138884988840896,3
blk_-3356422588714994640,3
blk_-5157688251956192603,3
blk_-5221913589007829702,3
blk_2092443321497050156,3
blk_-5756777021922134896,3
blk_1860306388167628507,3
blk_-1698877491686881121,0
blk_-6169791508667032037,3
blk_841792676830934801,3
blk_8532374373806593343,1
blk_7318869530383392089,1
blk_-5468215092393969598,0
blk_5688846066650565838,3
blk_8941707168947090060,3
blk_-160539671998041520,0
blk_-8246990477734288866,3
blk_-702618009724393925,3
blk_1534711552298687467,3
blk_8712364908456355416,3
blk_-7187238348087104367,3
blk_6211747623209938399,2
blk_1848422228553492293,0
blk_6671134883120780206,1
blk_-1959701034153932261,0
blk_-8624033641479243410,3
blk_70222719038595623,3
blk_-2721014013493772607,3
blk_516909833647508764,3
blk_-5466622792143023081,3
blk_7653368769750971126,3
blk_-2927377996586846169,3
blk_-1234432054242752324,3
blk_2739297284459191336,3
blk_2486059398201695116,3
blk_-6820132316911481398,3
blk_2812627854698413854,3
blk_-6534561364591529808,0
blk_5547678120551799884,1
blk_-329560443316639714,3
blk_-2875117414035006768,3
blk_-6322707288748690248,3
blk_-7948982157334965077,3
blk_7872574506937249375,1
blk_-3566768386944303012,3
blk_4639596104785008006,2
blk_-6345024031808582967,3
blk_4292382298896622412,3
blk_-1330299732182917002,3
blk_-7778728779852844456,3
blk_-8375645018122679834,0
blk_-7295496520228982385,3
blk_8859532456937089640,3
blk_-9137722442806672784,3
blk_7348907595283462622,1
blk_4842380628851264174,3
blk_7960624053986374847,3
blk_-6194323008154106299,3
blk_-2482300805008200794,1
blk_7561146629290159829,1
blk_3744506657407721655,0
blk_5634507786572010977,3
blk_6919421546460056935,0
blk_-7416591904688162772,3
blk_-178318192141598556,3
blk_-4337839300141472477,3
blk_3488496132553314351,3
blk_-1738630507504774850,3
blk_2189669101340802261,0
blk_-1674519902739946133,3
blk_6575801101072904936,3
blk_-3414738124674831406,2
blk_-3710855970673163183,3
blk_7557534296554263270,3
blk_-540999710485847055,3
blk_1025955551596741425,0
blk_5059164399806081525,3
blk_7317929945264593944,3
blk_-5376668733472264687,3
blk_6151430111003723214,0
blk_5354913076093007250,3
blk_-6589180216242652490,3
blk_-5618873625517729884,3
blk_-4782991111596010689,3
blk_7407173068057788052,2
blk_6534226643497753487,3
blk_-6402166230404118186,3
blk_-6754137299355149052,3
blk_4103363414290027433,3
blk_6276139603228503174,3
blk_7323067205626439826,3
blk_-7509477729781958377,3
blk_-5807017255699548907,3
blk_-7888682088282678137,3
blk_3913374134303950616,1
blk_-1211781722321304892,3
blk_726715794460535127,3
blk_4003099561917171184,3
blk_7691031734648878591,1
blk_2603599708920361102,3
blk_8732514773828092932,1
blk_4966240420638082646,3
blk_-2926162423183945007,2
blk_-4258772009069141582,3
blk_1191524901712345580,3
blk_2875463291108007839,3
blk_-4762145710020003019,3
blk_851467630856123600,3
blk_6711665978901325696,3
blk_5642568793952542462,1
blk_-1316492016529708173,3
blk_-998488175175925240,1
blk_-2141394089672858193,3
blk_3484216171476178142,2
blk_8468617696387184430,3
blk_1211452123704157774,3
blk_762413083832578999,2
blk_7039397465047335354,3
blk_1062697897485558049,3
blk_2944081537561523757,3
blk_8411575722358447630,3
blk_7928984070069354526,3
blk_6913956746442240254,0
blk_3662262632797031074,3
blk_5746587370656801193,1
blk_-8103011405238882552,3
blk_7191038126559530946,3
blk_7982559691682033683,3
blk_-1161730230107394325,3
blk_-1680437100969589118,3
blk_3812373215930188310,2
blk_-4339585936735910263,3
blk_-6578968406088985150,3
blk_5398983753290922793,3
blk_-6347907684802643160,0
blk_2257904865158410145,0
blk_-8915380805664218410,3
blk_1197783944429917327,2
blk_5423068519686778973,3
blk_-1918153991455283811,2
blk_8814243306550388868,3
blk_3212469179042702177,3
blk_-8806663198880208724,0
blk_-4959007020418413879,3
blk_-6853524982237060772,3
blk_-5311492015514039917,0
blk_4305616993553069387,3
blk_-2310780939390469450,1
blk_-8794068254940250043,3
blk_-1775918318323367386,2
blk_7025603709805860232,1
blk_8161872843588335662,1
blk_-8915622891600976714,1
blk_7291561023946375734,1
blk_8595185478247498108,1
blk_5913515353721084622,3
blk_7488172145871499569,1
blk_5421739088268525018,3
blk_4325047027851215894,3
blk_2859857232756847937,3
blk_-613411939027250660,3
blk_8523949860006906607,1
blk_2711184988991466059,3
blk_811530635042885826,3
blk_7148528914496512028,2
blk_444284921155441624,3
blk_-2369467316913880127,3
blk_-4514191201605584059,3
blk_-5902187918037460065,1
blk_-6530845611284257533,0
blk_-6951086989197136797,3
blk_-8390876736801322809,3
blk_7621070131484025388,2
blk_5741450266990020425,3
blk_-2727874350833384101,3
blk_-2047211275328440481,3
blk_-4240289192677121299,3
blk_5621907375887314213,3
blk_-8376597951950739599,1
blk_3392114575094615405,3
blk_-2616378424348553360,3
blk_-8225552824339962695,3
blk_5488525184557154951,3
blk_-2061041271561298045,1
blk_8733207307274707905,3
blk_-493804294194458365,3
blk_-9175019646774035758,2
blk_8833845968529616933,1
blk_7788680243506353239,1
blk_1913824175079070137,0
blk_-8760586164991887412,3
blk_6093314654119807233,1
blk_5148151128480935440,3
blk_-68359330973979453,3
blk_-8189229690552753189,3
blk_6308260448312097803,0
blk_9135484207943551399,1
blk_-3721281460383340358,3
blk_1756386157744563844,1
blk_7659024277994477702,3
blk_8520238754901860870,1
blk_4816752760217738411,3
blk_6151327348800741131,1
blk_7739024702399551250,1
blk_-4647007782444386662,3
blk_-178307654062290873,0
blk_4832637790354680617,3
blk_-3084430007073809929,3
blk_-7242831172724860329,1
blk_6397947324808565946,3
blk_-945783660844325927,0
blk_-7934528381775475940,2
blk_-349086028036785104,3
blk_5056318068122745163,0
blk_-5749960515765157237,3
blk_-5847169327057651195,3
blk_5500876574649775545,1
blk_-5197909164479106529,0
blk_196924448992184704,3
blk_7267625426271866778,1
blk_6572926992544874707,1
blk_-2837289099293468556,3
blk_-942166867292319927,3
blk_6573618862488853481,1
blk_3281755063651510096,3
blk_6993207432366600030,3
blk_7182956920651096011,1
blk_7203740896663282667,1
blk_3248625504725572992,3
blk_-2938324002437553195,2
blk_-4616886687544824732,2
blk_-5185153455021787606,3
blk_-6684765234936275653,3
blk_460690630118857947,3
blk_9093188544802346306,0
blk_-4346736380428326495,0
blk_6837919393040712077,1
blk_6547729596040509998,3
blk_-6295139703348147321,3
blk_5120956600062524984,3
blk_8314861979685823270,1
blk_-7472665120062315852,0
blk_3148186072883764044,3
blk_4084782371647335742,2
blk_1347943601053991053,3
blk_-6005910233640450696,3
blk_8829457195512099801,3
blk_2360091197416227915,3
blk_-2256891620884995658,2
blk_7608151113726761274,3
blk_8640154598689975819,0
blk_-9219305696396907727,1
blk_3253345459862077871,3
blk_7196389079479198902,1
blk_6184478386847405440,1
blk_-3950432366459326819,3
blk_7358488945332099121,1
blk_2059146012062963922,0
blk_-309961284297023610,3
blk_-2685883002340603291,0
blk_-3780014771207896766,3
blk_6127249048745654203,1
blk_8293696234575731658,1
blk_7374604766253161855,3
blk_2535147714839984699,3
blk_-2681641123647156035,3
blk_1396196678406811336,0
blk_6835881547890223692,3
blk_8426834574463781354,1
blk_4693657752634750810,3
blk_7642915762181838814,3
blk_4027317474470447486,3
blk_259895902629823768,3
blk_8613348452125089910,1
blk_-5765167433161507402,3
blk_-2790990813425430645,3
blk_3144249628859093885,3
blk_7719653631245425984,1
blk_1522728136077911316,3
blk_5834201612437457641,1
blk_-6926807304565119619,3
blk_-6291071664293921708,3
blk_8119209053638664450,1
blk_-6362400896103563789,3
blk_2238088946334932452,0
blk_-3782410805979216840,3
blk_4559072874285220882,3
blk_7616977040808923143,3
blk_3874080546125450444,2
blk_7876315879024409288,1
blk_5118664261618539875,3
blk_-4603533994438918948,3
blk_-8751240749508132850,3
blk_3236494291899365914,3
blk_5321000686704962175,1
blk_6989094700274811196,3
blk_8064721057950325425,3
blk_-3800595472166056394,3
blk_5248442536918007768,3
blk_7746657848402176273,1
blk_-3438234773121211816,3
blk_3601294872968203220,3
blk_-5610500822709406461,3
blk_-5732026262009524449,1
blk_1710642404128071773,3
blk_-8865420685633601290,3
blk_6136033240443360463,1
blk_-5028775529567267393,2
blk_4571723395194771500,3
blk_8566460544785126980,1
blk_7506117952343630172,2
blk_-5836913823117347364,3
blk_8709876257045736701,3
blk_3248762814761698381,2
blk_7048121994059351485,1
blk_6036288401122367038,2
blk_223879692644907650,1
blk_-5673357558577214862,3
blk_377535454548275384,3
blk_8631940382343074273,1
blk_-757960182498975932,3
blk_4760623740531330309,3
blk_67459496290211005,3
blk_8797694679589832630,3
blk_-4180305550033090349,3
blk_-829023387681011546,2
blk_8531262612320747353,1
blk_8812123404231457998,3
blk_-4732287237800187141,0
blk_433720143931444844,0
blk_8388120454934972602,3
blk_-9200284066935196216,3
blk_1070960099830960091,3
blk_5116660163839697301,3
blk_5720589471718793791,1
blk_8991392783961114486,3
blk_9117498942824808012,1
blk_935007106830936525,3
blk_8893282743128243130,2
blk_-7348412319722102451,3
blk_8903981789934271114,1
blk_1213789411091883990,0
blk_8722120357524151345,1
blk_-727357583044755044,3
blk_527018547289541929,3
blk_-170171840606098881,2
blk_448602570309158077,0
blk_6552418180158772377,1
blk_3502893995122488149,3
blk_-1656564893971288409,3
blk_-7722587184407799771,3
blk_3825149932064591276,3
blk_8391112948168343871,3
blk_6058439937687400039,1
blk_922152576733098630,0
blk_7681467274604913760,1
blk_-1731014874154015679,3
blk_4644537132357341951,0
blk_8057453041201547336,2
blk_-7506378215457891882,1
blk_-8503802779930237107,3
blk_-5655017572329933638,3
blk_2670713949484884222,3
blk_6336591471770954464,1
blk_8872559280184694656,1
blk_4331194606456960022,1
blk_3294040193752213839,2
blk_6112697849631520820,3
blk_8715348998508384037,1
blk_-4023823834194465495,3
blk_-3863805334931515469,3
blk_-8854786226510179307,0
blk_2087483762587332298,3
blk_-8833916647701959447,3
blk_5646121044487845636,3
blk_-6224165972990042646,3
blk_3000644431411365543,2
blk_-8136410737687320939,3
blk_8857259817880096722,2
blk_3707136813897643803,3
blk_1696895825834834630,3
blk_233134314408087919,0
blk_-6281742522667008584,3
blk_-6695020171315182425,3
blk_-3407309828189151161,2
blk_6647737380624077905,3
blk_3236166133669552860,3
blk_4313209704459823410,3
blk_-5818571785171748836,3
blk_8996749936814406753,3
blk_3066277845151787468,2
blk_6000030210324965260,0
blk_8890204816573200573,3
blk_-1404742191108412837,3
blk_-3521979815195691502,1
blk_-5131984884920150464,2
blk_-7568755506149101560,3
blk_9074108147429915974,0
blk_-6666708200754433005,3
blk_7486942821372101102,3
blk_2919597926202949292,3
blk_4421899798290057010,0
blk_2004766715826639228,3
blk_5486263484570405671,1
blk_-5195966988285605388,2
blk_-6913790110503505413,3
blk_-5742488814454675811,2
blk_7305458221736977482,3
blk_8037852742688696091,1
blk_-3415891620759075678,3
blk_8632608539772295383,0
blk_-6947035064328300664,3
blk_6482352603916403152,3
blk_-7839717518504257153,3
blk_-3839715890011092810,0
blk_8315581174831917286,3
blk_5843837097885848433,3
blk_5914141575587138582,3
blk_-2383805408948330090,0
blk_3627425967578725166,3
blk_6945599335963836401,3
blk_1852604768838050637,3
blk_6982995807186643533,1
blk_-1892792957203178125,2
blk_-5953311929787818171,2
blk_-7184447954056058764,0
blk_-7345614482241877893,3
blk_-9103421193799119551,0
blk_-3106776241696950972,3
blk_-4673025022805077976,3
blk_1885441438891385427,3
blk_2589871736430447515,0
blk_2662330951947473714,0
blk_2501101555041044631,3
blk_4827326813545757026,3
blk_7374171565910315186,3
blk_-1332624988196436436,3
blk_3743709390372113746,3
blk_-3979208388913845520,3
blk_2891916942153789820,3
blk_3339972090711154836,3
blk_-3681974396824196300,3
blk_7572759897406920341,1
blk_2373218064980559375,3
blk_4178035552797305051,0
blk_-6344151889768282648,3
blk_603684260619172112,3
blk_2809611582004032667,3
blk_-3479583855877140142,3
blk_-5795609064443443235,3
blk_-8075384233356976617,2
blk_6247351878933726582,1
blk_-8276787713085594064,3
blk_-5541786089650948271,3
blk_392454080935423279,2
blk_1064210286896086143,3
blk_7291422315456424713,3
blk_-7489322744019485656,0
blk_-971328061059725603,3
blk_-2113711182409022947,3
blk_2206205674325768812,3
blk_-8778583901590242100,3
blk_1643505071868274657,3
blk_9214599138352366254,1
blk_4078394918586487880,2
blk_-816127548568401292,3
blk_-5874439185215513626,3
blk_7576601451979657314,3
blk_7638118218645913898,2
blk_-3832276316994592549,3
blk_2823675744318711251,3
blk_-105548502436360686,3
blk_-1310550932959505210,3
blk_-3903004340077177227,2
blk_157743675689616381,2
blk_4281464882526086260,0
blk_-6571371446950308980,3
blk_6187529859966179270,3
blk_1617918704428964385,3
blk_9222253247673918333,1
blk_-4460877607953119555,3
blk_8838878004289457401,1
blk_-8373933381880605865,3
blk_-6041304182067421574,3
blk_6623501157829881597,1
blk_-6859029126133346851,2
blk_7979487599850775522,0
blk_5147187464039786448,0
blk_5135830060215958944,3
blk_-1470250012612845302,3
blk_-5416254935927133054,3
blk_-254433104726191352,0
blk_-3105329382011483478,3
blk_6492489344990292445,3
blk_2102593185110930184,3
blk_2736251498135196075,3
blk_-7082627475978321318,2
blk_-817096667532199919,3
blk_8284119320889546902,2
blk_-7829927067922771985,1
blk_-4083262781778584506,3
blk_-8153238037979391253,2
blk_-6296806968082197253,1
blk_8610334192888214946,3
blk_6130730181859669762,3
blk_64336961516368274,0
blk_-3148379236702114343,3
blk_-1962594935190045679,3
blk_1606084943500390378,1
blk_-5875716979517153418,2
blk_-1930738006211600182,3
blk_7209204405633291228,3
blk_-5669655525549620993,3
blk_6446535327716684306,1
blk_4539372671748152850,3
blk_-4656986740415910865,1
blk_-803789386256577022,3
blk_-4637885088183822911,3
blk_-8615052782783159745,3
blk_-2436517756668270074,3
blk_6252328962879701479,3
blk_-3169465293457472447,3
blk_-5845660514029419579,3
blk_-5078834423356808015,3
blk_7010746172340794576,1
blk_8543913618293245331,1
blk_7380819197454419172,1
blk_6220052322479660801,3
blk_-5526447522733267180,3
blk_-7871711963193478404,3
blk_-3712525543468297980,3
blk_-5034668182230913388,3
blk_-7890307518165163752,2
blk_9103847891596385120,1
blk_-6151144929297619262,3
blk_5922016775834875957,1
blk_7782804482693404135,0
blk_6198862311072074369,3
blk_8435840551858978102,1
blk_8524604061594041373,0
blk_-7703521403225089704,3
blk_6028204139761278814,1
blk_3596138384095296101,2
blk_-3838373939775997443,3
blk_-8196986472791003964,3
blk_9154542182486651656,3
blk_6564936213292869988,1
blk_1740218372131864917,3
blk_7694423528697377290,3
blk_8539925173407769217,1
blk_-754472185608089818,3
blk_6237092810864241463,3
blk_4223680989694832409,3
blk_-6984263364686100580,3
blk_-5151700300292123080,3
blk_4971804673746553089,3
blk_8118432346824562739,0
blk_-1938276922069626211,3
blk_-5140072410813878235,3
blk_-2926565270740618491,3
blk_-2470477754781158643,2
blk_6161080640803369770,1
blk_7186870830028116552,1
blk_-1250441145894625149,0
blk_8541431573595533224,3
blk_8174646007617946149,1
blk_3195492135690981750,2
blk_4667315814735310301,3
blk_1713698342854462961,2
blk_1469431927032838198,3
blk_7674050002355683781,1
blk_6151292887253731881,1
blk_2344438813772035430,2
blk_-6659602370311793565,0
blk_7370836319212068210,1
blk_-2511142361875960767,1
blk_4594102995348777022,0
blk_-1658099833798231226,3
blk_7744954898081029105,3
blk_-4683618775882491598,2
blk_116581723304478864,2
blk_4843643350461873372,3
blk_3646512937384656348,3
blk_-5690049339545660334,2
blk_-1660484844914163819,3
blk_-5025098377112257112,3
blk_6444256027629346533,1
blk_-480746433637701562,2
blk_3580770618432771728,3
blk_7073011400427889468,3
blk_5175477134680697203,3
blk_-7050238197943345593,1
blk_1691061922292616654,3
blk_-9067973565787898280,1
blk_-7306262775331185493,0
blk_-8661536776631176937,3
blk_8252838993822132356,1
blk_1425913499988026516,2
blk_4898643033968543040,3
blk_5346094530046391604,1
blk_313886752846260729,3
blk_162172225125027577,3
blk_-1412662046745599548,3
blk_-9059218877575700484,0
blk_1942665498563454408,3
blk_8890233040985796680,1
blk_-5612971312654282743,2
blk_7811126218341652744,3
blk_8511647817803461150,3
blk_-6903784586172886117,1
blk_4464592652374803100,3
blk_-4621363179037577584,3
blk_-5911575478493466263,3
blk_-5877626066838831620,0
blk_-5027083109018791099,1
blk_7215977976517893094,1
blk_7963374206994787963,3
blk_-7863076970269949545,1
blk_-5680032515581678867,1
blk_2265323277046402295,3
blk_2667274911210549866,1
blk_8991707809612560521,3
blk_3670054871781781264,1
blk_7627201990121488151,1
blk_-2566944924662893881,3
blk_-2201655247051430156,3
blk_-1278342190463706553,0
blk_4396835266787370926,1
blk_-7099169980345514003,1
blk_-7796123885105558860,1
blk_-943069488999387152,3
blk_-5501185323877386392,3
blk_5693190047510946567,1
blk_8619400434059983061,3
blk_-868372746551789949,0
blk_5065159886148964758,1
blk_5755041026374960709,3
blk_7757722714854944549,0
blk_7506902517165786890,1
blk_5661842593486759021,3
blk_-7322142911220931175,3
blk_-694759307004178866,2
blk_189047241229896855,3
blk_3925817027210743826,1
blk_7072729129230284295,1
blk_8360436528292546966,1
blk_7342022561458178142,3
blk_-5206807864309818267,1
blk_-178780831985191985,1
blk_1407898990122719140,3
blk_3102259316079710822,3
blk_7836440990521900547,1
blk_8873779054322077423,2
blk_1864456869783510505,1
blk_-2443419152035260867,1
blk_-4779725883724627558,1
blk_2806786215629483376,3
blk_-6314364332321077500,1
blk_-6100983122865803371,3
blk_-7159856526237274701,2
blk_-8102170822946854414,0
blk_2259687652491765879,0
blk_3238949950559402016,0
blk_4431530591386620466,0
blk_-1022089499698905472,3
blk_-8107641480801493136,3
blk_-5548777694280512605,3
blk_2352796800345542185,1
blk_424670700115759696,1
blk_7967903802947153513,3
blk_4910251961901865768,3
blk_1661908884912462206,1
blk_2577459366636701022,0
blk_7729729094360080147,1
blk_-2316808731553875629,3
blk_4438996263895862066,1
blk_6210338118805078489,3
blk_6852299711169201164,3
blk_-5169099347511225643,3
blk_3119167311374809261,1
blk_-325213125532061972,1
blk_-5437411481019888733,1
blk_8127961378229538889,1
blk_-1133977896176938246,3
blk_-698084292618830310,2
blk_-2920372331290657564,3
blk_-8709237605800930321,1
blk_-6961599038378018629,3
blk_1200951752997700837,1
blk_-5609888638928600811,1
blk_7949181377393280399,3
blk_2926475833166201576,3
blk_3275234087045452605,1
blk_-1927614034709630615,1
blk_8606589252126234056,3
blk_6552130994040918615,1
blk_8886236314753450253,1
blk_-7285984452504219070,3
blk_-6288231767145422898,3
blk_4981502744489146922,1
blk_-8678374522802152730,3
blk_2288202194796303935,3
blk_302473748386934798,1
blk_8839449461991208613,1
blk_8465702984833642147,1
blk_8955065764529527487,1
blk_-6046039605880401757,1
blk_9177324316247652938,1
blk_7507061655636161548,1
blk_8504479239280762282,1
blk_8400809861268880762,1
blk_5545778762805140862,1
blk_7032478048486304696,1
blk_8145517039942620265,1
blk_8717778549211172348,1
blk_3794244622820336737,1
blk_6770903716286332537,1
blk_6574622907940392841,1
blk_9068860419652805931,1
blk_7504232879415920626,1
blk_7636381600535512733,1
blk_6201544276824766788,1
blk_8327525702152728870,1
blk_-5745831546301960321,1
blk_7534535710555016243,1
blk_7671420422446007445,1
blk_7921961537289388016,1
blk_7315592180866222829,1
blk_8999214655925058798,1
blk_8548216844146869823,1
blk_-5143893544100994047,0
blk_-2531999061313177174,0
blk_7640036361203321451,1
blk_-2970539697101241075,1
blk_8498593820148603359,2
blk_8661855853227975735,1
blk_6710513703380855829,1
blk_8359046852656110173,1
blk_7428580627654080207,1
blk_7541503320950408954,1
blk_8504951344098302583,1
blk_6256562813365526109,1
blk_8482695892217155833,1
blk_2233561923854327705,0
blk_7686619216710063737,2
blk_8571773533134799069,1
blk_-3167705315987846254,1
blk_6128746665657684813,1
blk_8151454409814804008,1
blk_3999019886473558877,1
blk_-3754029959138975487,1
blk_7378276846645441433,1
blk_8980724468505580682,1
blk_7429063297854497613,1
blk_7365382489846780485,1
blk_7710849512547415761,1
blk_9074741707655472997,1
blk_8518094637614358509,1
blk_6737160961751344100,1
blk_7338705621652027394,1
blk_7904436157399818478,1
blk_7924926603785031658,1
blk_5797321885937342395,1
blk_7979836989771157807,1
blk_7027498430957091051,0
blk_7155842824846269996,1
blk_9006210192600460116,1
blk_9195374981811260935,1
blk_6599050355166497904,1
blk_4177161808502347825,2
blk_5338806710099050630,2
blk_9191637875257566594,1
blk_8872434747963800150,1
blk_5790212437775566969,1
blk_1728730014063263606,2
blk_8946665733095747609,1
blk_-2695191133837757039,0
blk_6913753450993750014,1
blk_3485505292533517472,0
blk_8021743556357785322,1
blk_5433707903376536837,0
blk_6283563242258037633,1
blk_2877872397208589852,2
blk_7408352197483159129,1
blk_9145098164322554528,1
blk_1983410818825743246,1
blk_-3810044737707581200,1
blk_-6889810714170605194,1
blk_5160784065178059068,2
blk_-969587976016494497,1
blk_8519685572775705435,1
blk_8816618222621065627,1
blk_7515862396569553277,1
blk_3132545727832684036,0
blk_7702976695320935021,1
blk_7946007374788719755,1
blk_7483580866619608127,1
blk_8101987524618390616,1
blk_-8159737478172127317,0
blk_-4372254175277892204,0
blk_-6612207389506500689,0
blk_3273456131885778692,0
blk_5827639102770185153,2
blk_-1102962076130329771,2
blk_8037970118857241668,1
blk_-3737649317885250689,1
blk_9207775101962733174,1
blk_4387899736154771888,2
blk_4334486375610672865,0
blk_8166196595677978106,1
blk_-7623627073602241247,2
blk_-6249058821369006117,0
blk_8457680559975994708,1
blk_5681276554098753398,1
blk_8857803375564647650,1
blk_4095464786534179659,2
blk_6304854411497738345,1
blk_675831782333803167,0
blk_-6554481336966240622,2
blk_-8296931237981172122,2
blk_6748856268323867300,2
blk_-3922943646352237293,1
blk_4244636107626862467,2
blk_8426161567693719633,1
blk_6527807538883845056,1
blk_8474861266894777623,1
blk_6396150634158585629,1
blk_5718708888948638471,1
blk_8342213972413455107,1
blk_-8997027706113119844,2
blk_8173205658265593676,1
blk_-2901907830956160511,2
blk_3090641485054452497,2
blk_8739761680416453069,1
blk_6853271375219707986,1
blk_8446964447639047481,1
blk_-6497243370664642845,0
blk_7503825108751233830,0
blk_-4537151412641928311,0
blk_7351539007477053250,1
blk_-2777007552787822659,0
blk_-6612835971160793280,1
blk_-3561037044413418994,2
blk_7537981373724075469,1
blk_-3880010577030411753,0
blk_-4278182407314586774,1
blk_6990087635283116452,1
blk_-4610829077180304574,0
blk_-8742245170344842632,1
blk_8493024014742530884,1
blk_-8969588982250984012,2
blk_7730871918997371024,1
blk_8890037908451684840,1
blk_5981944722909811388,1
blk_7840341017063712969,1
blk_-60525534589505402,0
blk_4967855775379728134,0
blk_1066215484224083075,0
blk_-7536237725173601189,0
blk_-7498721474547668743,2
blk_8104343414761859674,1
blk_8460166739012773997,1
blk_7366151848509456684,1
blk_7892781713046310468,1
blk_-759984135915475508,2
blk_-7145312024511582970,2
blk_8952823070061332957,1
blk_8291374049531051449,1
blk_-3039172154313447053,0
blk_8382028561380365047,1
blk_7867847340150882405,1
blk_-7830735178076672719,2
blk_-4088910031446231966,2
blk_-5001727918642784701,1
blk_7885760719047492183,2
blk_-2730085434579182903,2
blk_-8155588877786440273,0
blk_-7298613872120491071,2
blk_5920228038090720121,1
blk_7702464627003765912,1
blk_-440622915539413458,0
blk_7425730220220443958,1
blk_-3827478103929416609,0
blk_7432655886900332343,1
blk_7157211529964111485,0
blk_7685475383411010627,1
blk_-5653772271592811661,1
blk_8380432363569920916,1
blk_8108180043847541325,1
blk_256475428863156916,2
blk_1481617981195734025,1
blk_4898031276853369165,2
blk_8761834957091365116,1
blk_-3026268907122642204,1
blk_-5740210691712295854,0
blk_4593701401573807457,1
blk_-6116570678666185582,2
blk_-1092837256853321494,2
blk_8898082804015526608,1
blk_6809459634754136271,0
blk_4070300567773653980,0
blk_-746178492861284804,1
blk_7180298255440967383,1
blk_5760885566861171887,1
blk_7425421513657425749,1
blk_-2504116035125774416,1
blk_8135100536150728040,1
blk_-6123796237194846954,0
blk_5803604008713626221,1
blk_-5002433995943810243,2
blk_-6870889306188189450,1
blk_6607344776383104325,1
blk_-8721913432303971375,2
blk_5980933752464829838,1
blk_5097432965821065721,0
blk_7306833504186820223,1
blk_9113502853794122698,1
blk_8169664761722335673,1
blk_-4441107133608487188,1
blk_2466263371975902391,0
blk_7650798056832865072,1
blk_8393782589776441456,1
blk_-5965928414581316769,0
blk_8320428262550318303,1
blk_9144622778681551290,1
blk_756628066126266909,0
blk_7763044171907162911,1
blk_8554127919602009145,1
blk_-5845210025636819050,2
blk_3587172446622284527,2
blk_5323619374230045884,1
blk_-7565379210694200892,1
blk_-1569334603381283028,0
blk_8263784764418722581,1
blk_8416071207226708876,1
blk_-7629332270341175697,1
blk_9088130072498160875,1
blk_-909378418661138781,0
blk_7647458932686347208,1
blk_5185234969132169310,2
blk_8835936952985812930,1
blk_3794058749715905310,0
blk_-3707613046252105273,1
blk_4617901273966707302,0
blk_7712906327150740616,1
blk_5657980965976264509,1
blk_8983031575413955734,1
blk_9204833991506865129,1
blk_7949005570723866822,1
blk_5932789222600878224,0
blk_7396566104965375536,1
blk_1565068048945886054,2
blk_-8206124842684646070,0
blk_2231267311025685342,2
blk_5504323441784970702,2
blk_-8691497592306752967,0
blk_-1557050685256756595,2
blk_8938921868547430719,0
blk_7186980907039627860,2
blk_-4084272267623838857,2
blk_-5269520931561120243,2
blk_3456859139708970229,0
blk_8051243942776065831,1
blk_5456516912972912096,1
blk_7343670664648626253,1
blk_-7964877990874445635,1
blk_7776073386977048384,1
blk_-6444581652378478586,2
blk_9182267430703070080,1
blk_4410486479863385554,1
blk_6950411277012810779,1
blk_-7727038679448824066,2
blk_-5030359083357012096,1
blk_6903833967051880642,1
blk_8826612150064563038,1
blk_-7884628385622842106,1
blk_4864127401142650283,1
blk_-7059913379605976431,1
blk_-7180548508407717101,0
blk_7735443157390146976,1
blk_2000764014620843792,1
blk_7356989663605882419,1
blk_-8697749355661637318,0
blk_5380968200583220623,2
blk_9111664317936429838,1
blk_8383095480445166907,1
blk_7185265835805687190,1
blk_7089104197034449886,1
blk_7099499700029637664,2
blk_-3410861628510249161,2
blk_8160935005735480776,1
blk_-3342715427697025966,0
blk_5168876757382645337,0
blk_8291474514619517889,1
blk_8623959815311427246,1
blk_8375085335900408039,1
blk_-1423661560686663401,0
blk_5718012197122273750,1
blk_3606921972805681746,2
blk_8232017193990649459,1
blk_6657958427594561584,0
blk_7875871134070185134,1
blk_411697026325909712,2
blk_8272560976634395893,1
blk_1267106044383236381,1
blk_8173151252375831059,1
blk_9139560756135435610,2
blk_3277496309970356926,0
blk_7731761066800768770,2
blk_7959420227303309952,1
blk_2737401460251157704,0
blk_8293534143730973649,1
blk_-148847892054976204,0
blk_8315954118219237272,1
blk_-6739500826566203055,0
blk_-1219926057559790165,2
blk_7189604122335444151,1
blk_7845450026285285805,1
blk_6234469092330338201,1
blk_2267455051618617693,0
blk_-7823460435041330872,2
blk_8139785053361759250,1
blk_-2137194537669166854,2
blk_8536530284170363793,1
blk_7864582223837020359,1
blk_7345303321151122940,1
blk_4883874475447014131,0
blk_3779672824294479030,2
blk_1594512240431529733,2
blk_5766944880748359992,1
blk_-8115717293852220455,2
blk_1002573090858395429,1
blk_6833609816873390770,1
blk_3841125469526300798,2
blk_-57502728770652280,0
blk_9080975400161482590,0
blk_-8133473555266667343,0
blk_-4196860349042114380,0
blk_8122557485927001518,1
blk_-8260250832212161367,1
blk_9053313828449682033,1
blk_3502795935582081260,2
blk_8090777223182143301,1
blk_8867313957836680132,1
blk_388573830443981579,0
blk_5612584328582105690,1
blk_6122465602835828209,1
blk_4665750539660804345,0
blk_-5223609577233919120,0
blk_-1507007579165314536,0
blk_7123522520282489917,2
blk_8471194807000878932,1
blk_5956651263270811891,1
blk_-5571704524157521060,1
blk_7960896097084202781,1
blk_7122535452106405338,2
blk_-3995423436812525768,0
blk_-4604602837395277167,0
blk_8581931412463011274,1
blk_6648240967922117307,1
blk_6807805503726229005,2
blk_6729398112880291011,1
blk_-5590184639577957271,2
blk_4931435338820535169,1
blk_9165820135569728315,1
blk_8363683358723482147,1
blk_1399282142110171580,1
blk_3707329262650107169,0
blk_-7415987176744066551,2
blk_4131216288672585400,0
blk_-2961676398692871199,2
blk_6404997865468556110,1
blk_4464294648696358020,0
blk_8309241480078632459,1
blk_5944660649936019389,2
blk_8232169820580048948,1
blk_6400316173465830845,1
blk_9054547341939978697,1
blk_4574083752439730626,2
blk_-8197154879187147189,0
blk_8612939592227166913,1
blk_-578996997294269456,2
blk_6425948364414961882,1
blk_6963312219468116365,1
blk_3723569970655235256,2
blk_-1580425559871571455,0
blk_3477773006460763140,2
blk_8566337635757756964,1
blk_8821862001523789576,1
blk_3684381485428178137,0
blk_8683338347046621836,1
blk_5903925028285356825,1
blk_-8265074381577424567,2
blk_6351566039360425246,1
blk_-2559859658953295593,2
blk_-2573060505689166087,0
blk_-1384303546075126581,2
blk_7078419890043174586,1
blk_9005275008606191176,1
blk_6567238221370546032,1
blk_9101441027185481223,1
blk_7225209234728516045,2
blk_7800297528756207219,1
blk_8230702888193151685,1
blk_8396034636202463369,1
blk_8625407238548038689,1
blk_-1102821049477079932,1
blk_2407549985686240291,2
blk_7015528291012004805,1
blk_5167995134588982666,2
blk_-4901973523668739350,0
blk_8350766915522970734,1
blk_390841638648059029,2
blk_6828175563887138756,1
blk_-3021880725986501751,0
blk_-7794397046408182892,2
blk_7949520862583263222,1
blk_8547674320501689503,1
blk_6866666988552891168,1
blk_8905040636633477019,1
blk_2299676444680372121,0
blk_-4431958856392285011,2
blk_4284471810870603517,0
blk_8567989116932530516,1
blk_-1358452639241958657,1
blk_-6190923377327167750,2
blk_-7962518953688440966,2
blk_8727408422679245422,0
blk_9069370118730609541,1
blk_1632437465538449019,0
blk_7643494162898794934,1
blk_8683410841398018525,1
blk_9057345255370657397,1
blk_8850601027878831826,0
blk_8060489060877532517,1
blk_8224288112693669720,1
blk_8293107528282291244,0
blk_5587847206088505023,1
blk_-8584158329012779023,2
blk_8865361513016627244,1
blk_9095181562028237026,1
blk_-3690161308923454682,2
blk_7901427968067342346,2
blk_8775539960927727146,1
blk_5505680554682571869,2
blk_7855211480169565499,1
blk_568015825663872460,0
blk_1223707505486156567,0
blk_5233374131984523249,1
blk_-5458229655651392568,2
blk_-3101611911967110775,2
blk_5291057750258273321,1
blk_-7318935892818157586,2
blk_-9218908087800925630,2
blk_3394020401869191294,0
blk_1771811709761637109,0
blk_6345346282881101203,0
blk_7367656712529995197,1
blk_-2250145754110395473,0
blk_-1601919535121789332,2
blk_5718182358781781519,0
blk_-2652693174217013465,0
blk_-7163833883570416323,2
blk_5251127809378686657,0
blk_1974206758520529039,2
blk_433199359701801103,1
blk_2738331446954430180,2
blk_5857796766803395671,0
blk_7844604534690312370,1
blk_6062823463223515345,1
blk_-42499289834561287,0
blk_-542390364061536637,0
blk_8862415961498614965,0
blk_8584194374464968343,1
blk_8103349581282530291,1
blk_8114128224383830269,1
blk_-2237160877262488644,1
blk_-1428316968878948682,2
blk_6234653152700287370,1
blk_8173291705084544699,1
blk_7719224837916844684,1
blk_4872453962511876523,0
blk_-1344692606041368394,2
blk_6900668689965067890,0
blk_-2715094104127386020,2
blk_7833659413818653472,1
blk_2873968755439459211,2
blk_4100585830506454327,0
blk_7768746849481001838,1
blk_4776758195927545055,1
blk_3208360679118397694,2
blk_7504014915194627970,1
blk_5234688044756650462,1
blk_6104390040187720535,1
blk_7623169154166121407,1
blk_-1752755045037751791,0
blk_4183558203553217724,2
blk_-5502074788297602535,0
blk_-6371248062836904520,2
blk_8801209196724885008,0
blk_6038219635339662073,1
blk_5435485204883793298,1
blk_-3315818478703312400,1
blk_7081513950570844128,1
blk_6229205041190773103,2
blk_9197959447185136185,1
blk_-3118583241037528269,0
blk_-2970194766371203270,2
blk_7795861616657134017,2
blk_7285362877657612230,1
blk_8417590290604275219,1
blk_6445879012427033632,2
blk_695750278607397968,0
blk_4176655982883738508,0
blk_7674272495852262753,1
blk_-8604798704056216023,2
blk_-3065509388352696313,0
blk_-8620897844593672893,0
blk_1668006314570188871,2
blk_8909251221258560318,1
blk_-7821659803666809253,3
blk_6104063052642245580,1
blk_8920836391245141175,1
blk_-7198512034949276439,2
blk_7693879569597527696,1
blk_594888917385815061,0
blk_8493254572816124914,1
blk_8579156398632716252,1
blk_-1652148139195521666,2
blk_-6286063239847835469,1
blk_2668745971007278566,0
blk_3908275394741873054,0
blk_1837569620739949312,1
blk_6180664760365982951,1
blk_-6748828100626587181,2
blk_-8963678405355969000,1
blk_2011503644057120470,1
blk_9165542771552085305,1
blk_-2203824571818430154,0
blk_-3196035179571655302,2
blk_8077077304737168905,2
blk_8467663825182443355,1
blk_8348679014300855582,1
blk_8553668231871047222,0
blk_8778099101336433917,1
blk_-8763855605666557292,2
blk_7570156338879487937,1
blk_7823472861852699854,1
blk_3937647256697820779,2
blk_9007396849497712397,1
blk_5530217634900132229,1
blk_-3001250420627887994,0
blk_3727806470080368989,0
blk_-1747359867512987925,0
blk_7189940110598679411,1
blk_-6091204347139086741,2
blk_6693191641459716906,1
blk_6323758474610216359,1
blk_8872315816339487446,1
blk_-3017117685954426282,0
blk_7432703778583050534,1
blk_7563971601695995553,1
blk_7410076778607898073,1
blk_8402133516730733050,1
blk_-3094709651425760977,1
blk_3277363529599314461,0
blk_-2941968536888207015,1
blk_2852999351154009117,0
blk_5218221435389569685,1
blk_5963635827810861992,1
blk_-3346707989471296578,1
blk_7093277993914098438,1
blk_8245038029668802385,1
blk_-4568072198102936450,2
blk_8645744192997433997,1
blk_6610276504306501714,1
blk_-4527404518491865672,1
blk_4453395814447232722,1
blk_901059070541313726,2
blk_6778146964009367098,1
blk_5633232875674906956,1
blk_9156412407404362096,1
blk_-1852037403456658461,2
blk_-5213825485386314473,0
blk_-774422382310509532,0
blk_5973886116713948149,1
blk_1748461913826198577,2
blk_-5216233428984136479,1
blk_-1918474934871398596,2
blk_7833166157193748097,1
blk_5437038466573967005,0
blk_6964000928602872815,2
blk_3048719063272391146,1
blk_8651456023987418714,1
blk_-4927986432018398294,0
blk_4410530566765270607,2
blk_8750545437531537389,1
blk_7149770444660212607,1
blk_7881819887495598071,1
blk_-7589566173091806078,0
blk_8519785750584089331,1
blk_2732713790634436404,2
blk_5702622988659597467,1
blk_7769516287620926132,1
blk_7325438511489048627,1
blk_3777772774152601430,1
blk_3765814398920395919,1
blk_2476616515077655771,2
blk_7332060492145812731,1
blk_709085006146787464,2
blk_7844412133408479717,1
blk_-5388895105420006026,1
blk_6044723535861599361,1
blk_7125131686672993627,1
blk_7778577735603343918,1
blk_9174401014317023352,1
blk_8587254513010477530,1
blk_-6230509842631423303,2
blk_-243144099808069218,1
blk_-2949204287063531175,1
blk_7724118262756353208,1
blk_7742031504369312320,1
blk_8321099409647051332,1
blk_8801062673116411807,1
blk_6561298326050070394,1
blk_9100688196939078960,1
blk_-7221026036368558840,0
blk_8578576634567164640,1
blk_-4144078342692025540,1
blk_8940643578562639095,1
blk_-4944194831672402650,1
blk_4836392251163693467,0
blk_7525549991091264172,1
blk_4454970993889027124,2
blk_7862552344496250601,1
blk_8385876508934777593,1
blk_1887159647994370301,1
blk_-7964035691879144323,0
blk_9125043291531745695,1
blk_7302374018751482383,1
blk_8709646797539264595,1
blk_8493711059100867930,1
blk_8043042343651392975,1
blk_6771035469224420488,1
blk_8937962129072092044,1
blk_7239952458319141113,1
blk_6686870960969959905,1
blk_6375198429757672359,1
blk_6794843847671759961,1
blk_8895702479656648033,1
blk_8957662049129882363,1
blk_8563275254946185161,1
blk_7187793900950006722,1
blk_8780349862988518161,1
blk_6921749885804552642,1
blk_-148077278016996790,1
blk_8131190656534137274,1
blk_5914067470517809402,1
blk_8274812310640956402,1
blk_7060434397663334881,1
blk_4155864903556153987,1
blk_8981993897471075094,1
blk_7901779551291069654,1
blk_4379639995695199442,1
blk_-5472161271163145158,1
blk_5957581720741885556,1
blk_7665645958183720501,1
blk_1740971769517518075,1
blk_4817120834356969274,3
blk_9066258123085977620,1
blk_2703218257114046060,3
blk_5920744489627925866,3
blk_6275397260092979659,1
blk_-4956708223642069956,3
blk_-5499196780101620070,3
blk_7178080025451301628,3
blk_-6787521980063312347,3
blk_5376334748793140022,3
blk_8313501664485736034,1
blk_-6518615607652348595,3
blk_2150948405211353942,2
blk_7607414969870264629,1
blk_8145184945505156699,1
blk_-4141297145264515501,2
blk_7434863226475442433,1
blk_-3072764166494274750,3
blk_6113369825271775061,1
blk_7228394071291451591,3
blk_7520400518165860197,1
blk_-8850295318118355972,0
blk_2070012900578243076,3
blk_7424137988316666413,1
blk_8080517003483918420,1
blk_5699985494597240026,1
blk_-8582254769948881729,0
blk_716666167829055338,2
blk_-1430228886876430882,3
blk_2085377441555435851,3
blk_3031190505447070635,3
blk_-3122326465444757192,2
blk_-5833850530975426862,0
blk_2378345141325651935,3
blk_-5474560168151062966,2
blk_-8345123144188632550,3
blk_7838121501849953333,1
blk_-3734839878416656496,3
blk_7735163881007563284,1
blk_9219908584075827823,1
blk_7099216349048045387,3
blk_-4696789170532675835,0
blk_-3678863563775278735,3
blk_-3799054995454738018,3
blk_-6876586155656233189,2
blk_-5069947244395201456,3
blk_-1794813142039303011,3
blk_8217066237657620645,3
blk_-9175463683870012043,0
blk_-3366094626520102561,3
blk_6201615957337500039,1
blk_-9012958471564655365,2
blk_2296717105865974160,0
blk_5979246000505687093,1
blk_7451967130455588452,3
blk_7263009078951667188,1
blk_4421757829012212162,2
blk_-7639859663398569217,0
blk_-974912557518668817,3
blk_8390692283505484476,3
blk_-407052155280454023,3
blk_6002231785711019578,1
blk_8417185853412340970,1
blk_923434995459511937,3
blk_7359839234102838118,3
blk_-8730637052404325281,3
blk_7372557581343788304,1
blk_-8591109317662642320,3
blk_7966454993547535375,1
blk_8756781367453648854,3
blk_6993255935297017108,1
blk_8396808703006293911,3
blk_-2997364961219352753,3
blk_-71589457241177829,3
blk_7508064437670222940,1
blk_7911975247555634816,1
blk_8034046016398967608,3
blk_4957641220519018981,3
blk_-29452187152940901,3
blk_5303889394870472446,3
blk_6668267153774897260,1
blk_8706920276050572609,1
blk_5459516621756699156,1
blk_-7823113115145319017,3
blk_6634951478440356665,3
blk_8786572442448082593,1
blk_-7166897181169092558,3
blk_9015011368271454247,1
blk_1103664705757364718,3
blk_-4379423137719077761,3
blk_-738357684368680789,3
blk_-6713110628124353781,3
blk_-6976529013502649994,3
blk_5027060490904971674,3
blk_6674073078760778265,1
blk_9191390943315740642,1
blk_3651115544809815517,3
blk_-2786362637773867923,3
blk_-8690962675417866127,3
blk_3918307604241872127,1
blk_8419758312265159089,3
blk_-7950079174963300830,3
blk_1819576092045211399,2
blk_7993307969293766480,3
blk_-3780360373776325901,3
blk_-8430971417644208276,3
blk_3495509168615792908,3
blk_-4250706752040073149,4
blk_-4054705365710096495,2
blk_7648932542827762571,1
blk_-578216075324803702,3
blk_5655499823477946613,3
blk_8279277495935606463,1
blk_5940985314944024700,2
blk_-8913593742932988620,1
blk_6380398561955424714,3
blk_7241075854954804785,1
blk_8691662935882023985,3
blk_-5260904025450561095,3
blk_6758832293985756883,1
blk_8772278242464378189,0
blk_9156902191299441177,1
blk_498187604270619854,1
blk_1289152729182196508,1
blk_7904261163872580884,1
blk_-8615929542355995024,2
blk_52382210540737522,1
blk_7339482697466237703,1
blk_-4906965335657534698,3
blk_6627176676923715474,1
blk_-3521594243627785950,3
blk_7611001228405768853,3
blk_3368729281736867209,3
blk_7228855902021006130,4
blk_6461978590516362543,1
blk_8129390726275738337,1
blk_705121082506928648,2
blk_8337177737632835282,1
blk_-1053894180045313982,3
blk_1724610598681804107,2
blk_415931112136552995,3
blk_-8998241987409692042,3
blk_5278917600638801627,3
blk_4616048346604912006,0
blk_6408568374515378328,3
blk_7988179731404585578,1
blk_-4285350283119468612,2
blk_-4008020486042973000,3
blk_4530037575157074308,2
blk_311230975369278533,3
blk_2475271798581452842,2
blk_-7441004192089731220,3
blk_1635047757989557607,3
blk_5711243077426500758,3
blk_1013052923959749604,3
blk_6982820239122633915,1
blk_6972151742097339407,1
blk_7354819026695906720,1
blk_-9153926305989047396,3
blk_6476274754332687394,1
blk_6679264110459459674,1
blk_7732056309542169623,0
blk_9099447004863711723,2
blk_7856764446927554355,0
blk_7077190891094526917,1
blk_8644444045648315777,1
blk_8070517105930106152,1
blk_-903512469111685501,2
blk_6495484866542253279,2
blk_2886048535175099426,3
blk_-8512413998345829498,3
blk_3374217880444090375,3
blk_-516029862489211143,2
blk_7578931385196976874,2
blk_972170951825103892,2
blk_-3996140729462120609,3
blk_5550498736744848800,1
blk_4685974758673810507,3
blk_7710097776320495368,1
blk_5596522462298609163,1
blk_9047594669927952686,1
blk_8376188688993317319,1
blk_-1843739726349858469,3
blk_6894585444911691503,2
blk_8122381680952299577,1
blk_844104329351281298,2
blk_175691478784117391,2
blk_-1566101677959498167,3
blk_7125460219339355941,1
blk_7300467836445934148,1
blk_5680431321749239526,0
blk_6678204668868662991,1
blk_7958933188710925277,1
blk_2340185406486801429,2
blk_1094436236571873748,3
blk_-3227624282084827499,3
blk_-7886510242468883013,1
blk_8334464915291471396,1
blk_1903429521169518417,1
blk_8491300596351893305,1
blk_-7114459675394721261,1
blk_8809181567863476639,3
blk_6088520180283142117,2
blk_7494477384120849189,1
blk_-1245671336216873902,3
blk_-825673385412450837,2
blk_4182007503642161508,1
blk_5401050599579573991,3
blk_6194113256567803673,1
blk_-6680054068554267213,2
blk_5535707581263549954,3
blk_5992985723196706292,1
blk_7746961239245184170,1
blk_-4571472457193511035,2
blk_9169137031804201760,1
blk_-1338913306398902295,0
blk_1671930708403290101,1
blk_6730848463245292204,1
blk_5916280203093384274,1
blk_8050750444299153334,1
blk_5694818654362971398,1
blk_-996576380353349895,3
blk_7140191580061461005,3
blk_4411042975544026867,1
blk_-818911709088137522,1
blk_7232788674686660193,1
blk_8406707732182275154,1
blk_6490018413005555473,1
blk_-7789385477731767375,3
blk_5222055776290851253,0
blk_8597934507273536831,1
blk_591005947029800175,3
blk_8348425125709462625,1
blk_-7807304727523270380,3
blk_7733203438703013473,1
blk_7796909078356362918,1
blk_-8496136673638942721,3
blk_5031810651735641335,3
blk_8045514054800757849,1
blk_8220345006364305051,3
blk_7110368995340240356,1
blk_-6461163340371287150,2
blk_8715198256407388074,1
blk_8948955483367639182,1
blk_6076775475302832283,1
blk_-644962657919345373,3
blk_6331475185557024937,3
blk_-4080589395435356248,3
blk_-8235423384944047527,1
blk_-5482314881654868456,0
blk_2780847014176673561,0
blk_-7256890731807167181,2
blk_7165068254440859422,1
blk_-889505165604286160,3
blk_-3898914702533376268,3
blk_6138929469320223865,1
blk_7404383946257649791,3
blk_7419596232577307647,2
blk_8434507904897734617,1
blk_7741160365275128465,1
blk_8688728481655387836,1
blk_4423771695440128520,3
blk_-385340284638095564,2
blk_8620961165414035110,3
blk_5917639993834019319,3
blk_-3802281869805706944,3
blk_5068798635444424024,2
blk_5616090514329226263,3
blk_6306360788993780077,1
blk_7440999138872311416,3
blk_9046507638377758757,2
blk_-1342492894333170617,3
blk_4750568695782637120,2
blk_5071340847287598257,2
blk_6260500263492639467,1
blk_-345400269945052479,3
blk_7828258332250783037,3
blk_8922711032787683139,0
blk_6054721915446686516,2
blk_8950039394661948292,1
blk_6665694299186506680,1
blk_6248037898203830209,1
blk_-6698655194080322268,3
blk_6508202380167336644,1
blk_-7035886467210641729,3
blk_-71921474325362114,1
blk_3609861160995603508,1
blk_8519611909381248159,1
blk_5151617445608067508,3
blk_6160560359093163352,1
blk_1186366743774299689,3
blk_837818147181820378,3
blk_6211093337203440592,1
blk_6117862191571106850,1
blk_-4173708823142350722,3
blk_6816734006332793764,1
blk_3381030911725573744,3
blk_8439283288654894346,1
blk_-6309959108682257449,0
blk_8535334386517758600,1
blk_-6707943627110094993,3
blk_1589726665419781670,3
blk_-1514077438187430060,3
blk_1612456805751325382,2
blk_5967154252863407334,1
blk_5556740469708271387,1
blk_2384016608757456393,3
blk_8744455227027015216,3
blk_-4337471979107455443,3
blk_5893416518081510763,1
blk_4284099996556810257,2
blk_3651182646119041301,3
blk_5798626591879061449,3
blk_-5854821728859733105,3
blk_6532149233050804312,1
blk_-7530883351171971783,2
blk_7481276284099003760,1
blk_8120536530154813592,1
blk_8767659770273416805,1
blk_5595024889580471449,1
blk_-5787994660972737688,1
blk_6369232194743667945,1
blk_7562917580450230996,1
blk_-3161252928134528136,0
blk_-3512286136465971130,2
blk_1050902176407509595,1
blk_7907718090146323805,1
blk_5861800484980668140,3
blk_-5838318588397591785,1
blk_-5963203213757174009,0
blk_-2716592063343736474,2
blk_6447610061597348881,1
blk_348119835213310400,1
blk_985463838607094751,0
blk_7578708328865625755,1
blk_7778781947775562290,1
blk_5693201698191848123,1
blk_8897645960277401081,1
blk_909670856064176881,1
blk_-5188205389963318479,1
blk_1934654122197815222,0
blk_6078218965812170468,1
blk_6292548686868081949,1
blk_-38454789667996983,2
blk_4376260509120278976,0
blk_-8278180337937717684,1
blk_4926430289735925794,0
blk_5579337818045353477,2
blk_8067471121391249682,2
blk_-6582237534180327919,0
blk_821508508777061675,1
blk_3760974526630799393,1
blk_9128177608810368221,1
blk_6830523008763702655,1
blk_-3073079657309945405,1
blk_7077318901566671912,1
blk_7246444061543985982,1
blk_-3812358412124054925,1
blk_-6381635380346464001,0
blk_-6361080084292172796,2
blk_-6126114069258816650,2
blk_5675628926793198997,0
blk_6827219869244446211,1
blk_8432450707449219262,1
blk_7888801501065136937,1
blk_9105440943211972090,1
blk_7070866759194251245,1
blk_9157743944478646706,1
blk_7870637983220491269,1
blk_6340584627880285054,1
blk_7338606065714475700,1
blk_-2458816216441152079,0
blk_-8429513076362004459,2
blk_9080047896716934701,1
blk_-7390899958692083714,1
blk_1492281177112828059,2
blk_6728751894861408046,1
blk_7046184063586931816,1
blk_7611414838083267542,1
blk_7326157984777130681,1
blk_8306048640694147137,3
blk_6191701550830594937,1
blk_5721161651522352040,1
blk_7055425783278860585,1
blk_8330015014693468824,1
blk_6952722105207900411,1
blk_6968008900992943110,1
blk_-1175789576719954515,0
blk_6483409970795079454,1
blk_5615206558643521919,1
blk_-3890397268731433254,0
blk_6280355875910894749,1
blk_2398564323481808503,0
blk_8439298356095302674,1
blk_7470519607579441618,1
blk_5084248996187419800,0
blk_9128939391119796205,1
blk_-5561227004498472461,0
blk_9175125117326979185,1
blk_7666767394569330945,1
blk_5005284232080421768,2
blk_7409864128615420937,1
blk_-4776383694112257365,0
blk_8885483585603891742,1
blk_6528618419856127452,1
blk_8517305018453684989,1
blk_6767485791107866350,1
blk_8262988763161228001,1
blk_-3365617947895942939,2
blk_8800329227846825551,1
blk_8238660969414746675,1
blk_8917089320998981698,1
blk_7939498436940047197,1
blk_8397582410051192417,1
blk_9208483601823077132,1
blk_341612942232923320,1
blk_-1115789375060074296,1
blk_-973448710305633761,2
blk_-2399207036847753626,0
blk_6473666408365130853,1
blk_8020970289115970644,1
blk_-4929282385926643187,3
blk_5975832889941330707,1
blk_8171969091614546948,1
blk_8090640564530417217,1
blk_7153545638299258109,1
blk_8583024881776239269,1
blk_8224703703678191808,1
blk_-8959809584909308524,0
blk_8117609636690475843,1
blk_6479178595109659591,1
blk_6705616856549778158,1
blk_5690148043499308477,1
blk_9001519821228036486,1
blk_-5426282504664657154,0
blk_-2379784661603652308,0
blk_6693880093012698686,1
blk_5944318202412257726,1
blk_9203652544205034024,1
blk_8268389679534591342,2
blk_-1788960961597306137,1
blk_-8622052839122695616,2
blk_6560520357069816733,1
blk_6572099127144408646,1
blk_7151308784443353271,2
blk_6369801302430296251,1
blk_6297218813808115624,1
blk_5944248660689148013,1
blk_-3816774600035312135,0
blk_7815287898318176941,1
blk_4582324676804681127,2
blk_8117760249286429215,1
blk_7977260554670206630,1
blk_-6717550663263219116,1
blk_3383891180375921968,0
blk_-4350413133248841553,0
blk_8309767809208787824,0
blk_-2371092231978598393,2
blk_7035178351798876499,1
blk_7596566442347952293,1
blk_8990996985511854842,1
blk_4507650361779638314,1
blk_7524498631400849391,1
blk_-8873714782897089233,0
blk_4054061801436713948,2
blk_8444030391455893232,1
blk_8212224026615209719,1
blk_8542762486739162614,1
blk_4921148338952664589,1
blk_6960842604298900623,1
blk_-4821981528945961019,1
blk_-8907899883108571720,0
blk_7802516218262291868,1
blk_8645621046290520763,1
blk_-400148118409627480,2
blk_8364486706195421389,1
blk_7271532409555340754,1
blk_5719919874029789718,1
blk_4504319170783595613,1
blk_7911983445372989672,1
blk_8286997930828113946,1
blk_7861747861806560881,1
blk_6123518563972496486,1
blk_1956235699312731515,0
blk_7845556774902329973,1
blk_-875930992625379042,0
blk_7185715312068829621,1
blk_6277965824910200016,1
blk_9166223071766490924,1
blk_979700647323133958,1
blk_7633031385113275060,1
blk_-3042773258961830175,1
blk_-1524391866684578096,0
blk_7045714177094775631,1
blk_1802024797475971859,3
blk_7471994667836091934,1
blk_9075186058745327157,1
blk_7068377273349697602,1
blk_8660315377473081828,1
blk_4831845731467776723,1
blk_-4833369453299508531,1
blk_-6256523844295704132,1
blk_8698041851682406150,1
blk_-1859736479321998923,0
blk_8778297835340841956,1
blk_8879630430757531084,1
blk_7227677134963934130,1
blk_5978559904841590463,1
blk_-8700726337104276450,3
blk_527224723261014863,2
blk_9023619674688985651,1
blk_8084974946914804342,1
blk_7015544239683298772,1
blk_7800531101658200642,1
blk_8785276941576499509,1
blk_6986472724592426203,2
blk_7377780068391921784,1
blk_6080310989519423080,1
blk_3301412676771969066,2
blk_-8837751772213873965,2
blk_6374677629190419104,2
blk_8173754126250020272,1
blk_6468709650545409041,2
blk_-8166136222958669828,2
blk_7244460368664462157,1
blk_1013915515115022550,1
blk_6259970747640821785,1
blk_-7048605312692097157,3
blk_-7744956299258046156,1
blk_-4480006628188148793,1
blk_4475337902680882916,0
blk_-2947878294416855818,1
blk_7247104367936587616,1
blk_-7137191921641185665,0
blk_8831127585963837991,1
blk_1534098201120746375,1
blk_-8315753012739764497,0
blk_7937361825187519811,1
blk_5058064350797447052,1
blk_6800477859721443164,1
blk_5122228669348706306,3
blk_2443231155257961181,3
blk_8664984985766018973,1
blk_3699529877055547849,3
blk_6542592144596063478,1
blk_7891669683170415651,1
blk_2338620841917554478,1
blk_7205499313242209418,1
blk_-2289190364949247136,2
blk_-3827117096732588878,1
blk_5017867792299986342,2
blk_6116423741386314122,1
blk_7695801296214111206,1
blk_-1792748662720798948,1
blk_8951972176187782284,1
blk_5561672893087368917,0
blk_8607502700268326839,1
blk_6987287612459756428,1
blk_8976574737301331436,1
blk_31528551689322018,2
blk_9189829757055547204,1
blk_-5124277339530101302,0
blk_7279085185784654625,1
blk_-6372508446258679909,0
blk_5492131203535798033,1
blk_6988640886101758203,1
blk_7686751265262542313,1
blk_8626711065462283082,0
blk_6421814190655813844,1
blk_8663978196853685461,1
blk_7285539307153666222,1
blk_-3062036611573455407,2
blk_-1056146044465516770,0
blk_6998695636062901479,1
blk_6426749465098161160,1
blk_6550840151001335020,1
blk_8329493730632951778,1
blk_6637331410338798657,1
blk_6825656920991228247,1
blk_6541176395940413472,2
blk_9143596085073025381,1
blk_5061163845920480126,3
blk_-9078659237827651009,1
blk_8392647346978487388,1
blk_6936745390814853464,1
blk_8831455006572826911,1
blk_2317062578579088084,2
blk_8216176854794450265,2
blk_7969803589992265709,1
blk_6699351905857735579,1
blk_267545836984299224,2
blk_8626981570578162877,1
blk_8441347481868585838,1
blk_-390454227562682384,2
blk_9009284017231286782,1
blk_9077460163663143252,1
blk_7609331187624383523,1
blk_-6224209799559629115,0
blk_8601912865320451150,0
blk_2896782034597806562,3
blk_6852878524841122441,1
blk_-1697824719508938257,0
blk_6890534330963336317,1
blk_8929213848214220730,1
blk_-4482079218267359526,2
blk_7140381232887966765,1
blk_6587615171474300533,1
blk_-1393209023864798905,1
blk_8740873472498118847,1
blk_7676871324168480817,1
blk_7457489958257876280,1
blk_-4449482171026800837,1
blk_-7355700049897792462,1
blk_9105510332823761841,2
blk_-7282576474355941730,0
blk_1378607816818271109,2
blk_6292987407746152197,1
blk_8168237672535404218,1
blk_8633570169930094802,1
blk_7286585381804565885,1
blk_5542860392987220139,1
blk_5888483547793999999,1
blk_702438049392098871,0
blk_3726992320454016827,2
blk_5399288582262943595,0
blk_6187657171752275636,1
blk_8113796428286657312,1
blk_6459932863338682522,1
blk_6253004588541226895,1
blk_6368777709925222693,1
blk_7166890299061182463,1
blk_-7900105428093223350,2
blk_6009355152338616370,1
blk_5846284641399254942,0
blk_6618919380671775349,1
blk_6169396083077559363,1
blk_-2883335855198380181,2
blk_6742283287258893437,1
blk_9019774374352638222,2
blk_7144759495830480653,1
blk_6672649736817971032,1
blk_7478260833980102738,1
blk_5487342086303703565,2
blk_8230174028369191163,1
blk_8412163306694739917,0
blk_7407450283408383255,1
blk_-833065193031604757,2
blk_8142769808864331129,1
blk_6629328366790910134,1
blk_6810764630501429648,1
blk_9078296081381416140,1
blk_7829923467534636523,1
blk_8234858690572948833,1
blk_4364415248191996388,2
blk_6856990755153608244,1
blk_-2574907889527850822,2
blk_4489289123482043991,2
blk_6323566418832644828,1
blk_7552438830274415316,1
blk_8898984138355879299,1
blk_8996398513509601567,1
blk_-7307336853972019951,2
blk_7326445640831728009,1
blk_7492334511816458014,1
blk_6514604920697791423,1
blk_8747530760423128990,1
blk_8385848170438460419,0
blk_8343509891822709889,1
blk_6118405384626266035,1
blk_7074294278484564498,1
blk_6908312568339762167,1
blk_7033904184224873,1
blk_4603971177646842551,2
blk_-7992363445586227283,1
blk_7659983015573386858,1
blk_652897510600137428,2
blk_7188725293224652997,1
blk_7282477512681147868,1
blk_7796154739038323994,1
blk_7230601819868986064,1
blk_6314184474562200531,1
blk_9084664046034070511,1
blk_7725753800955686158,1
blk_7165075119817977274,1
blk_8731773449675021682,1
blk_8371908956560742527,1
blk_-3932396129818347320,3
blk_7409930106303228094,3
blk_-1506545441946148907,0
blk_7684113295741525092,1
blk_8697321460215167496,1
blk_2932425523370487977,1
blk_-7814494669530314359,2
blk_7789926925619189263,1
blk_6119401648320094134,1
blk_6636118830015917619,1
blk_-340882880155962393,1
blk_-6423825428496131213,2
blk_8280568904597422013,1
blk_1537477060937107206,0
blk_8898390659480763956,1
blk_6849769618571041219,3
blk_5860077780769610914,1
blk_630134681376986693,1
blk_7065478778587743162,1
blk_6469063451778532704,1
blk_6419710242151747069,1
blk_-6291324262516050363,2
blk_-1598936469494440196,3
blk_4954980044335715168,1
blk_2148039512317866463,1
blk_7574002160222212151,1
blk_5630831779443121108,1
blk_7154573268594225800,1
blk_6942839481798575768,1
blk_-2623271032174515097,1
blk_4644050426189909403,0
blk_6800393128070641174,1
blk_-8087838020563427940,2
blk_-1237761367405440842,2
blk_6877956459401318953,0
blk_6735013175234703609,1
blk_8928390345318878230,1
blk_-2029403157935259657,0
blk_5389935168459786995,2
blk_6024230292207069307,1
blk_6970293409503356836,1
blk_8853071724461769717,1
blk_6454831061498690073,1
blk_7289674447455988517,1
blk_-878226404201600469,3
blk_8696850099245905081,1
blk_7706272899520980888,1
blk_3881968576815915544,0
blk_7016621288596667634,1
blk_3614174219325101903,2
blk_7981676599527810541,1
blk_9125811960799044517,3
blk_5846281757677469893,1
blk_2106560476982252490,3
blk_6553146209195245272,1
blk_1329247118075131820,3
blk_-7259840076585091534,2
blk_-4686963048970208655,3
blk_6911226572869900396,1
blk_-3401980579254106541,2
blk_8370322625840217655,1
blk_8282438813041563242,2
blk_2122546631085984979,1
blk_7588648943239595421,1
blk_7732318539850895723,2
blk_7231977782354157534,1
blk_8252411641750633815,1
blk_6516328695941429217,1
blk_8770736891029233107,1
blk_8167011656388500966,1
blk_5914565592540051374,1
blk_8111526829023621414,1
blk_-1058736250385103570,3
blk_5724318491431283449,1
blk_8666708531544010548,1
blk_-475194732615558399,0
blk_2985612137550569836,3
blk_6862549344262628759,1
blk_6525002432493299202,1
blk_7463737290662556342,1
blk_2708521291191538674,2
blk_8805335539924304993,1
blk_-1577708451963665269,2
blk_6405062229988011004,1
blk_-4256740935201881590,2
blk_7322411411910994017,1
blk_6943938016624291710,1
blk_6536266153574466516,1
blk_6243862681479854531,1
blk_6445765736396730200,1
blk_6241445693528326526,2
blk_-6517512542018784198,2
blk_8162471666846764002,1
blk_9048325645522759023,1
blk_7700078981453378241,1
blk_9155223539654781852,1
blk_7013933816171440042,1
blk_5243544346041958064,2
blk_6688566642960064379,1
blk_6318477706070474669,1
blk_-7799450909658498902,2
blk_6977619499777467025,1
blk_6233140197032014083,1
blk_3724078264647465008,2
blk_8369688107369197337,1
blk_8385734748761204156,1
blk_8489028136442465906,1
blk_7791183456399334770,1
blk_8018095273769712279,1
blk_7029693330729062021,1
blk_6956805719646592390,1
blk_7492054450393145036,1
blk_6184580828751644746,1
blk_8768718200407235170,1
blk_8224190405675190649,2
blk_8210610031364451068,1
blk_8962962002465420026,1
blk_-4168358248370058547,0
blk_7115524409619947344,1
blk_842468953181541639,1
blk_9101481688845222238,1
blk_7682626440651846486,1
blk_2261330453935422287,1
blk_10161372395851679,0
blk_2465367120046703002,0
blk_6279226377833208445,1
blk_8447282804405627397,1
blk_7249353876612201416,1
blk_8250322697299189070,1
blk_8929847895072561921,2
blk_8524028728063965384,1
blk_5322258057019582157,0
blk_9173359130005151383,1
blk_6138275653843105524,2
blk_6730003158114393610,1
blk_6617537201234211258,1
blk_7409744673710095950,1
blk_9115325316665927197,0
blk_5404680305661784295,3
blk_9083654111707458735,1
blk_3651583952245400173,2
blk_8288450935293784765,1
blk_7982488211337977852,1
blk_-3981094063628739869,2
blk_-2724835484351657869,2
blk_-1692636975856873042,2
blk_8267739806892809710,1
blk_6466575377257687694,0
blk_-3320609737121307853,0
blk_8506107502689579875,2
blk_-6616359021266761192,2
blk_4625782448782799068,2
blk_8047880127072755222,1
blk_7579511796978054226,1
blk_8247431359365267989,1
blk_7055855067659268030,0
blk_7270296855281899841,1
blk_7703738555891404503,1
blk_7897426045083448062,1
blk_7761218434403399014,1
blk_9182166073655194136,1
blk_-50374951794186726,1
blk_7956317826230346007,1
blk_6266670678986077377,1
blk_9181414274741530589,1
blk_7309758335789097541,1
blk_-1754560318630976998,2
blk_-2440514303546178666,3
blk_-8301050054898785224,2
blk_2570776714084171401,1
blk_6808545657467949985,1
blk_-6708709771014885601,2
blk_4886883507473030687,1
blk_5063292277086249043,3
blk_6241659180411036866,1
blk_6923737447089978706,1
blk_7849844414764236759,1
blk_5557931220054090715,1
blk_8563433617956233031,1
blk_8155525482297145877,1
blk_7607280292307240752,1
blk_8571396939235976514,1
blk_7609751594224317584,1
blk_8001407745867790389,1
blk_3761366329829884360,2
blk_-2705986310204860977,1
blk_5526731909268756620,2
blk_7967079749666190462,3
blk_9008763276587232601,0
blk_9055169951804696048,1
blk_-6114112147736277526,1
blk_-7063587080746624618,0
blk_8607570141249326904,1
blk_6816096533430491827,1
blk_1410300389944095052,2
blk_-3881237209662032029,3
blk_6427525876486121727,1
blk_694810806667791550,0
blk_7070944352278343241,1
blk_7294363748735604576,2
blk_8903135874045905030,3
blk_-5818912873103111249,0
blk_7379367415790314306,1
blk_6727379566056481468,1
blk_8041568321788609372,1
blk_7705093066831726824,1
blk_6893696200423380966,1
blk_5651712915331846342,1
blk_8297289686549083762,1
blk_6949364596195975701,1
blk_6383187317780719654,1
blk_-5182566297162996930,2
blk_-7914550273995278453,1
blk_7594704746556807673,3
blk_6269206042423993350,1
blk_5338696860453256693,0
blk_-6323025529026437750,0
blk_-1911461342158079046,2
blk_3588335575867559711,2
blk_7564728775837123490,1
blk_8579556956173460652,1
blk_8995442491169536841,0
blk_8219671379759071586,1
blk_5598787603909496036,1
blk_8540468447364516926,1
blk_107368046758875760,2
blk_6260935727808405788,1
blk_7452698876268041120,1
blk_5165986927892111936,1
blk_678564844218290580,2
blk_6524504537283197555,1
blk_6891623928703809201,1
blk_5169356194192925199,2
blk_7999338638038110067,1
blk_6458114222245488491,1
blk_7450066612452549684,1
blk_-1966212487655342959,2
blk_-3722242846122457418,0
blk_7970159892880746343,1
blk_4449555216122742827,2
blk_7234902659706868555,1
blk_8915426233655465091,1
blk_8520721369739431294,1
blk_-534839078251631179,1
blk_6117154140616483030,1
blk_7010555511470433315,1
blk_-7730314266621277657,3
blk_-3000455545500713647,2
blk_-9089463310451302880,2
blk_7678719325816557716,1
blk_6342058830074091144,1
blk_8485492464227188775,1
blk_6350648383081157782,1
blk_5938178326815045920,1
blk_6865872016027479570,1
blk_-4364732810285057372,1
blk_7186435256333277418,1
blk_7891096120845330482,1
blk_8505102527239242818,1
blk_7910660205648976012,1
blk_-3049297907286043052,2
blk_6328089477119915813,1
blk_6284433621850048208,1
blk_6395936707018910354,1
blk_8520283088437720503,1
blk_-3038547685706154572,0
blk_7867003288536641712,1
blk_5756297956169755636,1
blk_-6617484582523629831,2
blk_3636627451071911212,1
blk_6361458064622895552,1
blk_-2345900761456338794,1
blk_-4976349816970703969,1
blk_7132036880371717791,1
blk_9078256672028374355,1
blk_-3067190667557705714,1
blk_7266929756094725568,1
blk_-7268496771824664370,1
blk_6676861303840407948,1
blk_-2443713814077104406,1
blk_2367759722455926,0
blk_7197017431842982644,1
blk_8596630697311238677,0
blk_2542373962323809409,1
blk_-612919509046407150,2
blk_-8833164322978405718,0
blk_8653585768954461739,1
blk_3102755127307027778,2
blk_7326176602695982563,3
blk_8205570529791176657,0
blk_8272242278763143203,1
blk_7326509843245039905,1
blk_-4920790976351901710,2
blk_6028939926486555816,1
blk_7408910108050283890,1
blk_8616028175453141868,1
blk_6665376869678757333,1
blk_8369110636105526271,1
blk_2433455905464707000,1
blk_8741916475958902694,1
blk_8548002679263783012,2
blk_7086222712481381738,1
blk_7244593234449889615,1
blk_7118729909549082669,1
blk_7034003875774397801,1
blk_2061296703287012520,0
blk_8926099987976921977,1
blk_1850750538168192013,0
blk_-22687409095017832,2
blk_8555307049559933996,1
blk_-8724986964140924983,0
blk_8994571870264567677,1
blk_8112211760276572843,2
blk_7081680238140569482,1
blk_6057637373405086504,1
blk_-2419612621273550341,2
blk_6469549791866439581,1
blk_8000455157752586947,1
blk_9149371175549128815,1
blk_5561004851099232345,2
blk_6928958600800518153,1
blk_-475930915296484234,3
blk_-839339299010195448,0
blk_6951671168157596932,1
blk_8088737427349814816,1
blk_6468630155721018026,1
blk_8250100086073716654,1
blk_-8327735449938235030,0
blk_6948919286158445531,1
blk_6519315449687056465,1
blk_6556854018013706836,1
blk_-2287557958584187218,2
blk_7416594254535012490,1
blk_7407365935722115229,1
blk_8674985994367284744,1
blk_8985398501672028637,1
blk_7327355118935042963,1
blk_4823340728826004187,0
blk_7318090995548918210,1
blk_7582662423282124629,2
blk_6747468559969401464,1
blk_6187085695645674395,1
blk_-6208025750913291493,2
blk_6979703132152012172,1
blk_8191527034384296154,1
blk_7262069517196762970,1
blk_6084361967130979319,1
blk_8161823916258765959,1
blk_8870285448764392415,1
blk_8902770467298325980,1
blk_1014380187054683379,2
blk_-5638766481773788134,3
blk_5921817374228131331,1
blk_6546299096876364086,1
blk_5938984914700945386,1
blk_8666997314427077152,1
blk_7408183644649111279,0
blk_-674038267287225993,1
blk_-8280667886266909657,1
blk_8715252589898667746,1
blk_6006514553005562507,1
blk_9066975219689833606,1
blk_-6381972635699314321,0
blk_-1836856135483263216,0
blk_8894846928854396344,2
blk_9099862364233072108,1
blk_8483299944948057911,1
blk_8924513900062642795,1
blk_7931406697100667221,0
blk_-3950023162729600196,0
blk_8156783381398720438,2
blk_5775313858534270295,1
blk_2777970859928431844,2
blk_6630528014042364114,1
blk_8011097470639144647,1
blk_8158905399020261272,1
blk_8321182769620644361,1
blk_6713915344567455699,2
blk_6426129572329609096,1
blk_-4214855226599188682,1
blk_1657338815975475142,0
blk_2522553781740514003,1
blk_8081477596440264587,1
blk_4471277917884737507,1
blk_5593932092753860059,1
blk_1963738726988386898,1
blk_6635929580645357395,1
blk_6055242971853724663,1
blk_3081505097325331819,1
blk_7313252717223777072,1
blk_3991288654265301939,1
blk_8533574215608282528,1
blk_-1552858841299377083,1
blk_8153093380423260913,1
blk_5759232099886307930,0
blk_720939897861061328,2
blk_7552754153218157253,1
blk_8432995890005138660,1
blk_-5306604447003537818,1
blk_4749269437872176204,1
blk_8576849728203563956,1
blk_-3782569120714539446,3
blk_7352364190739395545,0
blk_8562341721574560868,1
blk_8142851643861752003,1
blk_6719167796042842647,1
blk_-391451948830148835,3
blk_7593305817693273458,1
blk_7799896041613634042,1
blk_-8236001135820955778,2
blk_9145074741161645331,1
blk_6922610086314137917,1
blk_8706601874630001410,1
blk_1477943847288136654,2
blk_-2012154052725261337,3
blk_7387631781778889611,2
blk_-4465316227819828158,0
blk_-7035744497747347911,0
blk_8374531527964144981,1
blk_8363825967761106923,1
blk_8496719830013145561,1
blk_-314845179101849450,3
blk_6831454415491519628,1
blk_260620186872930989,1
blk_8087947521276878701,1
blk_7427311606938902699,2
blk_-583755893603774735,0
blk_7374709106151168632,1
blk_8799427167471793213,1
blk_2453693887431218179,0
blk_6569144868585892594,1
blk_-2330686202104247502,1
blk_8628742091277941522,1
blk_-3139770782211095416,3
blk_-3518530996046224831,1
blk_7727811129895534109,1
blk_7036163689583059244,1
blk_8013890998059679632,1
blk_4187081574847375925,3
blk_-3813484365075463003,1
blk_8991556480343053777,1
blk_6248210333079836276,1
blk_6331191059322192725,1
blk_8240042894352190894,1
blk_6426032162622263299,1
blk_7559333992354206132,1
blk_4129044506104250129,3
blk_7315188558247791769,1
blk_1651048940955539178,3
blk_5133973138291673173,1
blk_-4384718535947902567,1
blk_1807590704971347594,3
blk_325877509368752389,2
blk_-5495004948308308542,1
blk_655145032406120177,0
blk_2966639457957050889,3
blk_6736541753278460661,1
blk_7012496022008379140,1
blk_608757936160530604,0
blk_6191941085495574970,1
blk_-112721580735521816,3
blk_8502446789439078837,1
blk_6316591294441432647,3
blk_8542191505673802891,1
blk_7188062328584066074,1
blk_8922279868486704699,1
blk_8402677068976226694,1
blk_8746855890221758152,1
blk_8146668259378067274,1
blk_7632636225995985216,1
blk_7889653372517907372,1
blk_7316540384577224466,1
blk_7907741883202298190,1
blk_8272698438262522174,1
blk_8376304650304651012,1
blk_8834199392847238847,1
blk_6201999709571924737,1
blk_6259903899773103081,1
blk_7353257698537476253,1
blk_8638317821994847744,1
blk_6679238478863892656,1
blk_5967355641870244476,1
blk_-81196479666306310,1
blk_-5375761801379702192,3
blk_-1982409980745217080,0
blk_-6832095443318823483,2
blk_6200937721715979952,2
blk_-6901526900091679050,2
blk_7984772650922590909,2
blk_4936337556244977588,0
blk_-8654794761711657290,0
blk_-1037382092281707383,2
blk_7689308193552727815,0
blk_-5852565099013262190,2
blk_-5886747725125568590,0
blk_4557464720347733770,2
blk_-5874025563140050269,0
blk_1400107207419449740,0
blk_6485515335854117091,2
blk_1895934239229256021,0
blk_3395133518809630679,0
blk_5180799873853102151,0
blk_1025570355574478295,0
blk_483373968992124781,2
blk_-1358113201009012737,2
blk_2658647711710259267,0
blk_4901161572518973976,2
blk_-2030825690789360131,2
blk_7430537886199072862,0
blk_-5787717996401499079,0
blk_8585897203307243105,2
blk_-7033131857357682853,2
blk_6144600189522546456,0
blk_2252756243225057704,0
blk_-3411827924730412650,0
blk_-695991674172839503,2
blk_-1827505594193570597,2
blk_5283671511370610117,2
blk_-1726073040906036496,0
blk_6225923836540801454,2
blk_-836853174684251672,0
blk_3090302851835014282,0
blk_4864073536579855876,2
blk_-1409892154214324615,2
blk_-7743936439871640241,2
blk_-8024728684525983897,2
blk_729943448031782627,2
blk_2923327197562169032,2
blk_3542989406404689319,0
blk_-8056711706345868316,2
blk_4842434408945539626,2
blk_-8354961174666555278,0
blk_2975506313921274364,2
blk_7167485293862220799,2
blk_-2783750178446403148,0
blk_7671752652817175704,2
blk_-8214803943233160052,2
blk_-7517808624302212654,0
blk_-4689346046791954094,0
blk_4559402316582264495,2
blk_7219853452601241512,2
blk_5921355679437606672,2
blk_-132616217973717991,2
blk_-9124487625517814904,2
blk_-3220473967445819946,2
blk_-3139295325345832228,0
blk_6639634636048493135,0
blk_4955589312593913074,0
blk_5131936381722286927,0
blk_5440786485993825323,2
blk_-3251183036010716067,2
blk_-6478525311727966944,2
blk_-7218315672904010670,2
blk_-5192746319574887108,0
blk_3913570633115027799,2
blk_5187785133422516687,0
blk_-232559757017743980,2
blk_-8671810860819995274,2
blk_-7806517985321018912,0
blk_-7804601604019148864,2
blk_8474023037146780938,0
blk_-7624070226086219855,2
blk_2635118311038381031,0
blk_-1450857853764930928,0
blk_168369665377960833,2
blk_7295473802261642120,0
blk_-8623267317495025448,2
blk_3595608790986508957,2
blk_-5106728395784665560,2
blk_7250999824855848385,2
blk_-7613713447275547901,0
blk_-2589468554827151264,0
blk_5688975020123929043,2
blk_-4259500550695716342,0
blk_-6309020118724651791,2
blk_3300036585882136860,0
blk_-6144363113675839011,2
blk_-3723215895303088704,2
blk_-6998616096123712592,2
blk_6470429907316635057,0
blk_6966088124272432986,2
blk_8447304555216442361,0
blk_-6966899375950123053,0
blk_5377319101759129070,0
blk_-841761376006594697,2
blk_1595098148341267217,0
blk_-8935674201866607100,2
blk_4048385908471538992,0
blk_-5825454793561769523,2
blk_-6222553759038393716,2
blk_7088882521686707712,2
blk_274975114153261412,2
blk_1708864198261840848,0
blk_7375827875278219734,0
blk_-101140094574068250,0
blk_-4707865832382206160,2
blk_3947935027819481801,2
blk_8985809717514332570,2
blk_8699364577687926041,2
blk_-8517915937116328945,0
blk_7484646688024895395,0
blk_3309773617624921186,2
blk_9103746516362227170,0
blk_-4539144677735606714,0
blk_-2356531211325679524,2
blk_6521361431543934805,2
blk_2025529859349216485,2
blk_6709110537597418848,2
blk_5984083506702118790,2
blk_-5401439407103553476,0
blk_2077446791823894955,0
blk_-1246914074571961537,0
blk_-2849063049163130194,2
blk_-8876281750154728186,0
blk_7579606474647124807,2
blk_6659247087102468832,2
blk_1313005607069010255,0
blk_8475485879944820175,0
blk_-8413263941646689788,2
blk_73539323932777354,2
blk_5327041108414073666,2
blk_-8058390315245968529,0
blk_-2775956599758803770,2
blk_-6546817450389057698,0
blk_1181346386071016161,0
blk_-2164234790578093031,2
blk_8036483707212065366,0
blk_-3507297806241153082,2
blk_4042549065887472735,0
blk_8891536163156997777,0
blk_5545740561950023737,2
blk_-8704271842106212650,2
blk_-995755837710694760,2
blk_-8953284341834937578,2
blk_784796162958762505,2
blk_2515787572899328268,2
blk_5734558729908630896,2
blk_8637542703734801092,2
blk_-146408235365349248,2
blk_-4082565065933249531,0
blk_-7660950180360809044,0
blk_218990333350649836,0
blk_-3391691250879439658,0
blk_2864450982410386591,0
blk_7031175324414481357,2
blk_-496895888313343483,0
blk_6049908083897161003,2
blk_7501408849567210936,2
blk_-4865688807569354213,2
blk_1025206753845780302,2
blk_3995420485491092886,0
blk_3182269483689334121,2
blk_-1844334251513734714,0
blk_-6376413086454297009,2
blk_-1109592805176718471,2
blk_3041842189638232351,2
blk_-7408443801428002752,0
blk_-8600081691650531880,0
blk_-4155136364968264744,2
blk_6176211822485202811,2
blk_6511926755504959229,0
blk_4808119037099690476,2
blk_362549075196269748,0
blk_-3919968003854153239,2
blk_8406434849656132792,2
blk_-1439636261711065797,2
blk_-5654756791119135750,2
blk_5737261529954974334,0
blk_1912823768013993568,2
blk_-6440679321874573487,2
blk_2186267422885389624,2
blk_7097683845896674239,0
blk_3440899043784500340,0
blk_6329409566633677903,0
blk_-2480183680375727581,2
blk_-3845203965546633677,0
blk_3181372051403023750,2
blk_858202669808847008,0
blk_-1017804025702912317,2
blk_8236984515417647527,2
blk_410192589268306605,1
blk_2268800580459058035,3
blk_4612201533349100139,2
blk_3166815381701557749,2
blk_5883422362431973736,0
blk_-539148231797001003,2
blk_3709643589615046481,2
blk_-2307230779221212698,2
blk_6320071784796227148,3
blk_-5245970283750357532,3
blk_-7816569269540514842,0
blk_-7544311838856025943,2
blk_-5823362719250921878,0
blk_-5347262724856941957,2
blk_483473145525649490,0
blk_9119592715327765510,0
blk_1001410261956352331,0
blk_-5557441141338434613,3
blk_-2286210961785180749,1
blk_-809170836133629099,2
blk_3358765551682097991,0
blk_6084637000179833138,1
blk_-5906545075886515125,3
blk_-3588411987248750371,3
blk_2679116441376767148,0
blk_-5683988522655372700,2
blk_5502213642423765710,0
blk_-716469796782878092,0
blk_8410808885909925369,0
blk_-871437775746385243,0
blk_8152504660057551212,0
blk_-3641165058505046581,0
blk_1961727590564963069,0
blk_-8745823365273052268,2
blk_-569636623155127077,2
blk_8990891064389045014,0
blk_-4668365737045433537,2
blk_-795289460271653238,0
blk_9168658336172042417,2
blk_-8398154304261468598,2
blk_-302820907221965559,0
blk_-6192200274693425189,0
blk_-7375622819574353596,2
blk_1697001235822909764,0
blk_4669449465803370113,0
blk_8477531901061355333,2
blk_4728817061432334648,0
blk_5115097064004112493,2
blk_-2086418057178029428,0
blk_7717720559218514250,0
blk_-8791998844742480794,2
blk_5553031815239428128,2
blk_-3016669521214044325,0
blk_-5160223057041907946,0
blk_823304415214322986,2
blk_-2661907055555175622,0
blk_-7720860972260449534,2
blk_8767307462965133460,0
blk_-2251622183590695690,2
blk_110630194245228327,0
blk_-8051783818397270007,2
blk_-8570539367595779667,2
blk_-4950238117597605936,2
blk_-2267343671902298685,0
blk_-6545608636920615189,0
blk_-2135841667901101162,2
blk_-8378656561498125351,0
blk_-1825048612642828133,2
blk_5351909028336141149,0
blk_7385266493294879105,0
blk_3141182836159318943,2
blk_-3887078213141244400,2
blk_-3185482184057916514,2
blk_6063231230842560496,2
blk_-4469164585347832607,0
blk_3742627872241597237,2
blk_-3745331045551528458,0
blk_-8447207746714632976,0
blk_270561832457319869,2
blk_-4911130646416283128,0
blk_1247772529405971615,2
blk_7179850631611902230,2
blk_7428372125339208063,0
blk_-7832158281447441878,2
blk_3459590776259717099,0
blk_7238864820646719903,2
blk_5850263315686549991,0
blk_-6983132330682102890,0
blk_6250326289585782078,2
blk_-7336084072696064503,2
blk_-4792405324502163020,2
blk_-5156345547140447996,2
blk_1609493842903876450,0
blk_-4317017040267542319,0
blk_9148822325284907068,0
blk_2289858423495716496,2
blk_-8790616522432834237,2
blk_1202726998679329629,0
blk_2600312188744552551,0
blk_-5415113178317309289,2
blk_-8995062485310718536,2
blk_-5068956495270741788,0
blk_-3329130617005858713,0
blk_-7084209567437514861,2
blk_-6249513949068253079,2
blk_1280931961199843596,2
blk_3655494542038150073,0
blk_2628481384952850963,2
blk_5304352341841929416,0
blk_-8482072038404577673,0
blk_2962798700095062951,2
blk_-3421466437964222977,0
blk_79594764597837785,2
blk_5869270722798009822,0
blk_1503597226630870335,2
blk_-3766773059561369073,2
blk_6446411234358978038,2
blk_1417543216500514654,0
blk_1291021597204228064,2
blk_-1972731823922263108,0
blk_-4524578240428659187,0
blk_4162285031904810504,0
blk_7601761122950932846,0
blk_4531697592259604664,0
blk_8103282884172584917,0
blk_-2508758766319822197,2
blk_6004594722764492595,0
blk_-5399815533091686248,0
blk_4467083065632733776,0
blk_3434054944714762230,0
blk_-5087506957008296523,2
blk_-8524312246849031724,0
blk_31253543412420506,2
blk_-1152229491270917078,2
blk_8431665233369987751,0
blk_4755774832927257146,0
blk_-3895339132179340932,0
blk_4436996605309930976,0
blk_-8068791952440579345,0
blk_-4274136823665828937,0
blk_-221060461368524180,0
blk_-1396441433189202873,0
blk_4602202043387314732,0
blk_-4105010414709093476,2
blk_-3769922665905694356,0
blk_-8070294953817527656,2
blk_3223419307451248881,0
blk_2157565120496998994,0
blk_4087132034367978207,0
blk_-3880335352763686859,0
blk_-4600053835251409040,2
blk_-7820738685062033954,0
blk_3889689008984678294,0
blk_7566087999146898621,2
blk_63654201302572241,0
blk_4388821869980016651,0
blk_-1804851422298243549,0
blk_3254937414190156461,2
blk_-2099734869219327273,0
blk_985036953489519472,0
blk_7113736357220593761,0
blk_218403230914330173,0
blk_-5350200197251167229,0
blk_-5656963283700412932,0
blk_-5731640470208962245,0
blk_-8633947693400888963,0
blk_-8927862377800293097,0
blk_-5740056123230815099,2
blk_7518027510915570420,2
blk_5460269159464362853,2
blk_8152787349347627632,0
blk_118342402544239573,2
blk_1630782823490154104,2
blk_7812792413868956497,0
blk_8748149480480855173,2
blk_-2818037931501340477,0
blk_7237752027190682890,0
blk_1900802926280910100,0
blk_-705841740727986326,0
blk_-3268903238714371649,2
blk_3217759778626651788,2
blk_-3339511653230173384,2
blk_8614470359881726523,1
blk_6479634565032745191,2
blk_-7898103999472738243,1
blk_-5491628312561263481,2
blk_-4913142386603731608,2
blk_4533514693696084566,0
blk_7742182202591139988,0
blk_3234830704415668534,0
blk_9071946488426089891,0
blk_-239566619243041782,1
blk_-1927605804917146488,0
blk_-3300683841438127360,0
blk_-4865939206157540740,3
blk_2740710777395401853,1
blk_7355244061318939251,0
blk_8035576111823984175,1
blk_-4123130214641375255,1
blk_-4916217260952140077,0
blk_-6230256196425791462,0
blk_2844700936280949908,1
blk_-3061456591513327251,0
blk_3209890783075391331,1
blk_8271149703789350761,1
blk_2796370224911337707,1
blk_5434002925873277200,1
blk_-2713092558684784007,1
blk_8190021118839333707,1
blk_354668273774119020,1
blk_-2964258488464342343,1
blk_-3126359724254586349,4
blk_-3354449666486148487,1
blk_-2221190796074436326,1
blk_-226106057082609912,4
blk_-6129683979428294672,4
blk_3981517994928723348,2
blk_4069624653932564389,2
blk_-6624920247738861943,0
blk_6103299480368577037,4
blk_-5375146817488963214,4
blk_1420460295446842254,2
blk_3189160191230702786,4
blk_-4380884313697280861,4
blk_-7637582485693929371,0
blk_-6689478440935177807,1
blk_-370867073208864215,2
blk_-1102540618972030291,1
blk_-4841649331192762943,1
blk_1067785590056794973,1
blk_6392912066749206485,1
blk_8777130398971511307,1
blk_-547228339906672891,0
blk_-65587050158021634,1
blk_6053996258931425942,0
blk_864182586941622279,2
blk_-8385698642848275576,2
blk_8603940200949205209,0
blk_8322031721579428906,1
blk_-2050331232183225197,1
blk_2039584846238387661,2
blk_-5858353579447498816,2
blk_-4378630075891566482,1
blk_806158697548112659,1
blk_-3111146854581834637,1
blk_4801842102684134312,1
blk_-8043562501057623084,1
blk_542864004676482117,2
blk_-2230726354787681261,2
blk_-107335658072513887,3
blk_-2051399456238212578,2
blk_-5908718793215009867,1
blk_6747323096784349069,2
blk_-8218174764918607867,1
blk_-4315046133637314693,1
blk_7343037410013445519,2
blk_-6616700135562997657,1
blk_-3736980261187591191,0
blk_-1256413510854883372,1
blk_4311144461909328932,1
blk_-8882928109529084581,1
blk_8365793534529564361,1
blk_1815563099310760915,0
blk_452098396959033163,3
blk_7624625762230858116,3
blk_5211095676195649361,0
blk_8050965965753221607,1
blk_-9175492591062212866,2
blk_-8175902630891825764,0
blk_1515603309402493912,1
blk_-5173991191071758143,0
blk_-3183044574637408172,1
blk_2468829950721891636,1
blk_-5614567843175962830,2
blk_1684134505299265593,2
blk_-4024707188063774769,1
blk_8732509479546292978,0
blk_-993334090344000905,2
blk_8723830762758118563,1
blk_4989727389302910967,2
blk_7392810558101337935,0
blk_6189089042276997489,2
blk_9187102382437816347,0
blk_-2980764315158521261,0
blk_-8153104458606774154,1
blk_5217163460416965906,1
blk_-4454152657041744301,2
blk_-1965993294789440721,1
blk_5051010748021875388,2
blk_-6541958899476400597,1
blk_6899498096286499041,3
blk_-2431919060604937319,1
blk_-7514675883706725216,0
blk_5821297739661977375,3
blk_-1973693764121583517,1
blk_-303843513388409711,0
blk_-8847345504026089180,2
blk_6813723143552840725,2
blk_-2758613289237779885,0
blk_-2764021395069332374,3
blk_-8862139214648078643,1
blk_-6735299746493389126,0
blk_-7228834955740084829,2
blk_-2932309226246656658,1
blk_4838988712528140398,3
blk_1843410922565146904,1
blk_3592393096015070293,1
blk_1426249687575892056,1
blk_1042425857856346598,1
blk_2346655780352102086,3
blk_-5778530161275831104,1
blk_2029032747879738172,1
blk_6568270130829956918,1
blk_2315144762420848627,1
blk_-3758821374430190120,3
blk_2436358378892433993,1
blk_-384271207312851143,1
blk_-1154108739464586907,1
blk_-2424718252323932364,3
blk_5499703735237017493,1
blk_-2716685211097720539,1
blk_1939605521067937164,1
blk_-6656486727905083079,0
blk_4511470514488001289,2
blk_-884205530179308878,2
blk_3898904069515485079,1
blk_759172498794246058,2
blk_-4444720447367261051,0
blk_-2292944922154703046,1
blk_1902786715283151952,1
blk_-6706627275690573322,0
blk_-2331874342822987226,0
blk_-2345551625606173940,2
blk_-2782293923273106443,0
blk_8622674167057724702,2
blk_-8244302516002394844,2
blk_-996675688712353135,2
blk_-2087236197285947751,0
blk_-2149204576221357986,0
blk_-329716723471186523,0
blk_-2114200783886693525,2
blk_7917839154123888703,0
blk_-4182361702567937371,1
blk_1317449840869852788,0
blk_6576787901089481900,0
blk_6110348956427265358,2
blk_-1404877373696450819,0
blk_-5660405241977309928,0
blk_-1529682590710366717,2
blk_-994210250320350322,0
blk_-4408496835706421569,2
blk_7040729642133456394,0
blk_9012549334834184398,2
blk_815762221578937034,0
blk_-5032836152508725048,0
blk_-3430613356399354065,2
blk_2353979918958276068,2
blk_-1888281103816511144,1
blk_7583430447354033655,2
blk_9008945102274674861,2
blk_5117597466517688242,1
blk_-1132186503900024445,2
blk_2375712529737573103,1
blk_-8718513603902979394,0
blk_-6096351907337055275,2
blk_7357896252045195425,2
blk_5093887657697742477,2
blk_4590798055877351814,1
blk_9174110971798374934,0
blk_9121170434910458913,2
blk_7245930659169681101,0
blk_3455420048152391626,2
blk_6427326190263973494,0
blk_8912758845149252958,2
blk_2477683857062696782,2
blk_3564771071145140620,0
blk_361726249026399107,0
blk_132841483105023846,1
blk_6885029891285370464,1
blk_5548551906597094417,0
blk_-1895152179071992820,0
blk_-8402611188371285285,3
blk_-3835594048996201834,1
blk_-8365660885201051740,2
blk_890780302831763584,1
blk_-5621173714159180536,2
blk_-6512706682529546647,0
blk_8275529078474821570,1
blk_6342268411025721117,2
blk_7841740610368178681,0
blk_-7140266820207230546,0
blk_3895309132010913366,0
blk_6726862991819179660,2
blk_-5269095486216482650,2
blk_419342668169278464,2
blk_7401983737313713599,2
blk_8478472804602447411,1
blk_-6069042985780045729,1
blk_-1406154528245975013,2
blk_6094668961883485232,1
blk_-4606969430329993938,1
blk_-6456357185757798425,1
blk_853642548129420067,1
blk_7980576003340577161,2
blk_-6856027291501505142,2
blk_7611910933533944300,2
blk_-243335749170114729,0
blk_-2933375592537839462,0
blk_3730717291493080652,2
blk_7381856612630340835,0
blk_2699669830490893274,0
blk_5527789313828018957,0
blk_-7653402778816279725,2
blk_4379355078530024374,2
blk_7638416944305693638,2
blk_-5036708285229118935,2
blk_-8624293996098620088,2
blk_760631214843174989,1
blk_-3904357826059835567,0
blk_5390453557322966006,1
blk_4290292020591928163,0
blk_-1528632452014028853,0
blk_8872732845191854558,2
blk_7020454344811056730,2
blk_6969780381012732370,2
blk_-6394451309403543589,1
blk_4924089357460094988,1
blk_8643061419542392376,2
blk_5819629937773607027,1
blk_3807187903307242500,2
blk_-3619471581988570271,1
blk_314589605573193078,2
blk_8799466901736871973,1
blk_-3706673759512411403,0
blk_6267543816212478269,0
blk_4857189471206377676,2
blk_-5262890769732040493,0
blk_4534126426873319155,0
blk_3277929332951673120,2
blk_4502758879679336189,0
blk_-4328900959397838500,2
blk_-2913134623154597429,2
blk_-4724928935907297394,0
blk_2997214981138726944,0
blk_2354752253480687604,2
blk_2303949837081403941,0
blk_5143890625177975523,2
blk_-6647484305938017215,0
blk_5942540282024776291,2
blk_-6672936448621008171,0
blk_-3199115276966800158,2
blk_-5153761630904559883,1
blk_-115874126309297958,2
blk_2853794669242563744,0
blk_-653739429774497189,2
blk_8496217663473504728,2
blk_6078631058339936535,1
blk_-4889915990857127349,2
blk_9205813210619045111,2
blk_5712368743231010708,2
blk_-3359509765915592094,2
blk_-71160655947986168,2
blk_-3898357395113322813,2
blk_825396039256423057,0
blk_13576091794040516,0
blk_-8233342013040037471,0
blk_8198631685745990741,2
blk_-7184976615378474173,0
blk_-5372084113519409347,2
blk_-3737921674918135889,0
blk_9178995605594223010,2
blk_244974280738737678,0
blk_-5689601809411362113,2
blk_8373032129127033515,2
blk_6264006419094804666,2
blk_-2783088083234820513,2
blk_1040969022885221408,0
blk_2371088890719789623,0
blk_600116259668742229,2
blk_-5364907177912567563,2
blk_-7331596476482895629,2
blk_2418859370505741698,1
blk_-8003387562112894520,2
blk_-1039524003043675966,2
blk_2675334988370515045,2
blk_-3351564339442973565,0
blk_5529403635286740824,2
blk_-4427994672433086479,2
blk_4833089606552986141,2
blk_5901800424429256619,2
blk_-5757631914637692087,2
blk_5996383180890316506,2
blk_4449811585679973109,0
blk_3110084080572989410,1
blk_-5308853787389046819,0
blk_8334201158179754715,2
blk_-7656247496164488976,2
blk_-2069392239025557788,0
blk_3972515802785181477,0
blk_6168539657544369952,2
blk_-3802346076985626991,0
blk_5948165783689722443,2
blk_2359492765981953422,2
blk_4934422996681330316,2
blk_-3967260355102504698,2
blk_5734837009927412955,2
blk_-1428047713121483268,0
blk_4956516577080443123,2
blk_5234154965415165461,2
blk_-3974675355889229995,2
blk_3689323926200687074,1
blk_-3180804203902598907,1
blk_7007835482610004131,1
blk_-3481307975575135932,1
blk_-3952516180226740121,0
blk_-2193490255126632914,2
blk_-830886882105375052,2
blk_6293249075173320026,2
blk_7743290099177193196,1
blk_-5497310002820246250,2
blk_2466553011951045774,0
blk_5416746509701777286,2
blk_6052636711703035496,0
blk_4310738129757818334,1
blk_-3198798132927366108,2
blk_2470019366374292456,0
blk_-1094004501621779412,0
blk_-347675414807981557,2
blk_4118367058405304151,2
blk_-108513701611164048,1
blk_-8954926052656999864,2
blk_-8085543692363609422,2
blk_-6607464599468622682,2
blk_2302793956334441632,0
blk_-4942515562106804629,2
blk_8354429573212560108,0
blk_4859998730384794062,1
blk_-9223089179759331408,1
blk_-7787729817197223683,0
blk_-7736816398673388733,1
blk_252726837417797968,0
blk_-3067465094089333050,2
blk_6334838125160369294,1
blk_-4992869483213342428,2
blk_-6193129447839639773,2
blk_-3459604684471578560,2
blk_6898689809477097386,2
blk_-3748269111738409704,0
blk_1685840213186748496,2
blk_2438217770491283500,2
blk_7016515906946336318,0
blk_291285239585464711,1
blk_7966568826343273675,1
blk_-1670345449005291582,0
blk_-3443944727116409417,1
blk_-6685623233188578206,2
blk_-3807225116701955670,0
blk_-9209670686249337720,0
blk_8147226720720578547,2
blk_-6025325972722346692,2
blk_6183322254807467499,0
blk_874409746380109328,2
blk_5434505515232753045,2
blk_1933314065197327322,2
blk_8856802872909039049,2
blk_-7116602884220748257,0
blk_-6464693144110449471,2
blk_-5196636566215720782,2
blk_-1892971487626421308,0
blk_-8773235307879442228,0
blk_-330783363729184895,0
blk_-5811594395788216307,2
blk_7863345254350059432,0
blk_6029133874838444406,0
blk_-9007225184902543426,0
blk_6263058485777440238,2
blk_-5623608303450619212,2
blk_2750682976421149482,2
blk_3567139720624041119,2
blk_1959084229543324224,2
blk_-9184021121998585107,2
blk_4004336779878222763,0
blk_7701711577209159966,2
blk_5299750782934088724,2
blk_-2837591380947052009,2
blk_5327280278230724509,2
blk_-6177349282656117258,2
blk_8075660858123476485,2
blk_8780247424142171169,0
blk_1506697408328732571,0
blk_-5454153591205475556,2
blk_7665564724457551479,0
blk_-4447880442901091922,1
blk_2863764524369957130,0
blk_-643943275540659607,1
blk_6282210532303011494,2
blk_-7876926604125961488,2
blk_6979585883357431000,2
blk_8008952759644369920,0
blk_5975810103045819983,0
blk_-3460454494826738655,0
blk_-5772393474507874794,0
blk_-6965928043137233251,2
blk_992694869650988857,0
blk_4510326045517910135,0
blk_4591970750404282303,2
blk_-2153328531003002613,2
blk_-6590978319198373875,2
blk_-4172784701560982794,2
blk_2021907227533305485,2
blk_3069703144109313028,0
blk_2177935763738414847,2
blk_-3914235662075728609,2
blk_-3965552325135040472,2
blk_-8738041473890019928,0
blk_-7525077685712294445,2
blk_-268314970343912231,2
blk_-3972500242909081833,1
blk_-2817583625102393231,2
blk_2511946804126384189,0
blk_6736743274306536902,0
blk_6063944506713308338,2
blk_-5439993453055294123,2
blk_-4457425474319952439,0
blk_-216219311552120267,2
blk_5433196683446269135,0
blk_-8572223614786376009,2
blk_-4854047566403213709,0
blk_1748435502479091375,0
blk_5648847487757818503,0
blk_1506270950246456139,0
blk_5588580972720680089,2
blk_2881694594531087848,2
blk_6525313466427457554,2
blk_9161278863401044490,2
blk_-4367408751916934363,0
blk_-5771727543397489003,2
blk_-190681541074942095,0
blk_521138783128099060,2
blk_7015538779733073024,0
blk_3895412264345504589,0
blk_1352077641799217180,0
blk_3965791480337881110,0
blk_3513293704278041408,0
blk_8463173423554545912,2
blk_-2121104699452462219,0
blk_-1348394210395710727,0
blk_3899470887292960604,2
blk_-3805665983652789617,2
blk_1202751120111620087,2
blk_-7878112304615588701,2
blk_8584304618809329187,0
blk_-83433496301233999,2
blk_-7932039637654277980,2
blk_4484944350396286256,2
blk_6767701784392873645,2
blk_6819581611210910083,0
blk_-7561157296890269484,0
blk_3464816291422953949,2
blk_-6913567934205701357,2
blk_-1044140199656458359,2
blk_852978196600928873,0
blk_3701443208382327429,0
blk_-2819094008974533148,2
blk_-8109601066189289074,2
blk_3762321777878708156,0
blk_2049183340162335850,2
blk_-6837020537448102333,1
blk_-9000431450627588802,0
blk_1301226952486984527,2
blk_1510647092495658548,2
blk_2176170802710962294,1
blk_4301100109735445052,2
blk_-2348626937593869072,2
blk_-3747215158376145722,1
blk_4642462564036909649,0
blk_-2096153790507064563,0
blk_6241896505339430097,0
blk_-7786166176560390905,2
blk_7508789692876683673,0
blk_4707288084485317703,0
blk_-3295827811521109105,0
blk_-5997584741586377879,1
blk_-7359262190615645523,1
blk_-1945616119157468300,2
blk_3476204018256066044,2
blk_-1254028998512164682,2
blk_-4140512950894879156,0
blk_-7780804990139624468,2
blk_-3947877145884772130,0
blk_-1206661804598622616,0
blk_391662116515000666,2
blk_7764993627728828190,0
blk_-3551024644616980077,1
blk_-7782335574727011304,2
blk_372250308144324340,0
blk_6605709525137617500,0
blk_3263978910567145756,2
blk_8795580267481538201,2
blk_7852640741284446405,2
blk_-1469714913061541530,2
blk_5952331096616207472,2
blk_-6105428735944739596,2
blk_5476095996031044380,0
blk_5168309449607402412,2
blk_8847396805876704040,2
blk_5698993206869047348,0
blk_8579240340173890762,0
blk_2091682186088527221,2
blk_8654954716767218568,2
blk_-4015163647266577992,0
blk_6775113937652068954,3
blk_1397920576328168460,0
blk_286661111652750476,0
blk_2489199918193182473,2
blk_-1063951600347102121,2
blk_7749026743660878146,1
blk_7160812974842217734,0
blk_-618892511811798296,2
blk_4765927824833903849,0
blk_-494040091137357435,0
blk_5034805907531513664,1
blk_-8791567400994784824,2
blk_1312959777938191950,1
blk_-3076258272050336753,0
blk_-6537525837504929153,1
blk_625191125724709024,0
blk_7595151662947340034,0
blk_2135681671508330949,2
blk_-1858635050613463370,1
blk_2620257765301992273,2
blk_2910997061721980351,2
blk_433296427514969382,2
blk_-4623898003287513048,0
blk_7987068144171899025,2
blk_-5713301599821820598,0
blk_-3058757563043738397,2
blk_1156109529932064788,2
blk_1221122266938993936,2
blk_3691610797572744293,0
blk_4194781680352159869,0
blk_-6509075656196438157,2
blk_2058488396386818528,1
blk_-1831421464741302511,2
blk_-1083627084629310809,2
blk_6321549815992597109,2
blk_3357346725091159640,2
blk_-208690633742493997,0
blk_2226048152998482155,2
blk_-1844787028538029730,0
blk_-4907233879761066425,0
blk_4686533219414113130,0
blk_1463443438501378994,0
blk_1622685248273194080,1
blk_-4747370162829330852,2
blk_274401605260075764,1
blk_-7307010859034119738,2
blk_-8233740011274368940,3
blk_1952954543119917405,2
blk_-7705311453251100270,2
blk_772131900460906881,0
blk_-4906389295791401726,2
blk_8469653325352383858,0
blk_-2362761233044256645,0
blk_-7259933277517010196,2
blk_-7012900938284077307,2
blk_2276539812702297032,0
blk_-7330662479947524815,2
blk_4409394237722440369,0
blk_-5750591239436008365,1
blk_-8836108805927093477,1
blk_6112643098459543168,3
blk_-3683794534290341928,0
blk_-1671861573307071474,3
blk_3451076340668682948,1
blk_9079697238805116583,1
blk_-63074859563576902,2
blk_-296597425521976701,1
blk_5237299673267897596,2
blk_-2067960061046427846,0
blk_-2591787592944073629,1
blk_3566461586743003720,1
blk_-3771718347651612577,1
blk_3231345947112055174,0
blk_-898956842785431284,1
blk_8856145753895189557,1
blk_-1154859522803995891,2
blk_1453095160807704531,0
blk_-2773671607724315692,1
blk_-52996732622446180,1
blk_267102068547234626,1
blk_-3729108565813298751,3
blk_8076927871094084975,3
blk_3332832812953170936,1
blk_2247907658325793697,3
blk_1914952405245748453,1
blk_7772177151935643698,1
blk_-3855958522996463402,2
blk_8019171825878058719,1
blk_-5660154036535068902,0
blk_5742874953384955972,2
blk_6403919354927279525,1
blk_-6199924414877833685,0
blk_-7052911997539087826,1
blk_-7798926564779681702,0
blk_-4452961376174522353,0
blk_3057389615784237351,0
blk_-2092336288624019151,2
blk_-913261636223387779,1
blk_4680069632872254804,0
blk_-3493297954442815672,1
blk_-3751336537278270930,2
blk_-45645770509029769,1
blk_-6477082248469417638,2
blk_1001899970428483336,1
blk_8796501731404478748,1
blk_9084103254188316217,2
blk_-1498827855519219878,1
blk_-243158855256340929,1
blk_-1038022846623317329,1
blk_8814904044738494686,1
blk_3258619866333735720,1
blk_8418139667690215460,1
blk_6894430826156268901,1
blk_-2612663014498708708,1
blk_6198255427017973811,1
blk_-8708279668099869904,1
blk_7202525641064781838,1
blk_6586560612275446195,1
blk_3840060295272036013,1
blk_4370357058736127683,3
blk_9112926285989360500,1
blk_8864770418455586137,1
blk_-8047533987146919550,1
blk_1494209717308612505,1
blk_3673675130220675796,1
blk_-2623416675652331272,1
blk_-4823293498791832570,0
blk_-3934605060787636904,2
blk_-8173596500489221044,0
blk_5241230347415537486,0
blk_-4121649597508702941,0
blk_-8424414870411910161,0
blk_5416746753730724334,0
blk_9027639107792328528,2
blk_8616142540876798340,2
blk_-3977437516397009426,2
blk_4177203532393429404,0
blk_4618969253218447314,0
blk_7020830688741732033,2
blk_7387813391003536886,2
blk_-3887297947458342769,2
blk_6061827471922818516,2
blk_5231006196699915507,2
blk_5158005262124853616,2
blk_3050388527345234826,2
blk_-502088211855063016,2
blk_3881691536513032228,2
blk_-5583390375277648629,0
blk_7488006000593377861,0
blk_5370502438478537318,2
blk_-8099400291482670911,0
blk_-6682705592874171915,0
blk_-192296653695564359,0
blk_-7339731122218546921,0
blk_3614904092875425757,0
blk_-960427705643319668,0
blk_92880582604696291,2
blk_-3878553698918250548,0
blk_-8748777050711503041,0
blk_8201761475967143849,2
blk_-8350353250135304076,0
blk_2474842500284553442,0
blk_-1054827018119512770,2
blk_3855225563803530586,0
blk_3036249221093441650,2
blk_-4073609865283790688,2
blk_5045745089675534966,0
blk_6824952417275123466,0
blk_-7796462986624402564,0
blk_7525837125756705531,2
blk_-5689046066609302202,0
blk_-1736496797197876989,0
blk_1680890269679867152,2
blk_5947164584486960969,2
blk_-9212210418831881755,2
blk_267820595529166714,0
blk_7952576648603143224,0
blk_4971036931436780474,0
blk_-6715577872008356205,0
blk_-7239650535489703113,2
blk_1109512175175699137,0
blk_5746391198503812790,2
blk_-944038089386421678,0
blk_8324163952677825395,0
blk_1666332920375683429,2
blk_5043804364218284150,2
blk_-3538217661859448983,2
blk_-1394293979146731719,0
blk_3849538507724163385,0
blk_8330347699749901956,0
blk_7677355094059548233,2
blk_8382718997114321915,2
blk_-2660288257707431723,0
blk_-1955596098342218890,0
blk_-458958938341774151,2
blk_-6435064362277027578,2
blk_1739798433352216695,2
blk_-9081556704582697522,0
blk_2142220638929668193,0
blk_3157826583156273738,2
blk_176968922857610362,0
blk_-3081850031451532843,0
blk_8779485623994151591,0
blk_-6184985354573634000,2
blk_2782423747692739707,0
blk_3706578540397408580,2
blk_-5970591930423506594,2
blk_-2941060230607994959,0
blk_3496901350606879090,2
blk_-300126408198491533,2
blk_1743445725033766506,2
blk_-308522693756344925,2
blk_1945524833632684546,0
blk_2678995992494130687,2
blk_8531116036202232995,2
blk_-6346955324421746535,2
blk_5952372123504040166,0
blk_8745608231183806143,0
blk_182344071892906872,0
blk_6466343130569769688,0
blk_6990566327284846470,0
blk_755787213656769147,2
blk_-5252835352967946250,2
blk_-3991996726224231304,2
blk_8325633322447893527,0
blk_8302714372135683747,0
blk_8058302796068493605,2
blk_8140462549793049116,0
blk_8127259549851875239,0
blk_4662416870409373052,0
blk_3287750984940068266,0
blk_6110565858027420842,0
blk_6363759434803807138,2
blk_6458825469077106213,2
blk_-487066992150782377,2
blk_-1828900404494959083,2
blk_8526920044571988071,2
blk_3462925360502583734,0
blk_-5455824701405157662,2
blk_1173555655683800042,2
blk_-6456309217284734567,0
blk_-9147166707866773817,2
blk_5628292008369185545,2
blk_3062616947360125296,0
blk_3964646836013356575,2
blk_-6198581477007966488,0
blk_2138649322540160374,2
blk_-4773253586671799732,2
blk_-7018086153738804412,0
blk_-4375450200385693069,2
blk_-1122671444458576568,0
blk_6107265114328263405,0
blk_4101213402170984723,2
blk_7446176268194571959,0
blk_583772744318809819,0
blk_3772703027926624247,2
blk_-245608264490928767,0
blk_3346238655664267202,0
blk_7741901533120869547,0
blk_-532290696284133725,0
blk_3098298629081734012,2
blk_2263475904343797780,0
blk_-3062728910857809661,2
blk_5705788718180124528,2
blk_6587912777051090009,0
blk_293457536839675078,0
blk_-7480992107032188912,2
blk_-5790736864303277651,0
blk_-5540123764768816004,0
blk_-6024420314797086781,0
blk_3279794569914277345,2
blk_-7915905772210678353,0
blk_-4683515652833246440,0
blk_7479830852063095763,2
blk_-6195734304907141601,0
blk_6623334774250031727,0
blk_-6877897193622623771,2
blk_5408288097003943107,0
blk_6144121120849768159,0
blk_-6866975594841473239,0
blk_5668738431595656834,2
blk_-8955649372823634647,0
blk_-562191449693697378,0
blk_-5061845769779766668,2
blk_-3337848299749019957,2
blk_8565347864937569521,0
blk_3967715091131344130,0
blk_-1791747745092755199,0
blk_-3325829639931759401,2
blk_4675081116607602034,2
blk_1394665020432150015,0
blk_4719786867508855665,2
blk_-5030016731046914077,2
blk_-2944668069257404117,0
blk_-1358238481671656273,2
blk_4276756960320790340,2
blk_2211457997564676265,0
blk_6954501048505689659,2
blk_4968916152589703798,0
blk_6788432333324975077,0
blk_579016399534278236,0
blk_-2642494404508996097,2
blk_-8764547343076625896,0
blk_-8972068412427610505,0
blk_5944109679735271925,2
blk_-3492827470060580968,2
blk_-8338839538585852586,2
blk_8317919040498699513,0
blk_4906448150730050482,0
blk_4095033250723421518,0
blk_68025515102462182,2
blk_-7884772732240555796,0
blk_6602987800871060573,0
blk_607261529694823732,0
blk_2555158078822836782,2
blk_2015536727880336194,0
blk_-3258533290119649378,2
blk_5787824715458622384,2
blk_-6080529867460785827,0
blk_-5807976696667585301,2
blk_-6921139571704086448,2
blk_5938390776501844379,0
blk_7699696856072578995,0
blk_7591653002472475879,2
blk_-3867254425876305564,2
blk_-8197573441143677180,2
blk_8035240436499861488,0
blk_4095326263134072353,0
blk_6760669278084504934,0
blk_-8242231014675298651,0
blk_-115932725817965374,2
blk_2408510282431835040,0
blk_4568456693294099210,2
blk_-1834088665768227018,2
blk_5192727208459865543,2
blk_2706439524846343400,0
blk_4328322127057806999,2
blk_9028778444775289686,3
blk_-2743713775683972790,0
blk_-1633004104723689607,0
blk_-9062608450941412585,0
blk_-3554865067284746547,3
blk_-1468171028382044859,0
blk_4273636428979312253,2
blk_-953522566134789135,3
blk_195146978686432228,0
blk_-4906724676985803173,0
blk_-6537568470122840245,3
blk_8911579684514002849,3
blk_-4775686219315973882,0
blk_-6650864340068498566,3
blk_2796174806677199787,2
blk_-7161167009204535995,1
blk_-1825214147866864636,2
blk_-5112762815951506425,1
blk_5893171989129811080,2
blk_-1231498197563059972,2
blk_939651044845095632,2
blk_-7906394596726007349,3
blk_-3718260222318245612,3
blk_3263412819430375368,2
blk_4573231089569247748,0
blk_1028616279097048741,0
blk_792787582557551381,2
blk_-5662935201176829710,2
blk_-7262820542230462677,0
blk_9090093084481278055,1
blk_-5517323234210574986,2
blk_-58998843461670605,0
blk_-3486873029058611989,3
blk_2839618602304635665,1
blk_6499183439862387013,1
blk_-2825351351457839825,3
blk_3419460536079678697,1
blk_6470840817451507091,1
blk_3022530829364956077,1
blk_5463482519439152712,1
blk_-4260674884936274407,2
blk_7795696442604950105,1
blk_-7577319205677094267,2
blk_7637127149819411025,1
blk_7263372725646372497,1
blk_2105954233593538826,1
blk_2949871160991841457,2
blk_-3129141397234296123,1
blk_-1048074078531363831,2
blk_2816711625709420725,2
blk_7891849631477521749,1
blk_2179150874479159459,2
blk_-3559267358342638030,0
blk_5713492268869512387,0
blk_4286854631592447732,2
blk_3706345824669489425,1
blk_1995776308554821737,1
blk_8639460484144786084,1
blk_636224637059800211,1
blk_-3042018283920766134,2
blk_8876837731212193148,1
blk_-714718802664984205,2
blk_7667362426249385439,1
blk_-4263299125244882684,0
blk_410823475362364473,2
blk_7733769199295053637,1
blk_2994936299752598637,2
blk_-2594572868672831705,0
blk_5239832266116311529,2
blk_-7387604178678100878,2
blk_8748799408403516947,1
blk_-3451966321604948085,2
blk_3917999215183580831,2
blk_-4369317925626628459,1
blk_-6038786323336367965,2
blk_1500772594412496655,1
blk_7414807855934267808,1
blk_-8286111566228411789,1
blk_3146803514113797560,2
blk_-8048157309109695056,2
blk_7898810715033547314,1
blk_2956048556301134251,0
blk_8457663426490381020,1
blk_5507795374140901425,1
blk_-3106621940567405214,2
blk_-7311142697728903165,0
blk_7853339136020528103,1
blk_2614246414315965103,1
blk_7551184974331337151,1
blk_7344004766543666807,2
blk_-1549366891789820525,2
blk_-8825370838529516272,0
blk_5773224524416774256,1
blk_7028882961661350895,1
blk_3464326320812082302,0
blk_6159418270290876104,1
blk_2946162138886070276,2
blk_4509407767715284699,2
blk_4079316770390028641,2
blk_3744540113361325826,1
blk_8727778946002636414,1
blk_-7782003555687841237,0
blk_6559194755976123869,2
blk_2212053047753585586,0
blk_9180807388475493280,3
blk_-2492068818386351518,3
blk_1628589773191294174,3
blk_979976295761370657,3
blk_3813114133944383323,3
blk_-8380592091119838819,0
blk_6684110814147027323,1
blk_7628341605572518881,1
blk_6247574371521281822,1
blk_-3550996283405978288,3
blk_-720497580181576812,1
blk_-8512215029602529409,0
blk_9024328372474120795,0
blk_1412353311269838774,2
blk_7201339501460340607,1
blk_3077719508905516125,2
blk_-7035221726372715501,2
blk_6715516194678779780,0
blk_6583756684942329540,1
blk_-6756170277996499112,2
blk_4785592828487052536,0
blk_-1805132712117740912,0
blk_5815188550575911441,0
blk_6245618445015340337,3
blk_472953491078899472,1
blk_5354515334185460836,1
blk_5204944835113241214,1
blk_-2741105428036633201,3
blk_7399891988976440469,1
blk_-3040423350224258420,0
blk_5000417413891685942,0
blk_5390000950959845343,2
blk_-3581776025681352185,3
blk_-7517681324627427700,2
blk_-1857434422181354388,2
blk_6834770336244424314,2
blk_5148956127008285222,1
blk_7873857050729564409,1
blk_6832799668056681650,1
blk_-8583449852441626409,2
blk_1551187502301450182,2
blk_6244369030803346825,0
blk_1084444344268454442,1
blk_5768383275157546790,1
blk_-6894812511863351896,1
blk_7620753927158915019,1
blk_-5840080488225503997,1
blk_-7294774978891153202,1
blk_-91735240241732147,1
blk_-5462193210926317248,2
blk_5725848755372975945,1
blk_-5776736571281824844,1
blk_-5003627861763546931,2
blk_-5741239633115326001,2
blk_6774930612903819281,2
blk_-7994929154729058907,2
blk_7828736413203775322,1
blk_-988441408337186412,2
blk_5397836032967382560,1
blk_2794047580856384267,0
blk_9139925071504479887,2
blk_5513049518513606456,2
blk_-5931560835175779080,1
blk_4629679652954090839,1
blk_8460275217115374184,1
blk_3461245867700762962,1
blk_4915892403432170086,2
blk_7681601829156194965,1
blk_6969327656826562053,2
blk_5255789669039132895,1
blk_1093687039068806833,3
blk_2094150158052318260,1
blk_-261335829351452155,3
blk_-4787183101855032419,3
blk_1783990817422025294,1
blk_7670687397234467299,2
blk_2439731967366156660,3
blk_3380171770825711325,2
blk_-2823528296982416703,0
blk_7308015149839436169,2
blk_-7144419070015550125,3
blk_5896753607919624403,1
blk_6842227413476077843,3
blk_-63559018936477509,0
blk_-530611101438217410,2
blk_-9074601143557142035,3
blk_4072892284567994678,0
blk_8638363240589355071,2
blk_-5446667771955198616,1
blk_-967532146431371470,3
blk_6847535007347602544,1
blk_6520330082120755160,1
blk_5577743486581261665,1
blk_-7368142435043668110,3
blk_3646913771628089124,0
blk_-2165995077923644945,3
blk_-5043417017796551805,0
blk_7990408094853518195,1
blk_1272184925593299423,1
blk_-3734938455104839425,1
blk_7612371285735786838,1
blk_-8118160843580576098,0
blk_-2030656996321012999,2
blk_-4951227148350243721,1
blk_1573608578711815489,2
blk_3308282337386037020,1
blk_-2971429154249333581,2
blk_6854490907403695457,0
blk_5209340841908084640,1
blk_1373639618489798209,2
blk_7691112261818267354,1
blk_2896390439591660779,0
blk_-1735295300316795787,2
blk_-1784589173343689894,0
blk_-507812097438574801,0
blk_6383937498767671080,1
blk_5023638450367348379,0
blk_5284307465107864693,1
blk_5055243801628492262,1
blk_-3962369767995064351,0
blk_7083749632757792459,1
blk_-6892214987767421479,0
blk_-3494953658952961715,1
blk_-8921807002945028613,1
blk_3273493110603006393,0
blk_-6930182727571968000,2
blk_-3374396932835151873,2
blk_-2435654477712819339,1
blk_2612558303923796328,0
blk_6133755376342815017,1
blk_3368823931007773071,0
blk_-6045528624541562815,0
blk_974723762207771753,0
blk_7077212830108512399,0
blk_3302123583824605482,0
blk_8122184978326048139,1
blk_7994256148007352952,1
blk_-6300917644989535621,2
blk_9165566185540517782,1
blk_4568849013802524106,0
blk_7940045033613599147,1
blk_143636945668726776,0
blk_1382870217333188733,0
blk_4615226180823858743,0
blk_8316604585610438123,1
blk_2866521868138735207,2
blk_6917912358406702187,0
blk_-5328167443119432419,2
blk_-6330065465388412823,1
blk_341308771241161132,2
blk_8460780835701785775,1
blk_-4550384481080046889,3
blk_6331603458349081335,1
blk_-3222399956390602562,0
blk_8200886267211418720,0
blk_-9067886889543430840,2
blk_-3405862282483693067,2
blk_1851517728244441081,0
blk_2234050286242717580,2
blk_561937758965597080,2
blk_8395685768578074886,3
blk_-7655458644287119843,2
blk_7974179709940650726,2
blk_4056611704148637674,1
blk_6311563760752235512,1
blk_8895865269873724116,1
blk_-7798208214634113165,2
blk_-9175991048231798235,2
blk_4795248894566341326,2
blk_9042039039731646385,0
blk_-4554443018677539542,2
blk_-7426704975828966812,3
blk_3131297386699149560,2
blk_-7596680225840238716,2
blk_-6201025286488450023,0
blk_-2359957899013287088,3
blk_6633065239491773817,1
blk_7308794844941001466,0
blk_-1510925666943465844,2
blk_-2854163734754417325,3
blk_6327145960448620719,1
blk_9131756766214278687,1
blk_5972625289643692242,2
blk_5525438038074425194,3
blk_-2308563252795628677,2
blk_-8226799989672460071,2
blk_-5062425940109006403,0
blk_3388299470317930546,2
blk_4162792469512040010,3
blk_6818470892370314208,1
blk_-5370223199743389960,0
blk_-1340930022877531928,0
blk_-7570022295911158571,0
blk_-5522670164280242188,0
blk_7904143727935844068,2
blk_-4537839647958624939,0
blk_6802392209726754025,1
blk_-3697123429677978100,3
blk_6493107556651618478,1
blk_-498276433496866890,0
blk_8062706185685873330,1
blk_3290612898119130577,1
blk_-2260869371443299790,2
blk_7581468942723495050,1
blk_1329827673230373630,2
blk_-1118921448597476274,2
blk_-9196042921481175213,2
blk_7322166710260428509,2
blk_5321541028812204299,1
blk_4374780156953051502,2
blk_1819927269306308114,2
blk_-3796071039439201940,0
blk_-7533209702104854793,0
blk_-2590380777856414830,0
blk_-3339722182551346350,0
blk_-7824873448392556924,0
blk_-5615374833845419996,2
blk_3355479396623190877,2
blk_2222634458409568460,0
blk_-6825723750811143901,2
blk_8954137953407386498,2
blk_-2189562723944267919,2
blk_-1141843308182677851,0
blk_1305829516629705621,0
blk_-3354331987171151634,0
blk_7248751754364343204,2
blk_8349790820372576975,1
blk_-2104744503981661473,0
blk_-4551098296957457958,2
blk_-6363185681992851552,2
blk_-1941416640347520558,0
blk_7035637585773265449,1
blk_6122909134576337057,2
blk_6534233879274543195,1
blk_6966701417258114333,1
blk_-7833570934652555907,2
blk_-5332557342603632268,0
blk_5474981733085571340,0
blk_7607414042855795585,1
blk_-5854850992452561380,2
blk_-7958778505116196696,0
blk_-1025005661735286473,2
blk_1501924377119298544,0
blk_4658746071544273091,0
blk_4776029923723223800,2
blk_7361573125695157395,1
blk_3321612802317930356,1
blk_199418063918965983,3
blk_2445943067035304233,2
blk_-1270139918396135544,3
blk_-48131037633997502,0
blk_-503588341470069217,0
blk_-5741863438442859167,3
blk_6730405675565842708,0
blk_2045660540849447480,2
blk_-4225868274204234385,0
blk_-3354738182171087708,1
blk_-3994834277565960028,3
blk_-9040436934394301663,2
blk_729717498588187324,2
blk_1553363401463370275,1
blk_1756534189382373612,1
blk_4786753258194009923,2
blk_5452600046851283366,0
blk_29880721953573364,2
blk_2156059866063196176,2
blk_-1055737889421783527,0
blk_7162229689276438663,1
blk_8953546895412175945,1
blk_8945249905137156084,0
blk_2275941700084651256,1
blk_3015596699773669918,2
blk_6272363565320355177,1
blk_-5971517835683579569,2
blk_-12028040149844272,2
blk_-1353439439754851872,2
blk_1417465464347918199,2
blk_7658289794260508414,1
blk_3353562301424885019,2
blk_5314564115132370628,1
blk_-1210493858772008552,3
blk_1277615037063870289,3
blk_7553424334643742567,2
blk_-3433338566629407213,1
blk_-3487369924425673672,0
blk_-3375469485489463565,0
blk_-690214631542754732,0
blk_4165709028838964637,2
blk_2241674961548011202,0
blk_8301142931595549139,1
blk_-5671599190246511673,0
blk_6209706533986527751,1
blk_7252735915026389457,1
blk_-41265708926987771,3
blk_-5051155910414339630,2
blk_-9000967371497782830,2
blk_1344979306323915187,2
blk_-3728960349410003915,3
blk_2942879254422706526,0
blk_-5532989797612543122,2
blk_6141178582469321774,1
blk_-4535168197356543255,2
blk_-5731610815090206492,0
blk_2682118814882387431,2
blk_3645263486479434424,0
blk_-2822441216676130663,1
blk_-5600870061222491470,3
blk_-1415686284636132135,2
blk_-6666459346391777174,1
blk_5611682211548114595,2
blk_8386048690170007297,1
blk_2695271377505791120,2
blk_-2389281025985072935,0
blk_8921974568564019710,1
blk_1624195700185873420,2
blk_-3049788618519857880,0
blk_5599734797721874994,2
blk_1814813250631859247,2
blk_-5755795160151533686,2
blk_2435814695591604877,1
blk_-2136964335272072199,0
blk_7787767964242587218,1
blk_4197267795487067033,2
blk_6833383539919533845,1
blk_7807105681154258140,1
blk_7950326769314275957,1
blk_-6447357065524204722,2
blk_7942227631752326945,1
blk_158276491462817716,2
blk_3406662469631379133,3
blk_5459832070961681030,2
blk_-3804608463863777158,2
blk_-4456802441083484620,0
blk_-6475794039385849761,0
blk_36429537910205245,1
blk_-2551530448419944298,2
blk_2073343217176603544,0
blk_8846489805058010231,1
blk_4287590842507943383,2
blk_7446144004322363437,2
blk_8419489741722389504,2
blk_694551652292920665,3
blk_-328938840955220983,2
blk_-7646442042892023459,2
blk_-5929238545436236648,0
blk_8514726986328169563,1
blk_7977723995479071782,1
blk_-1088747491232788456,2
blk_4165088950119131396,1
blk_-6613756552527864921,2
blk_-6689164257401995971,0
blk_7329687763235271927,0
blk_4451869663171238851,2
blk_9046468955176268339,2
blk_5157080569279910473,2
blk_-6278628876056719887,0
blk_-3872526211473718426,0
blk_7929562090927263629,0
blk_7904108596620761995,1
blk_5621764703012208295,1
blk_6765616427594529009,1
blk_4582469212807944677,0
blk_149794486658604245,0
blk_839823863606177963,0
blk_-8903487376661622550,2
blk_5564249214469649113,1
blk_6231924762579773302,1
blk_-3923819954742377795,2
blk_-6322028125776491874,2
blk_2333052377492375092,0
blk_-1499270278771624905,2
blk_6122196859760896341,2
blk_8600022513583758230,1
blk_8930226231603995946,1
blk_-2344428078343643509,3
blk_1552635021201173281,0
blk_-1383180911768185499,2
blk_2388211270595122354,2
blk_9073584542849836549,1
blk_-5611275183415956392,2
blk_4407697026249553900,1
blk_3227397243213221105,0
blk_7249962364767784251,2
blk_-361671839530184192,2
blk_-7363117145751273001,3
blk_6276974047664054655,1
blk_-51556696654098602,0
blk_-7363230543772534300,2
blk_4688944280104045073,0
blk_2966329344673275999,0
blk_-4106172992995041526,0
blk_-3352370464557878515,2
blk_-8558610598320743106,2
blk_-6079166256484660884,0
blk_8655663822615343875,2
blk_-4263560873458336961,2
blk_-3938521205138312003,0
blk_6112098665736163454,3
blk_-3688582760900475365,0
blk_6645777015401113354,1
blk_-3858048655075881250,0
blk_-6499772636540160204,3
blk_3484689664046260760,2
blk_2840835170331595878,3
blk_804628468250506581,0
blk_-5809654831841934780,0
blk_6692938295895574170,0
blk_7077011914927121929,1
blk_3830153740392079438,2
blk_1915287566632625457,2
blk_-464083357552867405,2
blk_-2944709241310761499,2
blk_-741671937611417866,3
blk_-7100118328661968523,0
blk_4613881911545189723,3
blk_-7250509257880442934,2
blk_-6654926222513615135,3
blk_-4936978282193562468,3
blk_3825712675792202165,2
blk_5823660292423757269,0
blk_-4019295403771202857,0
blk_-416195668530864250,0
blk_8066379364442558135,1
blk_-5183118957906029784,2
blk_7711994677620843447,1
blk_2480703269938032342,2
blk_6270895657788559766,0
blk_1921186031100592874,2
blk_6076735365831091850,1
blk_8960658558596373448,3
blk_2127167016354103231,2
blk_-1635617271816015538,2
blk_6365385151615084227,1
blk_1349673453152347994,0
blk_-4936869816940930285,3
blk_1734169807458929952,0
blk_6880118555509169357,3
blk_-6059290274455367169,4
blk_-4043081730014069485,1
blk_3229764436366547385,3
blk_2258005296838850465,1
blk_-8470641541046457361,2
blk_8959362903440008543,1
blk_-5236249422860631106,1
blk_1872999862603213955,0
blk_-2631300843502826609,2
blk_4945242630620812217,0
blk_7929571356162343575,2
blk_-2919340641324754721,0
blk_-6308340016696789205,0
blk_-9008029869768007661,0
blk_-9008878437609805732,2
blk_3614411929708791524,0
blk_7554401601783326511,2
blk_583136072904268613,0
blk_2401820576897439506,2
blk_5493761505959084506,0
blk_3056241650801962094,2
blk_8206426068889797526,0
blk_6522904323156066474,0
blk_8973653075817507587,0
blk_-3269741149191397139,2
blk_7549129307547399170,2
blk_-2252522979311942930,0
blk_7341773797403451944,2
blk_7431979579145902378,0
blk_-576164088357432139,2
blk_8652689820716548716,2
blk_232637863123164736,2
blk_-5771137889216641940,2
blk_-1975622524123169521,0
blk_7545366064336402351,0
blk_-2635393287135466858,0
blk_3508128384768900311,0
blk_-8145275405750659557,2
blk_7243269426708227997,0
blk_-604967703652531741,2
blk_-4021658332846675923,2
blk_-1526024543353705350,0
blk_-5036189885689033709,2
blk_766892272306053499,2
blk_1041840289651565389,2
blk_1754713393813527274,2
blk_-1254409041361082664,0
blk_5856037985074988610,2
blk_-7348171053597126989,0
blk_7515832127294766378,2
blk_-1899928061802466528,0
blk_6477331751757373988,2
blk_6313904970945422296,0
blk_299456457824703586,2
blk_-754482805633625261,0
blk_-8180658884715585452,0
blk_5425757520659664842,2
blk_-8351560332200232624,2
blk_-787518883345035378,0
blk_8188311184232072101,0
blk_5078324179203965652,2
blk_-1681375996833119783,2
blk_-6421934238528215611,2
blk_3501672100108745371,0
blk_-425885453834367821,2
blk_-1912060251147525400,2
blk_5680876706649462077,0
blk_-5310181744889066130,2
blk_8558398758634011764,0
blk_-5919251998555721866,2
blk_2981676455255522257,2
blk_-4610557247041901382,0
blk_-6645075730288135969,0
blk_8725027681958404206,2
blk_-4045726968880235556,2
blk_3545628569622555552,2
blk_124868384412671966,2
blk_-788871283944132418,0
blk_5375376193368471122,0
blk_6581730414336500823,0
blk_-5114085980471817584,0
blk_5710058026735337885,2
blk_7042622430734864200,0
blk_2547172245025832635,0
blk_-8478492214383287804,2
blk_-1133553659697398357,2
blk_-1814013108497736120,0
blk_8324385775399150870,0
blk_3427022074969539477,0
blk_5013007109863242635,2
blk_3822215848982254022,0
blk_-6904587291306611544,0
blk_6712146128879818971,2
blk_-927729203930976877,2
blk_8853921332227873682,2
blk_1495031368235762672,2
blk_-4177480472087422520,0
blk_-1919973744530009730,2
blk_-5804744968123045157,0
blk_2350951381423084041,0
blk_-1871066422901668908,0
blk_7217247647317357402,2
blk_3316020475378914158,2
blk_4745319309959351617,0
blk_-7893760563852868942,2
blk_-4944092719369889339,0
blk_1655560053514668509,2
blk_-3287102661649564772,2
blk_1775724589803596520,2
blk_2043246574008345667,0
blk_5022623144827834181,0
blk_-5839230097623251294,0
blk_-4170092121510127059,2
blk_3912214204898152284,2
blk_-2506196022971201021,0
blk_684036936543072113,2
blk_3552620246119618700,2
blk_-2027359666470290859,0
blk_-7635485183668971757,2
blk_5014724075716025370,2
blk_2440159579855398689,2
blk_-1255258194984448353,0
blk_2942936127925517624,2
blk_7796097062898214397,0
blk_-5659947955703387824,2
blk_-283887181034677853,2
blk_6768252598001638051,2
blk_4597471897716193979,2
blk_-990946166568023033,0
blk_6966396713851954289,0
blk_-2708122229140823766,2
blk_5422735889074565691,2
blk_-1242035390538688289,0
blk_-7444197122003669597,2
blk_1665003518620617928,0
blk_-8773757924118812213,0
blk_8536412611327151568,0
blk_-2193334343216486568,0
blk_-7495107681035729173,2
blk_1370057112043945856,2
blk_5470642190523298745,0
blk_-7759176033161024405,2
blk_-2353139292740693585,2
blk_5966089072595147816,0
blk_2034003639939098324,0
blk_-4875059643265521322,2
blk_6266055959884168170,0
blk_-4941011026884975183,2
blk_6637385266283001520,0
blk_6267739457197285827,0
blk_8580160985690428930,2
blk_-2790153498403145729,0
blk_3493338934704034146,2
blk_-6693753286275562803,2
blk_4283961536902550913,2
blk_-1726347118970466753,2
blk_5587254512466192231,0
blk_3667369801471944831,0
blk_4039583743178560287,0
blk_7201338384148928179,2
blk_3378537125324228288,2
blk_-6443680549729406583,0
blk_2606680569163547618,2
blk_2716942726392968737,2
blk_4208705018948149257,2
blk_-7150728075594487841,0
blk_-8581272360989892679,0
blk_8596415768699496595,0
blk_8008490635027547245,0
blk_4903696662762650172,0
blk_7762060547458530893,0
blk_4237535513451547877,2
blk_-1038581286171032634,2
blk_8005333602567443971,2
blk_-8417099687001326149,0
blk_-5717899492775167022,0
blk_8829464682101975993,2
blk_8203002584598871255,2
blk_2011666178991681310,2
blk_-7850288653754135182,0
blk_2284641128798464900,0
blk_-3054595277173650358,0
blk_-5092889632031574350,2
blk_1907424201600147886,0
blk_8616987661227068741,0
blk_435383620453951285,2
blk_3223727302078111600,0
blk_-5443742283655662348,0
blk_-5219684520143343362,0
blk_2267570612745326535,2
blk_-3826673128248858233,0
blk_8156059094274952229,2
blk_4933546695188353483,0
blk_8359658759124323820,2
blk_7534464379906057281,0
blk_-6152024457343037483,2
blk_4747251201141998964,2
blk_-428980112985508581,2
blk_5329886478232813044,2
blk_5458208981775083705,2
blk_1877284863568804907,0
blk_-7872712744542743669,0
blk_4551472754166063155,2
blk_4467727993572114333,0
blk_-7873079112285293598,2
blk_-5155107082195252174,0
blk_-2207432765790708476,2
blk_1208378653650187478,0
blk_2971424374066128659,2
blk_3089687602551451058,0
blk_-6674566052542155988,0
blk_5610075759857468078,2
blk_2332793902956241572,2
blk_9049754432020047798,0
blk_678187343673146026,0
blk_3295378383409941714,0
blk_-3485229209121165067,0
blk_6602022511644296142,2
blk_8902542273035012990,0
