block_id,cluster
-9223155031018917603,3
-9223089179759331408,1
-9222436454153579126,3
-9221523313462138888,8
-9219305696396907727,8
-9218981007332915285,8
-9218908087800925630,0
-9218199794078253530,6
-9214626072603923837,11
-9213546006527160481,6
-9213252085064829469,6
-9212210418831881755,0
-9211030273352644447,6
-9209670686249337720,3
-9206195404905607437,0
-9204872215057582667,3
-9203841400491433727,6
-9203207203433266408,0
-9200284066935196216,4
-9198733627264590867,11
-9198187894319819684,1
-9198106308894346640,3
-9197931064191189025,1
-9196630663272704496,6
-9196042921481175213,0
-9195761002044864608,0
-9191989405600138623,0
-9187663735937625035,8
-9186980365616525855,3
-9184477960307421513,6
-9184021121998585107,0
-9179016095423635157,6
-9178569792241143301,4
-9176444309925888532,3
-9175991048231798235,0
-9175492591062212866,0
-9175463683870012043,3
-9175019646774035758,0
-9174489212567093311,6
-9170008311921179334,6
-9168992467490988259,0
-9168090043600027496,0
-9167805387229280414,6
-9167404099713258133,3
-9163788178779271488,1
-9158839064141039502,8
-9156031910819892770,8
-9154971327311973523,0
-9153926305989047396,6
-9153874885875877044,6
-9153669851233414172,0
-9148987782124721128,6
-9147462543427262685,11
-9147347922101214519,3
-9147166707866773817,0
-9146808281591308682,0
-9144255391970214524,0
-9144066623547419368,6
-9140284481527583390,1
-9139390120172868222,6
-9137722442806672784,4
-9136899640657293877,0
-9135847444721299515,6
-9134333392518302881,6
-9133691679859943825,6
-9128742458709757181,8
-9127093905178414238,3
-9127076176266839523,8
-9126522150080946292,6
-9125854360784240335,6
-9124854280291068792,8
-9124487625517814904,0
-9122894905694991646,6
-9122363047417115843,8
-9120263312238577991,1
-9118698712332049698,0
-9117032904869564261,3
-9116441911886980583,0
-9115853037943657539,0
-9109466852163229542,1
-9107669856512677676,6
-9106661058963957843,6
-9103764593642564543,8
-9103421193799119551,3
-9102034078242749106,0
-9101203741883272594,6
-9099079476027444205,11
-9096517887581867876,11
-9092326214178024971,6
-9091814562720130265,4
-9089757207635946003,1
-9089699378044081926,4
-9089463310451302880,0
-9087666954123825617,5
-9087262932483019510,3
-9086784126641838005,8
-9086090945607925945,4
-9083190231791319658,3
-9082684598885968763,8
-9081556704582697522,3
-9079549780457553702,3
-9078659237827651009,1
-9078141481974462410,3
-9076323088924501560,6
-9075882000787538612,8
-9075572899177740418,3
-9075041266883655882,0
-9074601143557142035,6
-9073933901411087878,1
-9071510424192340869,0
-9068321281697210006,3
-9068090272722741284,8
-9067973565787898280,1
-9067886889543430840,0
-9067309629944611736,6
-9066824289297666898,0
-9064266833023390503,3
-9062608450941412585,3
-9061511156789250722,6
-9060541879596316494,3
-9059218877575700484,3
-9059169858856809907,8
-9058552073674497109,0
-9058526151754467419,6
-9058081773085963697,3
-9056652130584114718,11
-9055206484948559809,1
-9054146628537657894,1
-9052095720274329246,6
-9048733544994153833,0
-9040436934394301663,0
-9040331664109947777,8
-9040153180218639934,1
-9037964383978278196,11
-9037239970805651443,0
-9037057906109743264,6
-9035277285289756940,6
-9035126601360274929,6
-9033851894136788216,6
-9031581844173655254,11
-9031164655223473108,8
-9030120531487232601,0
-9028537692343198383,0
-9025254237316410471,0
-9021493574360791226,0
-9014521213981289651,8
-9012958471564655365,0
-9009591751046515085,8
-9009133954113899946,0
-9009060689449347255,8
-9008878437609805732,0
-9008029869768007661,3
-9007225184902543426,3
-9004228558797198504,0
-9001846300148693038,0
-9001517650434565427,0
-9001370552773364965,3
-9000967371497782830,0
-9000922189914217078,0
-9000431450627588802,3
-8999438212211448205,0
-8998751392544423601,11
-8998241987409692042,6
-8997346229725395892,6
-8997027706113119844,0
-8996166638546983944,0
-8995062485310718536,0
-8990396203057646559,8
-8989934439125431125,3
-8988341760983259650,6
-8985136039189146656,8
-8984642100555950841,6
-8984276929706188826,8
-8984209433363080628,3
-8973872743006444095,6
-8973411029426536690,6
-8972068412427610505,3
-8969588982250984012,0
-8967719675491345602,6
-8965187851615930632,6
-8964235015193556264,6
-8963678405355969000,1
-8963167879323257062,0
-8961228932706785034,3
-8959809584909308524,3
-8959744053635987702,0
-8959326452791977863,11
-8957272568564600954,6
-8955649372823634647,3
-8954926052656999864,0
-8953839012054956480,6
-8953792703364885914,3
-8953284341834937578,0
-8951803834398371171,3
-8950591068578982155,8
-8946999899764501297,6
-8944410439431304023,6
-8944206476640567451,3
-8943611023041082317,6
-8941886405261189777,3
-8938607826928829256,0
-8935674201866607100,0
-8931815819084216256,8
-8927862377800293097,3
-8926209442553404310,8
-8925090451578951394,3
-8921871713276974471,0
-8921807002945028613,1
-8919518024769158150,0
-8919018321127605944,4
-8918561637179978473,6
-8915622891600976714,8
-8915380805664218410,4
-8914617564845565340,0
-8913593742932988620,1
-8912226059347315033,6
-8910670605332658803,0
-8909568330217325217,8
-8907899883108571720,3
-8906313827510278686,8
-8903487376661622550,0
-8903299108247577284,8
-8898672607050193261,8
-8895314640671734566,11
-8895180794939034486,11
-8885262226169616328,3
-8882928109529084581,1
-8881030198282713088,8
-8880272913356331728,6
-8876281750154728186,3
-8876015039210799247,6
-8875714482061473777,0
-8873714782897089233,3
-8873507171967334404,11
-8869316677667982655,6
-8867701332810321872,6
-8867499036909476385,8
-8865420685633601290,4
-8864673682297964130,0
-8863479332351297536,0
-8862139214648078643,1
-8861817172226505668,8
-8859736537455519436,6
-8854786226510179307,3
-8850599853208556419,8
-8850295318118355972,3
-8847345504026089180,0
-8845384086789392039,6
-8843592355337983426,0
-8841828697278506823,3
-8841211921427511289,3
-8840893674998490317,0
-8840533539329242262,0
-8838917621701329572,3
-8838903938040146346,6
-8838750579700976401,0
-8838519431888010087,11
-8837840152920319334,3
-8837751772213873965,0
-8837572943483120450,8
-8836108805927093477,1
-8833916647701959447,4
-8833593259974730211,8
-8833164322978405718,3
-8830523688629425873,3
-8829536881065367654,0
-8828007777336840433,11
-8827998855493041948,6
-8825370838529516272,3
-8822373479261386749,8
-8820954568171057585,6
-8820809011088921634,6
-8818836468975795986,0
-8817763954741188291,6
-8814459457231935144,8
-8814035495431026936,3
-8807755703680475138,1
-8806663198880208724,3
-8805755931855731566,3
-8803822423732992516,1
-8802771881037751797,6
-8802616190294371136,3
-8802304907514362750,4
-8801899026491036823,0
-8801298470977413699,11
-8799040807025395366,6
-8795251065913957661,3
-8795114018551343238,1
-8794406358003427669,6
-8794068254940250043,4
-8792157565760206301,3
-8791998844742480794,0
-8791567400994784824,0
-8790616522432834237,0
-8786451566978056302,6
-8783137537535861342,8
-8780535981104175902,0
-8778583901590242100,4
-8776655918187594442,3
-8774158347913872943,11
-8773757924118812213,3
-8773235307879442228,3
-8772930659615805963,3
-8771016827481999146,1
-8770730663658024163,6
-8769673428715234002,8
-8768736569790375281,3
-8768057030497280775,11
-8767050233022098336,0
-8764547343076625896,3
-8763855605666557292,0
-8760586164991887412,4
-8757462367053637901,6
-8754581512216678860,3
-8751240749508132850,4
-8751214667953803280,0
-8749891148756847867,3
-8748777050711503041,3
-8745823365273052268,0
-8743859155905191247,3
-8742296787023654873,6
-8742245170344842632,1
-8738376043958576460,0
-8738210056805554907,3
-8738042664044254309,4
-8738041473890019928,3
-8736448356533522388,3
-8734540491143108127,6
-8733208158446205669,0
-8730637052404325281,6
-8725257134321381403,8
-8724986964140924983,3
-8723821315560217781,1
-8723606469198655090,6
-8722716164399947978,0
-8721913432303971375,0
-8718513603902979394,3
-8717510324768408426,6
-8716384619551448727,0
-8712198768474595123,4
-8711854707819478388,0
-8710304328203225515,6
-8709237605800930321,1
-8708817299150704326,3
-8708279668099869904,1
-8704280557863987576,0
-8704271842106212650,0
-8704208780935973893,0
-8703143384944806849,6
-8703054082916175791,3
-8700726337104276450,6
-8699777673105665882,6
-8697749355661637318,3
-8692715915441855353,3
-8692505341300910301,8
-8691560853854141752,3
-8691497592306752967,3
-8691098024860126014,3
-8690962675417866127,6
-8688594979764986873,0
-8687017675865959123,6
-8686229134584149397,6
-8685140906059723381,8
-8684598455431240867,6
-8680683793818908437,0
-8678374522802152730,4
-8678353350316563645,6
-8677872514285360790,8
-8677607404611192871,1
-8676558558268900967,8
-8675037361865484761,1
-8674594310808495109,3
-8672139290151844882,0
-8671810860819995274,0
-8669797986507852618,4
-8665412913016850851,0
-8664619238110389163,6
-8661536776631176937,4
-8658117448602373117,0
-8654794761711657290,3
-8651626486553461609,3
-8651233019538290492,1
-8651022183233211370,6
-8649079734537157030,8
-8648930780120563534,3
-8638801101186118935,8
-8638484585816677056,3
-8633947693400888963,3
-8633303580406340255,4
-8632488927959646482,6
-8631145699536683822,1
-8630847802672759277,1
-8628117965392159288,11
-8624293996098620088,0
-8624144067293114061,3
-8624033641479243410,4
-8623267317495025448,0
-8622052839122695616,0
-8620897844593672893,3
-8618876526298486184,11
-8618647428938759086,8
-8617962428868106103,3
-8616874071947914548,0
-8615929542355995024,0
-8615052782783159745,4
-8614398968796466697,0
-8612792792485433709,6
-8611330880273010863,0
-8610848807399522178,3
-8610797731869954803,3
-8610338082008383355,6
-8608453576438523377,8
-8607154604780526666,3
-8604798704056216023,0
-8600081691650531880,3
-8599731671847920909,0
-8598230928552217018,8
-8597974752406426494,8
-8595351743236278223,1
-8594719139574615618,8
-8592783146128373201,8
-8592532472451135185,3
-8591109317662642320,6
-8590003046192319107,4
-8587672827570552567,3
-8584158329012779023,0
-8583449852441626409,0
-8583307027822651054,4
-8582956546362047514,4
-8582254769948881729,3
-8581272360989892679,3
-8577628047324672412,0
-8576862573514929895,8
-8573331131278716020,8
-8572555899878230011,6
-8572223614786376009,0
-8571819028995448536,1
-8570539367595779667,0
-8565782563378212431,8
-8564559053757187153,0
-8558610598320743106,0
-8555185156565623123,0
-8555060920022864966,0
-8554007515097175554,6
-8547169804741139439,0
-8546550333749752868,3
-8545984113978149956,3
-8544341398794587272,6
-8542362355882979307,0
-8542145821067548255,1
-8540822268838543019,1
-8540569763640148565,6
-8539802732120779864,8
-8538884931167696806,0
-8538314542137890802,6
-8534920423381853270,0
-8534754439051441594,8
-8534041117861733776,8
-8533942467027446453,3
-8533041375178984277,8
-8531310335568756456,8
-8525500385929171854,8
-8524312246849031724,3
-8518981803340988226,6
-8518252107131849129,6
-8517915937116328945,3
-8517380198988394085,3
-8515794472727519875,6
-8515688284294419876,8
-8513351748579810786,6
-8512413998345829498,6
-8512333826355383160,3
-8512215029602529409,3
-8510456226636258897,6
-8509217014184253872,8
-8503802779930237107,4
-8503462689178435940,8
-8503433549281680712,8
-8502966947392791307,3
-8502295418201312024,8
-8499611049486964755,6
-8499169799821382233,3
-8497592682221017946,3
-8496136673638942721,6
-8493620874075260192,4
-8492986338892870613,6
-8492358125062524557,8
-8491965419341656449,6
-8491121274552521209,6
-8484667681925863966,6
-8484603248257484689,3
-8482072038404577673,3
-8481257899757266883,6
-8479294707489358380,6
-8478492214383287804,0
-8474742294169828943,8
-8474710497034853431,6
-8473224728058128094,4
-8473206993250722531,0
-8472445748196172343,3
-8472161991364265504,6
-8472151784129484059,4
-8470641541046457361,0
-8470462389125280282,0
-8469922044468383817,3
-8461545087813822259,6
-8459750649592478117,0
-8459529269906065933,8
-8459147247636655680,0
-8456922825201750425,8
-8452390916047254559,6
-8450645274189930703,3
-8448857984629631638,3
-8447207746714632976,3
-8446592212040873806,3
-8440896524201471222,11
-8440748803493429736,6
-8437698583035232179,4
-8435300459413776348,4
-8432475760190545988,11
-8432267437941589016,11
-8431991883875585441,3
-8430971417644208276,6
-8429513076362004459,0
-8429169411289176882,8
-8428958913553059099,6
-8427157186346518866,6
-8426563416414717720,0
-8424414870411910161,3
-8423478001356149886,3
-8423411606647443141,8
-8421844483765266216,0
-8420128462424903425,6
-8417099687001326149,3
-8416530932056455202,11
-8416348785323796002,6
-8415201427539044582,8
-8413263941646689788,0
-8411101423864386523,0
-8402611188371285285,6
-8399455308297138256,0
-8399317610894467832,6
-8399249839666255711,6
-8398154304261468598,0
-8396655565624678196,6
-8394498190927757161,6
-8393677600696029949,0
-8393068026397730262,6
-8391347562162494017,11
-8390876736801322809,4
-8388850594438929714,0
-8386857829274559038,1
-8385698642848275576,0
-8381593457434203888,0
-8380592091119838819,3
-8379800905977129636,6
-8378656561498125351,3
-8376597951950739599,8
-8375890598928087213,6
-8375645018122679834,3
-8374628286853656392,3
-8374435024502951680,6
-8373933381880605865,4
-8371844870769294220,3
-8371630019034450984,3
-8371411814331626787,11
-8370017540010458317,8
-8368348156129726188,6
-8367391136613362097,3
-8366337160962161967,8
-8365660885201051740,0
-8361990272224042194,6
-8356838264563800040,0
-8354961174666555278,3
-8354560411413024400,6
-8354193785899864712,0
-8352803715965369292,3
-8352783561990899745,11
-8352539163458683518,3
-8351560332200232624,0
-8350353250135304076,3
-8349929466232635736,0
-8349302256081184232,8
-8345123144188632550,6
-8340990514311110988,3
-8338839538585852586,0
-8338611834813524437,11
-8336809332386893971,0
-8335228525791238618,6
-8334887661989208421,8
-8334777599860708954,1
-8334089829646893304,11
-8330834444889107200,1
-8329856259348135034,8
-8328199132542872668,3
-8327735449938235030,3
-8325411322333149391,3
-8324676953090118748,3
-8324579574091739564,8
-8321287245545895788,0
-8318357797055892018,6
-8317911971913233044,3
-8317778946428682355,0
-8315753012739764497,3
-8313086648804036357,3
-8311845257979715141,0
-8311312843440733657,8
-8309320300090737687,3
-8308083270487925757,0
-8307394838295171498,0
-8302106974517266461,3
-8301050054898785224,0
-8300041419219941915,6
-8297535427851767482,3
-8296931237981172122,0
-8295367154204221036,3
-8289664154628032501,6
-8288429687346834011,3
-8286678265093228775,3
-8286111566228411789,1
-8285315817102708385,3
-8284398136955187158,3
-8283925056635640433,8
-8283529348068778138,3
-8282998525790892041,3
-8281653718492094987,8
-8280841389336725318,8
-8280667886266909657,11
-8280541587557553829,3
-8280269740588631810,8
-8280184923563889434,11
-8279889512753691020,8
-8278180337937717684,1
-8278114510971856237,1
-8276787713085594064,4
-8274399927663668946,6
-8272328057428434466,0
-8271764236244814149,0
-8271221907550777388,8
-8271180788744548110,1
-8269642496562944729,0
-8266956839135631201,8
-8265155070073085632,0
-8265074381577424567,0
-8260250832212161367,1
-8259936994796930474,3
-8254791135193474574,1
-8254228318360612335,6
-8253699821864022629,3
-8253577135552325426,6
-8253476327619721111,8
-8252882625604508946,6
-8246990477734288866,6
-8245455987121912284,6
-8244302516002394844,0
-8243822326092657063,3
-8242875785160027820,3
-8242231014675298651,3
-8240982197391664649,8
-8237301270213423279,3
-8236001135820955778,0
-8235760808115761865,4
-8235423384944047527,1
-8233740011274368940,6
-8233342013040037471,3
-8232526786210101808,3
-8230166071158795989,4
-8229148900132150387,8
-8228050296977641475,0
-8228009385958425968,3
-8227557140118379306,3
-8226799989672460071,0
-8225552824339962695,4
-8225146791777484394,8
-8224264478539372013,6
-8222468370179378370,0
-8221377914730707800,3
-8219871489697458472,8
-8219216007744438862,8
-8218421792925284624,0
-8218174764918607867,1
-8217190545570443262,6
-8216541404145570184,6
-8215012042175069829,0
-8214947660601141600,0
-8214803943233160052,0
-8213438001268608400,0
-8213344449220111733,6
-8213054792726065483,0
-8210618699775853855,4
-8209889380282455206,6
-8209445467541734104,4
-8206124842684646070,3
-8203389499568663218,3
-8202470565652827661,0
-8202295912542331809,4
-8202238802206116945,8
-8201301275767475179,0
-8200608699172714822,0
-8197765855233616828,3
-8197573441143677180,0
-8197154879187147189,3
-8196986472791003964,4
-8196125838515722657,8
-8196123613368771191,0
-8193838085451850616,3
-8193009695519660866,11
-8191677345482862686,6
-8189229690552753189,4
-8188730556182299562,0
-8186558713608306359,11
-8184585570019950645,3
-8184577140386133791,6
-8180658884715585452,3
-8179807294142860118,0
-8178334713387015260,6
-8177932207286952524,3
-8177256604839268965,0
-8175902630891825764,3
-8174899640122668015,8
-8173596500489221044,3
-8173066295295460110,0
-8172040435165644879,3
-8170656270894818397,4
-8168754982148627598,0
-8168561708838519032,1
-8167449067546836032,6
-8166136222958669828,0
-8165078518514518614,6
-8161422328642117939,4
-8159737478172127317,3
-8158869471298134965,3
-8156491789882699931,8
-8156443290590807229,6
-8155588877786440273,3
-8155126898042702473,8
-8154924788908375111,3
-8154893533875682815,4
-8153238037979391253,0
-8153104458606774154,1
-8149025672463340196,6
-8145822410796939858,0
-8145673189053682199,0
-8145275405750659557,0
-8144821465322830737,6
-8144507997487479062,4
-8143835350594852039,0
-8142019468716166085,8
-8137778231832718377,0
-8136410737687320939,4
-8133566273336679835,3
-8133473555266667343,3
-8133447224780426578,3
-8131212948997418018,3
-8130867351294800954,3
-8130702598055971215,3
-8129071829477038828,3
-8128667621915453975,4
-8126550789376888302,11
-8125247427233932633,0
-8122638974387556519,9
-8121081663072488273,8
-8119974979962302291,0
-8119412790569313367,3
-8118946386296215810,8
-8118160843580576098,3
-8117733739027574535,8
-8115819239611080846,11
-8115717293852220455,0
-8112392794506780793,6
-8109601066189289074,0
-8107641480801493136,4
-8103011405238882552,4
-8102170822946854414,3
-8099400291482670911,3
-8096833881686523560,0
-8096408932402465238,0
-8094008198188118118,0
-8093204716653984778,3
-8092028302355819653,6
-8091346122819943050,6
-8090912250364763834,8
-8090181219713031863,8
-8087838020563427940,0
-8087832935845781602,3
-8085543692363609422,0
-8083802334231850351,0
-8083122529227267565,1
-8081823467796603561,3
-8077934861080917412,6
-8077786641112939341,8
-8077352682567078510,3
-8075384233356976617,0
-8072445441874749869,1
-8071940586366367835,3
-8070332857113825161,4
-8070294953817527656,0
-8068794954759559483,6
-8068791952440579345,3
-8068629352354112527,8
-8065505042486451633,0
-8063626499660965441,6
-8061331243277133166,3
-8058634122033070483,1
-8058390315245968529,3
-8057963870022677890,11
-8056711706345868316,0
-8056327469122398696,11
-8055737931085926512,0
-8054460533730248573,6
-8053673069183767612,8
-8051789177481131919,0
-8051783818397270007,0
-8049405908401419352,0
-8048188862311141249,3
-8048157309109695056,0
-8047783565747385719,8
-8047533987146919550,1
-8044524884413684268,0
-8043562501057623084,1
-8042779880379006251,8
-8039085508555034351,8
-8038996608655149014,8
-8036113604580417247,6
-8033601290548789504,4
-8032403191108756618,8
-8031335125080743099,0
-8031225823509798468,3
-8027386480989005881,4
-8025839247167040592,0
-8024728684525983897,0
-8023523925726093934,3
-8023057939408558313,4
-8022986629629150834,6
-8022655678450905941,8
-8022522760077409920,8
-8021098271939041706,8
-8019468153254730235,8
-8019384396102909611,8
-8019363936980925082,0
-8019236076644491067,8
-8018959872531783491,1
-8016836798206112846,0
-8016087228711560607,0
-8012288620060064945,0
-8011681817486737923,8
-8008498659705914184,0
-8007330875975585517,0
-8004990602717510898,3
-8004652959868317246,6
-8003387562112894520,0
-8002601613503603183,3
-8001055371017755439,1
-7998535491381749065,3
-7995923271031200799,3
-7994929154729058907,0
-7994617663421841162,6
-7992363445586227283,1
-7987594119174615384,3
-7985675357362360023,0
-7981956777257738197,3
-7981936966289431785,3
-7980457571117233680,3
-7977334650964119955,8
-7977206848896834168,0
-7977001261993731436,0
-7975016482305320202,8
-7967645196066806356,6
-7964877990874445635,1
-7964035691879144323,3
-7962518953688440966,0
-7960559154252350251,0
-7960385849915390413,3
-7958778505116196696,3
-7957230147414508349,3
-7953094766460781035,0
-7951770472644343746,8
-7951761398751154549,6
-7950940294562728027,6
-7950079174963300830,6
-7949211813030733351,0
-7948982157334965077,4
-7948121427506702244,6
-7945996439535585282,3
-7943379568886329046,0
-7940535779834049509,4
-7939790194055083812,6
-7938061388718328847,6
-7935976669979851554,6
-7935449664291266651,3
-7934528381775475940,0
-7934205015562514751,6
-7932406773301394500,6
-7932039637654277980,0
-7931296853613072235,8
-7930787044788345216,3
-7929536567440912521,8
-7927374820760869929,0
-7926011642560066701,4
-7922832988415875616,8
-7921351475174322882,3
-7919670044706780242,1
-7919284973701879180,8
-7918922585982249092,6
-7917679680363597371,0
-7915905772210678353,3
-7915100391904353895,11
-7914825644009090772,3
-7914550273995278453,11
-7906394596726007349,6
-7903662854900997060,8
-7903318087217828637,4
-7902818864892539001,6
-7900940605903693994,6
-7900105428093223350,0
-7899838834535269316,8
-7898103999472738243,1
-7898042022170550193,3
-7894755391193346281,6
-7893760563852868942,0
-7892670399789274200,8
-7890948575942617442,3
-7890307518165163752,0
-7888682088282678137,4
-7887534571942246570,4
-7886510242468883013,1
-7885578632457030803,8
-7885177405694987740,8
-7884772732240555796,3
-7884628385622842106,1
-7881071130316626293,6
-7878112304615588701,0
-7876926604125961488,0
-7874992354000969775,8
-7873079112285293598,0
-7872712744542743669,3
-7871711963193478404,4
-7871470248296028517,0
-7866114937060013599,6
-7864546511495805778,3
-7863092348467419872,3
-7863076970269949545,1
-7860517165420772647,1
-7860353828920515616,0
-7856750801604847135,6
-7856040465554279275,6
-7855217569333818364,6
-7854206162767030463,3
-7852394220388861643,8
-7850288653754135182,3
-7848035135190588480,0
-7847688500862041222,4
-7844982967780492195,0
-7844287285962172081,6
-7844159698601009745,1
-7840481890253357733,6
-7840356060954070200,8
-7839717518504257153,4
-7838717305708826571,8
-7837914141450048502,6
-7833570934652555907,0
-7832158281447441878,0
-7830735178076672719,0
-7830087261379357291,0
-7829927067922771985,8
-7829570226675429398,3
-7824873448392556924,3
-7824262072012149211,8
-7823569907223155019,8
-7823460435041330872,0
-7823443333617799706,0
-7823113115145319017,6
-7822947841728061477,11
-7821973238466694337,3
-7821659803666809253,6
-7820907070355898583,3
-7820738685062033954,3
-7816569269540514842,3
-7814494669530314359,0
-7810569349065615212,0
-7807304727523270380,6
-7806517985321018912,3
-7805687141858206681,4
-7804601604019148864,0
-7804155304149591870,6
-7802961082593765700,6
-7799495300726450463,6
-7799450909658498902,0
-7799148314556519570,3
-7798926564779681702,3
-7798284514049087461,3
-7798208214634113165,0
-7796462986624402564,3
-7796217359679164946,6
-7796123885105558860,1
-7795115229212776193,0
-7794397046408182892,0
-7791063290605140801,0
-7790307577820871827,8
-7789385477731767375,6
-7787729817197223683,3
-7787715926392757569,8
-7786166176560390905,0
-7784689480208199725,8
-7783495270161784445,0
-7782335574727011304,0
-7782003555687841237,3
-7780804990139624468,0
-7780554945385328861,6
-7779826418035001601,8
-7778728779852844456,4
-7775767299777226670,3
-7773556291975664731,3
-7769275519455989289,0
-7765726308613130721,8
-7762039550360402299,6
-7760577835852016716,3
-7759844810985242233,8
-7759303696795368590,6
-7759176033161024405,0
-7756027847160215782,8
-7745230158852739221,8
-7744956299258046156,1
-7743936439871640241,0
-7743306394458639220,6
-7742978040630443012,8
-7742495345537909047,8
-7741368108040457243,1
-7739660536587156350,8
-7739571688111520125,3
-7737372700265771000,8
-7736816398673388733,1
-7730314266621277657,6
-7728893145380033098,6
-7728839711652687100,0
-7727130597807846248,11
-7727038679448824066,0
-7726984524267126808,0
-7726808210665791632,0
-7726101195669635285,8
-7722587184407799771,4
-7722074893684234669,6
-7721656970810634670,8
-7720860972260449534,0
-7720386252573241116,6
-7719011703354729576,6
-7718672769414974704,8
-7716493588056776950,6
-7712434147205739395,11
-7708696484837001266,0
-7707695392995750670,8
-7707451023024802047,0
-7707247868575220446,0
-7706880263217900841,3
-7705963790529512892,6
-7705821140978195070,6
-7705568986565402621,8
-7705311453251100270,0
-7704050685153282931,6
-7703547179792729334,11
-7703521403225089704,4
-7702563305273576208,3
-7698741129402923347,0
-7695974374063042537,0
-7693817403508951094,8
-7690441709599274143,3
-7689115998181195743,8
-7688336917055107090,1
-7688319559837499530,3
-7682432663573436317,8
-7681175903816645119,8
-7680784766379288650,0
-7680682819740584147,0
-7674427828900165703,6
-7673472172484649461,6
-7672706959511718605,6
-7671021690880802080,0
-7670939467680792135,6
-7669876903044464925,0
-7668609217013872025,0
-7666529272646644064,3
-7660950180360809044,3
-7660100850927867349,8
-7657786884243179508,0
-7656247496164488976,0
-7655458644287119843,0
-7654696074545947372,8
-7654600181646277102,0
-7654398471919781887,8
-7653402778816279725,0
-7652364943261800794,6
-7651698027699963628,8
-7646442042892023459,0
-7645539147302477296,8
-7645151707003145669,0
-7641118558923688759,3
-7640892331498869161,6
-7639859663398569217,3
-7637582485693929371,3
-7635974333782468671,6
-7635485183668971757,0
-7635108772895064960,6
-7632473652451838314,8
-7629332270341175697,1
-7628397054451158354,8
-7627447861885638930,3
-7624070226086219855,0
-7623627073602241247,0
-7615023868314329502,0
-7614010485854243355,3
-7613916415297221059,0
-7613719536635591982,6
-7613713447275547901,3
-7607832782567192022,6
-7607407592264123272,8
-7606901404272259115,11
-7606467001548719462,6
-7605226416832039878,0
-7600891299289205196,8
-7598521095564280057,8
-7597453277224761233,8
-7596680225840238716,0
-7594976866493982303,8
-7593397182065239850,8
-7593343514267572796,6
-7591292868303809832,8
-7589566173091806078,3
-7585673039855605089,6
-7584539814481857107,6
-7584538485789690646,0
-7584459299286870443,6
-7582122153155281314,0
-7581362406667028932,8
-7579971068403718867,6
-7579236222909415062,6
-7577319205677094267,0
-7574241801768689677,0
-7571492020523929240,6
-7570022295911158571,3
-7568755506149101560,4
-7567845851627599136,3
-7566981399811609226,8
-7565379210694200892,1
-7562932247789612253,3
-7561157296890269484,3
-7560428969941285460,3
-7559937180832454328,0
-7558860910266506705,6
-7555000143579045029,4
-7554936814538507237,3
-7554851759192213646,1
-7551368799523102973,8
-7549680091939345144,3
-7548488374579665736,0
-7546526043765686320,6
-7545409836474295473,3
-7545383382877785669,4
-7545217553355661150,11
-7544736976548371919,3
-7544311838856025943,0
-7544216429107531720,6
-7543623263925790036,6
-7542105227540613712,0
-7542083313394490284,3
-7541989345366563328,3
-7541298421457440572,3
-7537594386813896941,11
-7536911736241633768,8
-7536237725173601189,3
-7535080754547332655,0
-7535031402001834385,0
-7533601165487375654,6
-7533209702104854793,3
-7532080652612746893,1
-7531455476437184619,6
-7530883351171971783,0
-7530415899313201403,0
-7529193235120481083,6
-7527817799937194733,11
-7526938304052015976,3
-7525968859355403700,3
-7525077685712294445,0
-7524917210852897552,3
-7523229545939475137,6
-7517808624302212654,3
-7517681324627427700,0
-7514675883706725216,3
-7514662347783589769,3
-7513723318777969837,0
-7513509616427486466,3
-7512229865885985259,8
-7510470632761393754,0
-7509477729781958377,4
-7507479082032667784,6
-7506378215457891882,11
-7506136560788239604,8
-7503094443196440137,6
-7498721474547668743,0
-7496019723896087457,3
-7495900932452184563,3
-7495107681035729173,0
-7493388406765369553,4
-7491803299103853619,6
-7490899806982578090,0
-7489848911668760958,4
-7489322744019485656,3
-7486459506503369246,6
-7485925851201694531,6
-7485295378729386989,0
-7484022525840975897,8
-7481253531318379507,1
-7480992107032188912,0
-7480387174428595459,8
-7480371506997010194,8
-7476069655982707955,1
-7474254410265291439,3
-7472665120062315852,3
-7470308661285569946,11
-7469300761560049038,3
-7468707802342380837,8
-7468208300536515766,3
-7467841259268988572,0
-7466429227852647959,1
-7459804049304836730,1
-7458245435417653181,3
-7455385476433896629,6
-7454222021262386369,11
-7453729734121275770,3
-7452598050997941521,4
-7447948554604500491,0
-7444197122003669597,0
-7443936157719050934,3
-7441004192089731220,6
-7440198302592484808,0
-7437326521316138673,8
-7435222672576514884,8
-7434527029195227790,1
-7433723730879766346,8
-7433173906955038356,11
-7433097535017753266,3
-7432753145208296887,11
-7432599251819629841,6
-7431238267265829024,3
-7429238219178488521,3
-7428388837822016234,8
-7426704975828966812,6
-7425322081110270943,4
-7421578568631823792,4
-7418707351756116530,0
-7418519047272044126,0
-7416981856644353056,0
-7416591904688162772,4
-7415987176744066551,0
-7415982687720413306,11
-7413752531184956834,1
-7412299947477667068,3
-7410294927380908652,6
-7408443801428002752,3
-7405973914924392768,0
-7401853078495295474,0
-7398458179586194792,6
-7393831784005284526,3
-7390899958692083714,11
-7390710706320943439,8
-7387604178678100878,0
-7386388261480701408,11
-7385230733907457822,8
-7384704032151289576,0
-7383873318268130574,6
-7383291829441955619,8
-7380901744009094490,6
-7375996842370237705,6
-7375622819574353596,0
-7375181844412726754,8
-7375053800374531110,8
-7372545932149895275,1
-7370148427155499641,0
-7368552557721710358,8
-7368142435043668110,6
-7366737942450933840,4
-7366654722809402985,6
-7363230543772534300,0
-7363117145751273001,6
-7359262190615645523,1
-7359033480513164123,6
-7358200986782045658,6
-7358027820336392916,3
-7357615488829801920,3
-7356422865929660798,6
-7355700049897792462,1
-7353028392439450568,3
-7348861589840000641,11
-7348412319722102451,4
-7348171053597126989,3
-7345927419205705449,3
-7345614482241877893,4
-7344016820541541282,3
-7342435610701460343,8
-7339731122218546921,3
-7339415986980079777,0
-7339050003102243636,0
-7338845516787764198,6
-7336084072696064503,0
-7334116910868775301,6
-7334101861839895652,0
-7333048662950520569,3
-7331596476482895629,0
-7330662479947524815,0
-7325005960494540734,0
-7322142911220931175,4
-7321006822669944076,4
-7319583204814569467,0
-7319225135984432318,0
-7318935892818157586,0
-7318792058216931124,8
-7318031207746384616,3
-7316152892303883522,8
-7313785796727687407,6
-7312745606632083399,3
-7311484704750938294,0
-7311142697728903165,3
-7310713363912567626,4
-7309718465468394660,6
-7308942995384909653,11
-7308639326623653688,0
-7307336853972019951,0
-7307010859034119738,0
-7306540957849879112,8
-7306372637392334418,11
-7306262775331185493,3
-7305833418743191853,6
-7303987692248592457,0
-7301837526219852130,8
-7300780956387825977,8
-7300020200915761208,1
-7299274901927785583,6
-7298613872120491071,0
-7296822778445897204,8
-7295994252286485323,6
-7295496520228982385,6
-7294774978891153202,1
-7293816650920693919,6
-7293272073748314563,0
-7291633425768086458,0
-7289073376571421072,6
-7286797545316311290,8
-7285984452504219070,4
-7284414209350397946,8
-7283287856556052687,6
-7283274632634534662,4
-7282576474355941730,3
-7282100824260440192,1
-7281782260147491265,0
-7281452938646067308,0
-7279764449231973178,8
-7279093011324424218,8
-7278959895812041095,1
-7278258381326342834,0
-7276034407817287253,6
-7275651651009907885,0
-7269629076852288650,6
-7268496771824664370,1
-7268025964696437054,6
-7267040957518144284,0
-7266265553649611141,0
-7264616954252932491,0
-7264437210061904936,6
-7262842791736125362,6
-7262820542230462677,3
-7262436633809610909,0
-7262275683321987240,6
-7261703138615404160,1
-7261016699776316248,8
-7259933277517010196,0
-7259840076585091534,0
-7258855032250455269,6
-7256890731807167181,0
-7250509257880442934,0
-7249803158392116249,8
-7243055631630205782,0
-7242831172724860329,8
-7241395918134255738,8
-7239650535489703113,0
-7235325865191263080,3
-7234148327465070106,8
-7228834955740084829,0
-7225754387891001941,0
-7221285048378076883,8
-7221199851037667166,3
-7221026036368558840,3
-7218315672904010670,0
-7217309400305256285,0
-7216159535937345278,0
-7212833529875609776,0
-7210459507630282742,3
-7210448434327293976,3
-7209574990157400885,8
-7206444557577012335,3
-7204463355612624262,1
-7203846648684659535,6
-7202840047152964689,3
-7198512034949276439,0
-7197660601083036093,0
-7197095290101484106,8
-7194828796358387211,8
-7193790052138238519,6
-7193775812930474292,0
-7191836124981398222,6
-7190205955100547691,0
-7187238348087104367,4
-7186382530409728837,8
-7186081204608193041,6
-7185285803423442165,6
-7184976615378474173,3
-7184447954056058764,3
-7180548508407717101,3
-7177169719287432601,6
-7176569482608014050,1
-7172926100635748156,6
-7171078684107932137,6
-7168402904034407655,8
-7166897181169092558,6
-7166852829180982159,4
-7166240016471233005,1
-7163833883570416323,0
-7163526049616922346,0
-7161167009204535995,11
-7159856526237274701,0
-7159009463109569842,11
-7154551059870933487,6
-7153505457199116496,4
-7150728075594487841,3
-7150140213169610993,3
-7149220661405169534,3
-7145312024511582970,0
-7144572636070509322,0
-7144419070015550125,6
-7144023818055296765,1
-7141715996565632861,3
-7140266820207230546,3
-7137456002168449990,11
-7137191921641185665,3
-7135795989976762650,8
-7133608257410919277,0
-7130808271179983454,1
-7130207853464435599,0
-7129311518875006437,0
-7127960066316015385,0
-7127918137269171790,6
-7126229010765485746,4
-7125176879135596686,3
-7122531335602174207,3
-7121970200918468667,3
-7120516832684104721,3
-7117926059026013773,0
-7116602884220748257,3
-7116085884506658127,8
-7114459675394721261,1
-7110242250093739918,3
-7107879183339094317,4
-7107533573761371016,8
-7107304215728057734,11
-7106410656731252067,6
-7106324493096801490,3
-7106000176133254932,1
-7105305952901940477,3
-7102916007785320845,8
-7102656572485588452,0
-7102002525421226511,0
-7100118328661968523,3
-7099169980345514003,1
-7098552515264891248,3
-7097374998705398502,6
-7092299120781143612,6
-7090745263603079629,4
-7089492468687908765,6
-7089402694973434993,6
-7084209567437514861,0
-7083687870346221799,0
-7082627475978321318,0
-7080122325162174932,1
-7078748882012619370,6
-7078490940834934915,8
-7074044825293504204,4
-7071773853734244337,6
-7071501661318034680,0
-7071144349978634210,8
-7068084988220004722,6
-7064200109017409280,3
-7063587080746624618,3
-7059913379605976431,1
-7057732666118938934,6
-7056067640212527320,8
-7052911997539087826,11
-7052452879232477137,8
-7051211200196889094,6
-7050238197943345593,1
-7050229456264788791,0
-7049340241282935989,1
-7048605312692097157,6
-7044543787618652969,0
-7044492838806915206,8
-7044024876920809411,3
-7041533980760989327,11
-7039561713057140482,6
-7035934466430008168,4
-7035886467210641729,6
-7035744497747347911,3
-7035221726372715501,0
-7033695616149432560,8
-7033131857357682853,0
-7028714262856144810,3
-7025941664888073961,0
-7024201595617640983,8
-7021339919125839153,6
-7020281599549686750,3
-7018086153738804412,3
-7016003400151219891,0
-7013076120485818145,4
-7012900938284077307,0
-7008637864748850381,3
-7007110947671974311,6
-7003044392207586654,0
-7002493404429384830,3
-7001469464040424176,0
-6998616096123712592,0
-6997045375492130757,6
-6996084489890024533,0
-6995222426623055327,8
-6994808880344424033,7
-6994677305310362507,6
-6989657979230934695,0
-6988898613059580521,6
-6985074095021390152,8
-6984265342565442000,4
-6984263364686100580,4
-6983485795372938528,1
-6983132330682102890,3
-6982582822344790774,0
-6979315559927720616,8
-6978860414285661081,6
-6976529013502649994,6
-6974969092976339085,6
-6972482459971497520,3
-6971218997022989741,0
-6969363154305198300,6
-6968630501667222591,6
-6966899375950123053,3
-6966771260722633636,6
-6965928043137233251,0
-6961843286363273274,3
-6961599038378018629,4
-6959934522850264148,1
-6958758037020501321,8
-6957563860605574652,8
-6954492996576817999,3
-6953654477257543747,6
-6953298406517117367,6
-6952475539655307671,8
-6951086989197136797,4
-6949676385543379913,0
-6947035064328300664,4
-6945543500920668756,11
-6944005629074930838,4
-6943607399463520614,8
-6940490114648401257,6
-6939734732904757867,3
-6934602404136701850,3
-6934155859147541945,4
-6933232084482863677,6
-6930696618538475928,6
-6930182727571968000,0
-6929747128128314424,3
-6929172721240856152,3
-6927649549752606409,6
-6926807304565119619,6
-6924876194401344684,4
-6923828844778678459,11
-6923763004498011042,3
-6923271046268140080,8
-6921945006915837418,8
-6921139571704086448,0
-6919663676101615663,6
-6917605111917698165,8
-6913790110503505413,4
-6913567934205701357,0
-6913388458570472783,8
-6912844329441453361,3
-6911402408504535631,3
-6910983743026874393,3
-6910352812440911799,6
-6909051462507306272,0
-6908516308080555754,6
-6905795866429033795,3
-6904982564969259838,0
-6904587291306611544,3
-6904379651903497394,8
-6904264161893626939,6
-6903784586172886117,1
-6901526900091679050,0
-6901148813805534079,3
-6899546692686650917,8
-6897043825400212419,1
-6895139820671289001,6
-6894812511863351896,1
-6892421711676095557,1
-6892214987767421479,3
-6890974632915818769,6
-6889810714170605194,1
-6880550115020461390,0
-6878340404907473587,8
-6877897193622623771,0
-6877696701654867296,0
-6877166161030957197,6
-6876586155656233189,0
-6875636080667876033,8
-6871907441252277640,8
-6870889306188189450,1
-6870017247061745051,6
-6866975594841473239,3
-6864513022128100059,8
-6864409266499875202,8
-6863135233853730617,3
-6860889736241626175,1
-6860137007682549956,6
-6859485770938865133,8
-6859177358639307540,0
-6859029126133346851,0
-6858247803157524538,3
-6856027291501505142,0
-6855996938294508606,6
-6855965911054112941,6
-6853581748194020297,11
-6853524982237060772,4
-6853187259454676254,6
-6853018190171864496,0
-6852605512708978392,0
-6850031465850265128,3
-6848657430004465364,6
-6844137418834770091,6
-6837020537448102333,6
-6836661560284534583,3
-6836377952319775628,4
-6836292084236708801,0
-6835100134971736371,6
-6834928612133616906,3
-6834015457148538846,0
-6832095443318823483,0
-6830390900606658393,8
-6829412380479184131,0
-6827520511994036367,3
-6826642401219283258,3
-6826100115245181681,3
-6825723750811143901,0
-6822130891726687929,0
-6820132316911481398,4
-6819535652054960621,3
-6816561733751427008,0
-6815411934517692881,0
-6810925524100722920,8
-6810082241294284349,3
-6808799898868077259,0
-6808546059777650283,0
-6807962745372780977,4
-6807617704355293530,11
-6804180341615174007,8
-6802977212575549519,0
-6801985306916001467,0
-6800369479424605935,8
-6799204727253222070,0
-6796918558917862098,8
-6789575384442844672,8
-6787521980063312347,6
-6783196833109059491,6
-6782542465226327576,8
-6781787835848441277,3
-6778334543608667050,0
-6777696914725393957,3
-6773434462677266662,0
-6769966996302837282,6
-6768118240129145561,4
-6767331971451036403,3
-6766223577367504699,6
-6764407571814230338,6
-6763690746715288978,3
-6762402592920265572,6
-6761221531433302512,0
-6757387084977629678,6
-6757236934671765344,0
-6756170277996499112,0
-6755802778900277882,6
-6754137299355149052,4
-6753947077382480836,4
-6752112233885123571,0
-6748828100626587181,0
-6748331154068864940,6
-6745110883206268063,8
-6744501669016713784,3
-6740856862165511195,0
-6740241711634840127,6
-6739860488313725269,6
-6739500826566203055,3
-6739039089193760800,0
-6735299746493389126,3
-6734674857298513455,4
-6732570348071176497,8
-6731001239775042177,0
-6730152931449105524,8
-6729986010789176452,0
-6727496463957669647,0
-6723712391888878507,3
-6722624687185190859,3
-6720925202570016658,6
-6720090549303981741,3
-6719522996320643659,8
-6719340187083078780,6
-6717550663263219116,11
-6715577872008356205,3
-6714539128345632048,0
-6713734174088294147,0
-6713110628124353781,6
-6710278520007599935,8
-6709437292761096109,6
-6708709771014885601,0
-6707943627110094993,6
-6707817051512787355,3
-6707627058918042609,4
-6707139102159613446,0
-6706627275690573322,3
-6704154977527613555,6
-6698655194080322268,6
-6697927288980005735,3
-6695020171315182425,4
-6694252843752535345,0
-6693753286275562803,0
-6692358561716396023,0
-6689614308409336057,8
-6689478440935177807,1
-6689164257401995971,3
-6688189501872762039,3
-6686046876265136137,11
-6685623233188578206,0
-6684976192663192400,0
-6684765234936275653,4
-6682705592874171915,3
-6682336184688762139,0
-6681239807024831433,3
-6680054068554267213,5
-6678296840828384711,3
-6676362809011596949,11
-6676204851460558685,0
-6674566052542155988,3
-6673390884930800827,0
-6672936448621008171,3
-6672070878643402708,6
-6671725137900983304,6
-6669848110381513005,6
-6668859679119570460,6
-6667936224950965182,6
-6667575521010965688,1
-6667438803465136570,6
-6667419395820575313,0
-6666708200754433005,4
-6666459346391777174,1
-6665269366302509788,6
-6659602370311793565,3
-6657994559993667391,0
-6656486727905083079,3
-6654926222513615135,6
-6653491261831763322,6
-6652848916872735939,0
-6651388097679386526,6
-6651321575826425793,3
-6650864340068498566,6
-6648693720354583797,4
-6647484305938017215,3
-6647013615384775418,0
-6645790167981191581,0
-6645075730288135969,3
-6643859642968796214,3
-6643293347325258583,3
-6639604693266567529,4
-6635826363101374077,3
-6635163678784332104,3
-6629076342477243227,0
-6624920247738861943,3
-6622336641979077188,3
-6617484582523629831,0
-6616700135562997657,1
-6616359021266761192,0
-6613756552527864921,0
-6612835971160793280,1
-6612595594541021358,0
-6612207389506500689,3
-6611387138861349686,8
-6609497036167867662,1
-6607464599468622682,0
-6605146256926483806,3
-6604605070350500479,4
-6604571421419792086,6
-6602070162835632564,11
-6597286605518523090,3
-6595666543659832886,1
-6594022068080569868,3
-6593710753306472246,0
-6591944069175339653,6
-6590978319198373875,0
-6589897088584483862,4
-6589180216242652490,4
-6588322121033373703,4
-6586629928697801209,3
-6586445119773356257,8
-6586353277594406689,0
-6584476499984693754,4
-6583335439604751301,11
-6582237534180327919,3
-6582134338318209925,6
-6578968406088985150,4
-6577866928688256452,6
-6577479151537543872,8
-6577011276713534044,3
-6575380314490404139,0
-6574233193110846283,1
-6572930889846498614,6
-6571371446950308980,4
-6570734770103882802,1
-6570648889355188667,4
-6570202158496683776,6
-6569530574135809587,0
-6565494744330032827,0
-6561629995035830938,3
-6559988192067508775,0
-6559375131108301029,3
-6558676685875215068,3
-6557550890740799897,0
-6556773920923472738,11
-6555913231119963719,11
-6555814532534671005,8
-6555327072448634805,8
-6554744969084233484,0
-6554481336966240622,0
-6550329581403963206,8
-6546817450389057698,3
-6546547890658731019,6
-6546068207319375109,0
-6545608636920615189,3
-6544103722318305062,4
-6541958899476400597,1
-6538891058531862642,4
-6537568470122840245,6
-6537525837504929153,1
-6537466496668089147,3
-6535939061542232521,3
-6535525094791349118,0
-6535210219221134605,8
-6534561364591529808,3
-6533458898210516405,0
-6530845611284257533,3
-6530245448740847960,1
-6526889403882261459,11
-6525013055308202875,6
-6524920063845081398,4
-6520183806816620081,6
-6519015568752933868,3
-6518615607652348595,6
-6518504391651439315,3
-6517512542018784198,0
-6515916707854344269,0
-6512825275330994385,6
-6512706682529546647,3
-6511821664995680994,6
-6510980133483845443,0
-6509075656196438157,0
-6504139132242915822,0
-6502573455747602122,0
-6499772636540160204,6
-6497243370664642845,3
-6495416228773023412,8
-6495202410745435861,6
-6491291394817977021,0
-6491133879567443019,3
-6486714614940767660,0
-6486462126011650657,3
-6483196516933829861,3
-6478994217154739555,1
-6478525311727966944,0
-6477737688237148150,0
-6477082248469417638,0
-6475940806263991864,11
-6475794039385849761,3
-6475778611868984285,0
-6475600883726423342,3
-6474543604026437248,6
-6471091370457229136,1
-6467937489576067186,8
-6467009160056916452,6
-6466664497259445707,1
-6464693144110449471,0
-6463450066869398051,6
-6461163340371287150,0
-6461080161315659540,8
-6460317387840048787,3
-6457532082394114817,3
-6457381953870395710,0
-6456357185757798425,1
-6456309217284734567,3
-6454184129716155641,11
-6452033632085825834,4
-6448092748003206070,1
-6447357065524204722,0
-6445273606199447046,0
-6444581652378478586,0
-6444547640025597906,11
-6443680549729406583,3
-6443401356880555261,3
-6442394521537090621,4
-6441823348812776407,0
-6441742117709794738,0
-6440679321874573487,0
-6440112961235368580,0
-6438099222917764725,3
-6435860539009736046,3
-6435064362277027578,0
-6434833756098736649,0
-6431528625121178885,3
-6430078615493800015,0
-6428655226419679953,6
-6426343385106696974,6
-6425476823809933567,8
-6423825428496131213,0
-6421934238528215611,0
-6416916479845437900,8
-6416512202554265953,3
-6416028208508256711,3
-6413175282344291194,4
-6412466506378358506,8
-6407791687720255553,0
-6404513961166403966,0
-6402341900039721051,0
-6402166230404118186,4
-6401781476581893883,11
-6399747373107535583,3
-6399387366451929152,0
-6396304584042861716,0
-6395998729868846059,0
-6395054340594429547,0
-6394451309403543589,1
-6394435439954885890,3
-6392386241829567129,6
-6391101451877991980,8
-6390745727898169799,6
-6389696100502224838,3
-6389024767113753827,8
-6388564547392448632,3
-6387529468525877724,6
-6381972635699314321,3
-6381635380346464001,3
-6377779602054908186,6
-6376413086454297009,0
-6372599142370205203,8
-6372508446258679909,3
-6371248062836904520,0
-6370900491304751661,8
-6370353780728588107,3
-6370001306643463359,8
-6368080607687883191,3
-6368071424712277906,6
-6367213993713881421,3
-6363674043695218814,10
-6363185681992851552,0
-6362400896103563789,4
-6361080084292172796,0
-6357169463754351183,0
-6355741290372609936,6
-6355562147651795386,8
-6353015547124287048,0
-6352106329436376440,8
-6351872879017419405,6
-6350590369376434718,6
-6347907684802643160,3
-6347059850284485378,1
-6346955324421746535,0
-6345024031808582967,4
-6344918621234458637,6
-6344151889768282648,4
-6342748197145120596,8
-6341853320884792737,6
-6340492491548251834,3
-6339629616241213030,8
-6336752096063880272,6
-6333619640384670080,0
-6331155868418581826,0
-6330065465388412823,1
-6329713995156889277,6
-6328539187833233734,1
-6328521157438000544,3
-6326675633502446864,6
-6325889808543303895,4
-6325765952973948163,8
-6325693032977243134,3
-6324756060816649921,6
-6324108399310032667,3
-6323623848873580817,8
-6323025529026437750,3
-6322707288748690248,4
-6322028125776491874,0
-6317624611676612349,0
-6315642316658400849,0
-6314364332321077500,1
-6313016949248212872,6
-6311926987556306457,11
-6311183778306128273,0
-6309959108682257449,3
-6309020118724651791,0
-6308340016696789205,3
-6307001651893684519,1
-6306365625660559554,0
-6304703143236145094,6
-6300917644989535621,0
-6300390537978335982,6
-6299349645169531932,3
-6298582944167530310,0
-6298476514050451190,6
-6296806968082197253,8
-6295374385213824853,3
-6295139703348147321,4
-6291324262516050363,0
-6291071664293921708,4
-6290074745823717352,6
-6288231767145422898,4
-6286706589658841476,0
-6286121051879912987,8
-6286063239847835469,1
-6282628116144596368,6
-6281742522667008584,4
-6281153288821688209,3
-6278628876056719887,3
-6278530949172695911,0
-6277284747899864615,1
-6276154148415978929,1
-6275131140370906490,8
-6273678851461170110,0
-6264819554888922693,6
-6263045572838908439,4
-6261833220433936064,11
-6260810991643369528,0
-6260291875490860032,3
-6256523844295704132,1
-6252804068148342630,0
-6251732942790390946,6
-6251657817937192867,6
-6249513949068253079,0
-6249058821369006117,3
-6242199171747236147,0
-6241847946733872526,0
-6241719624209231308,8
-6241220582305795548,8
-6239136920030195182,3
-6234630683049505248,8
-6234614610992184549,4
-6233019147009771191,3
-6232073143907696044,1
-6231565728756969316,0
-6230509842631423303,0
-6230256196425791462,3
-6228369913588836994,8
-6227130362575626903,0
-6224292292148434734,11
-6224209799559629115,3
-6224165972990042646,4
-6222553759038393716,0
-6221479266995177102,0
-6221187342276119598,0
-6217822871208720302,3
-6217673941038942838,4
-6216910833330798978,8
-6216744670320615149,1
-6215051590034285968,3
-6213530335216717172,1
-6212731266046152720,0
-6212678299362822522,4
-6212579979935625626,3
-6208945120934035097,0
-6208344122304640115,4
-6208025750913291493,0
-6206479428648060497,0
-6205361692371352659,3
-6201025286488450023,3
-6200771235303944554,3
-6199924414877833685,3
-6198581477007966488,3
-6197948041359680088,0
-6195734304907141601,3
-6195713037686055134,3
-6195189462592549094,3
-6194323008154106299,4
-6193494092728381908,0
-6193129447839639773,0
-6192200274693425189,3
-6190923377327167750,0
-6190917710037067749,8
-6187805643750716361,4
-6187013877733126959,11
-6186615758588920735,4
-6184985354573634000,0
-6184709296803905340,0
-6177907511491618877,1
-6177349282656117258,0
-6174303957871642553,8
-6173743595029685073,8
-6169791508667032037,4
-6169743933797170291,6
-6168733238139350261,3
-6167396120046387304,1
-6166990240842554250,0
-6164691015528020980,1
-6160955257343106810,1
-6160713040477304264,1
-6158136486786606144,3
-6156415758010257123,6
-6155676805677877715,6
-6154313830842245770,8
-6153281532981284660,3
-6152024457343037483,0
-6151144929297619262,4
-6149972665609276469,6
-6148332517363021862,0
-6148165469951190736,3
-6147313664148622076,3
-6146991483498424488,0
-6146701156017790325,0
-6146484660075975026,3
-6146314599282092243,0
-6145365716305629103,3
-6144483106109829770,3
-6144363113675839011,0
-6136853303419741848,3
-6135624422125376983,0
-6129683979428294672,2
-6128671352232110515,0
-6127765096167393502,8
-6127581801979227943,11
-6126394561178321453,6
-6126114069258816650,0
-6126005378800169942,6
-6124852053732916135,3
-6123796237194846954,3
-6122693866912542259,0
-6121726052003558602,4
-6120634070609301891,3
-6119518171158915157,8
-6116570678666185582,0
-6115867225492564246,6
-6115475341600702139,8
-6115150937408356071,4
-6114112147736277526,11
-6114109942148822863,0
-6108342177786957166,8
-6105428735944739596,0
-6103215576925178964,6
-6102720776120543336,3
-6101776637120872977,11
-6100983122865803371,4
-6098807179648561283,0
-6096351907337055275,0
-6095713345340365517,8
-6093141450117918974,0
-6091204347139086741,0
-6090658469572548335,4
-6089654164436596891,6
-6088277817800272916,6
-6088015631343168077,0
-6087175910386658310,8
-6087083534651006725,6
-6086721345457853807,8
-6084188923282618064,3
-6083416842728142049,3
-6080529867460785827,3
-6079166256484660884,3
-6070933546767614715,11
-6069740231250392816,6
-6069576034482988489,0
-6069042985780045729,1
-6068697077005211343,3
-6067429461406356955,1
-6067427244160825085,8
-6065102622342230730,8
-6062914504495120064,3
-6061766101957925423,6
-6060860498110881889,6
-6059290274455367169,5
-6058679412234128632,0
-6055873620446054602,0
-6052325140779998756,6
-6051707596081617936,0
-6050382212029535645,0
-6050329559397303639,4
-6050167744719139225,8
-6050034919228189884,6
-6047704267746426223,0
-6047094942662966089,0
-6046039605880401757,1
-6045528624541562815,3
-6041304182067421574,4
-6040371292695818218,8
-6038786323336367965,0
-6038209388341109163,3
-6034154819410657240,8
-6031894704748472696,3
-6028720445391133344,8
-6028224854555697788,0
-6026726778243781229,3
-6025325972722346692,0
-6024448510729181904,3
-6024420314797086781,3
-6023945363113015103,6
-6022606683774983643,8
-6022456814244051341,8
-6022305189056324934,0
-6022063386909176503,0
-6021667847214898195,6
-6018909213341932484,6
-6018186350118238472,3
-6016089134218712467,4
-6013487182389694822,8
-6010206389254619169,3
-6006903518429671310,6
-6005910233640450696,4
-6005581448326580438,6
-6003724287229925716,3
-6003326584691059620,0
-6002421649066659845,6
-6000942365300514352,8
-5997584741586377879,1
-5997163437874538341,4
-5996945416367023627,8
-5995981677206308844,11
-5993112060514262430,3
-5992332328632546117,3
-5987678248787014730,0
-5987199237202236186,0
-5985024510079401042,0
-5983277737998275487,3
-5974670585151018741,3
-5973714341357657668,6
-5973702246341299592,6
-5973334140192281409,0
-5971517835683579569,0
-5970591930423506594,0
-5970500362334184114,8
-5965928414581316769,3
-5963203213757174009,3
-5954078344870548136,3
-5953738172358215010,0
-5953311929787818171,0
-5952271335713256955,0
-5951427403294880640,0
-5950937557263526812,6
-5945101305206459809,3
-5944220122756807271,6
-5942852422098961899,3
-5941394313059121789,6
-5941325171784605323,3
-5941132006048111547,1
-5940690921408516101,1
-5937503380424429791,6
-5936483593358818192,3
-5933534293168955143,11
-5932170861549268399,6
-5931560835175779080,1
-5929238545436236648,3
-5926340480853379642,8
-5923483924252416926,1
-5919251998555721866,0
-5916059012750599646,3
-5915471032957907713,6
-5914787548301061613,4
-5914084754774861848,6
-5911575478493466263,4
-5910169974306905660,1
-5908718793215009867,1
-5908170303403868469,0
-5907696582331120156,0
-5906789375672364603,1
-5906545075886515125,6
-5906045266084915587,3
-5902826556389637287,11
-5902810647818538566,6
-5902483087081804462,0
-5902187918037460065,8
-5902115631709651748,8
-5900768120344811840,1
-5898877739626736165,6
-5898798932383124120,3
-5898723805363881679,1
-5896126414891284782,6
-5895498628164753526,3
-5894984789814354857,0
-5894207489784259153,3
-5886747725125568590,3
-5885925442191267535,0
-5883824946294288510,11
-5883263578108059347,3
-5881983332725878069,8
-5881205058000209636,3
-5880084586396176801,4
-5877627550783716190,3
-5877626066838831620,3
-5875716979517153418,0
-5874439185215513626,4
-5874025563140050269,3
-5873281431513874483,6
-5872776768533179307,6
-5871277045906236138,3
-5866311552309452337,1
-5865563712618597484,0
-5865470123332559980,4
-5865082043533599978,3
-5863939690740976490,4
-5860964503231800813,6
-5859547450087831094,3
-5858572659363150247,8
-5858353579447498816,0
-5856654994716700019,0
-5855648498079106030,8
-5855037331120494840,6
-5854850992452561380,0
-5854821728859733105,6
-5854299953783556310,8
-5853394515914615462,8
-5853208101684516121,8
-5852565099013262190,0
-5852479261909563832,0
-5847169327057651195,4
-5846737189599356777,6
-5845660514029419579,4
-5845210025636819050,0
-5840080488225503997,1
-5839230097623251294,3
-5838321474483920980,0
-5838318588397591785,1
-5838107329979568650,6
-5837958537886055234,11
-5837131172632879316,3
-5836913823117347364,4
-5835713970290016217,0
-5835413058689662591,3
-5833850530975426862,3
-5832076484275619269,3
-5831695185592346662,3
-5827252797952541750,6
-5826499677240766772,3
-5825642777945260158,0
-5825454793561769523,0
-5825160403366836409,6
-5823383260498335209,4
-5823362719250921878,3
-5819824149603101137,8
-5818912873103111249,3
-5818571785171748836,4
-5818478081164015292,8
-5817157555576617084,8
-5815291151578110661,1
-5815101707513019070,6
-5814086524840181885,8
-5812055718750450472,6
-5811594395788216307,0
-5809654831841934780,3
-5808199036894195165,8
-5807976696667585301,0
-5807456300674849904,3
-5807017255699548907,4
-5804744968123045157,3
-5804653430002832479,6
-5801094294076202747,0
-5800218764429991032,6
-5797707120417261746,3
-5795609064443443235,4
-5792984847953440788,0
-5792334948987721730,6
-5792047924279676753,3
-5790736864303277651,3
-5790699071480340128,6
-5788117741904513022,8
-5787994660972737688,1
-5787717996401499079,3
-5787629331389110813,3
-5785574688843141830,0
-5784176955018583383,11
-5783747832412912214,4
-5780183645340842775,1
-5778530161275831104,1
-5777554364587308607,8
-5776736571281824844,1
-5772393474507874794,3
-5771727543397489003,0
-5771137889216641940,0
-5770558494167297083,3
-5765167433161507402,4
-5762990823832045893,6
-5758068389316518982,6
-5757812018825857220,4
-5757631914637692087,0
-5756777021922134896,4
-5756559056038788287,3
-5755795160151533686,0
-5752385908209529620,3
-5752217701907761306,0
-5750591239436008365,1
-5750295924373627661,11
-5749960515765157237,4
-5749443055795222123,3
-5749176655490652669,11
-5747285409625366594,8
-5745831546301960321,1
-5743293934434057521,4
-5742488814454675811,0
-5741863438442859167,6
-5741239633115326001,0
-5740210691712295854,3
-5740056123230815099,0
-5739625187195866456,3
-5739107419638030709,6
-5737475225008247126,6
-5735174246318080656,1
-5732948319240737429,6
-5732026262009524449,11
-5731640470208962245,3
-5731610815090206492,3
-5731116118929215511,3
-5729780819845650596,3
-5727850177555687571,6
-5722040713070281790,6
-5720416270131558980,4
-5717899492775167022,3
-5714268188938600426,6
-5713301599821820598,3
-5711798859969092316,3
-5710991249384650173,3
-5702724604333548542,0
-5702554483493316389,6
-5702408115323102212,3
-5699292823584660641,8
-5696744047488794150,8
-5696733974388200820,6
-5695738851719586039,6
-5692413802725273996,0
-5691795107635013859,8
-5690378576890520073,1
-5690049339545660334,0
-5689601809411362113,0
-5689046066609302202,3
-5688445649568511973,6
-5687177543871577991,6
-5684292119904115167,6
-5683988522655372700,0
-5680831938026678689,6
-5680032515581678867,1
-5678421713208903711,6
-5676842491802658961,3
-5674154363962955901,3
-5673357558577214862,4
-5672510046669340599,8
-5671599190246511673,3
-5669655525549620993,4
-5668062838997453173,6
-5667278427120968214,6
-5665636672599861416,4
-5662935201176829710,0
-5660405241977309928,3
-5660154036535068902,3
-5659947955703387824,0
-5656963283700412932,3
-5655522770262307749,11
-5655257806829114315,4
-5655017572329933638,4
-5654756791119135750,0
-5653772271592811661,1
-5651183945847146166,0
-5648641265825038822,0
-5645989281378011451,3
-5643106835793836676,0
-5638766481773788134,6
-5635860671398225880,4
-5630910375170486213,3
-5629847482622989027,3
-5629372052360313414,3
-5628151823582296645,4
-5628025578554157626,0
-5627192011858619042,0
-5626899038053306707,0
-5626885461785583842,3
-5626179808591363057,6
-5625600972323537305,3
-5624272597889110287,8
-5623608303450619212,0
-5621173714159180536,0
-5619133773070773453,6
-5618873625517729884,4
-5615374833845419996,0
-5614721635454273941,3
-5614567843175962830,0
-5612971312654282743,0
-5612671327150695414,0
-5611441695435710655,6
-5611275183415956392,0
-5610500822709406461,4
-5610039204423621193,0
-5609888638928600811,1
-5606554578549903199,3
-5605983133897142441,6
-5605451720486292896,8
-5600870061222491470,6
-5598522917744263734,4
-5595749812925160500,3
-5595153340256147257,1
-5593516353413628646,1
-5590184639577957271,0
-5589965118081465912,8
-5588165013235175996,6
-5583570275201930346,6
-5583390375277648629,3
-5580067001086620455,1
-5578376443481838504,8
-5577851644656474320,8
-5577602273119571396,6
-5572168614909885563,8
-5571704524157521060,1
-5569845572667584783,6
-5569177083228170861,0
-5567955328196276813,3
-5563215446581556903,6
-5561227004498472461,3
-5559222877314131251,8
-5557441141338434613,6
-5548777694280512605,4
-5548103948110855964,8
-5547543708787709558,8
-5546573378168675500,6
-5544620303468241051,0
-5543309263112190374,8
-5542846930651349795,11
-5542217719308711315,6
-5541786089650948271,4
-5541295715198490097,0
-5540964363545950402,0
-5540123764768816004,3
-5538684428600719222,3
-5536329915628181399,8
-5535709489067953010,6
-5532989797612543122,0
-5531715484481228401,0
-5531135002069543327,1
-5530203834899583054,6
-5529699983784189531,0
-5527379142250111104,8
-5526686278560717173,0
-5526447522733267180,4
-5525666367633898627,3
-5525374543207929098,1
-5523838718487721834,0
-5522670164280242188,3
-5522376568159850590,8
-5517323234210574986,0
-5517016791709615581,3
-5516799194304319286,0
-5513640508500780385,4
-5513002325290488359,0
-5512977776231432726,6
-5512917684062148582,8
-5510234811525269820,3
-5509732250949538389,0
-5508907219210927864,8
-5508085352559639304,3
-5506991519782408662,1
-5504536869873365890,6
-5503058376982036818,11
-5502252805298455361,0
-5502074788297602535,3
-5501185323877386392,6
-5499349505317467244,6
-5499196780101620070,6
-5497310002820246250,0
-5495004948308308542,11
-5493834254028513821,0
-5492706360654395850,3
-5491873062414252108,0
-5491628312561263481,0
-5491613884333922218,0
-5489092656703511677,3
-5486108419034399674,0
-5485156819686576877,8
-5485023374183593891,6
-5483825550802671740,6
-5482314881654868456,3
-5479517655325386062,3
-5476745565723027398,8
-5476544405411015862,11
-5474560168151062966,0
-5474399213144301310,6
-5474312956399193928,4
-5472261376855329208,6
-5472161271163145158,1
-5468903105703300814,6
-5468215092393969598,3
-5467766864605488648,8
-5467175450006964592,3
-5466815066673753826,0
-5466622792143023081,4
-5462418187886984774,11
-5462193210926317248,0
-5461397803547509153,6
-5460039402589229030,3
-5459830230259614046,11
-5459096209146340372,0
-5458229655651392568,0
-5457328401900365535,8
-5455824701405157662,0
-5454913667674016201,11
-5454153591205475556,0
-5451046415766648763,8
-5449389799235575718,6
-5449254532899699442,6
-5448036041694446034,6
-5447417104355795463,0
-5447328877966881545,3
-5446667771955198616,1
-5446393480822105577,6
-5443955384781986475,0
-5443742283655662348,3
-5440262653017024070,0
-5439993453055294123,0
-5439842411069317338,6
-5437411481019888733,1
-5435650452615765938,6
-5432972076177580676,6
-5432406355478218183,3
-5432110992751601451,6
-5429949030085299196,11
-5426282504664657154,3
-5424098422252438576,6
-5423477745281879180,1
-5422570013835034579,6
-5421838308412847180,8
-5416254935927133054,4
-5415670117644245220,6
-5415113178317309289,0
-5412065754798375346,6
-5410886886439711883,6
-5401439407103553476,3
-5400999903123088251,3
-5399815533091686248,3
-5398649546687599778,1
-5397376349255999666,6
-5397136783748160403,3
-5396571292554057941,8
-5390299203385367260,3
-5389110599207301914,0
-5388895105420006026,1
-5386970767713866370,0
-5381722124631151345,8
-5381238220104213898,8
-5378553738851882753,0
-5377583394961226545,0
-5377425040123092071,6
-5376668733472264687,4
-5375761801379702192,4
-5375146817488963214,2
-5374913671926312215,1
-5373311564875234594,3
-5372245733482727323,6
-5372084113519409347,0
-5372031002389881662,0
-5371137461265556140,6
-5370223199743389960,3
-5365520749356069823,0
-5364910179511236464,6
-5364907177912567563,0
-5364455427408141299,4
-5361615560337590259,6
-5358432529239444420,6
-5357127337551833386,6
-5355008438453668398,6
-5350492094942566244,0
-5350236565898119622,6
-5350200197251167229,3
-5348359744212647029,1
-5347262724856941957,0
-5346117578159892882,8
-5345804896129443106,6
-5344651563595874737,8
-5341924029095880174,3
-5341518767122438161,0
-5337994755640289830,8
-5337684818650166359,8
-5336108450918538801,11
-5334246904003067837,6
-5332557342603632268,3
-5331173135025588896,8
-5330593813049053889,3
-5328180479917693468,0
-5328167443119432419,0
-5327966386809118831,1
-5327273644397727732,0
-5321814705263144235,4
-5321622619553737573,11
-5318250031893883614,6
-5315518810801308894,8
-5314595850017216368,0
-5311492015514039917,3
-5310181744889066130,0
-5309313238510344946,8
-5308853787389046819,3
-5308071080258053756,4
-5307972637819483612,8
-5306604447003537818,1
-5304178986508314412,0
-5302291385944353247,4
-5302031218116087975,0
-5295146217632899635,6
-5292747098378603785,11
-5288636179571088061,8
-5286221243698317402,6
-5285132021094667425,4
-5284258729703218240,3
-5277587266024098851,3
-5277491095772961614,3
-5275062813061639784,3
-5272899302981746798,0
-5272599823510354249,8
-5269520931561120243,0
-5269095486216482650,0
-5269012044061164886,8
-5268950170019248329,8
-5262890769732040493,3
-5261751311339308488,11
-5261346411866119101,6
-5260904025450561095,6
-5260566652773942600,4
-5259180002717636591,11
-5255378706607462541,6
-5252835352967946250,0
-5252428584789185585,1
-5248416386180249007,3
-5246798579039081507,6
-5246554414939097134,11
-5245970283750357532,6
-5238900192456390554,0
-5236249422860631106,8
-5235367852940920754,1
-5235032545732506862,8
-5235014508722362454,1
-5232647334233637683,0
-5231112547085534779,0
-5225869638538876078,1
-5224825050811248193,0
-5223828868498375100,6
-5223609577233919120,3
-5221913589007829702,4
-5221389677670507195,3
-5219904604099061293,0
-5219684520143343362,3
-5218703826690935812,0
-5216731224772621734,8
-5216233428984136479,11
-5215485930247594201,3
-5215044145744618491,0
-5213825485386314473,3
-5211883323629485799,3
-5206807864309818267,1
-5206671025622834332,11
-5204361588453946843,0
-5202705760901278215,6
-5202316127093945799,1
-5201098943309260092,6
-5197909164479106529,3
-5196636566215720782,0
-5196455338881994789,6
-5195966988285605388,0
-5194303704636598445,3
-5193947030678121427,4
-5193931826465378397,6
-5193523613718755362,6
-5193519067549051253,4
-5193114754452189986,8
-5192746319574887108,3
-5189085903344649176,0
-5189038711815811993,8
-5188205389963318479,1
-5187342267391224953,3
-5185153455021787606,4
-5185093652238732133,3
-5184296304640269619,3
-5183118957906029784,0
-5182566297162996930,0
-5179866028324575124,3
-5178750440972854481,0
-5177527991196557015,1
-5175697911062105497,4
-5175479989291301200,0
-5173991191071758143,3
-5169099347511225643,4
-5168559410379809803,3
-5166403784333928067,8
-5163676636433289233,6
-5162697097407207318,3
-5161904591518382142,8
-5160223057041907946,3
-5157688251956192603,4
-5156488074343052769,6
-5156345547140447996,0
-5155710975300718922,6
-5155107082195252174,3
-5153761630904559883,1
-5153736876306593627,8
-5151700300292123080,4
-5150223253539478868,6
-5149120948524721004,0
-5148718792767152134,1
-5148570518378131091,4
-5145029109915095753,8
-5143893544100994047,3
-5143073386603096966,8
-5141162162722138627,6
-5140072410813878235,4
-5138448476301319159,6
-5136957050375529572,1
-5133268400712026063,1
-5131984884920150464,0
-5124277339530101302,3
-5121676695546875513,11
-5114417991493004464,8
-5114085980471817584,3
-5112762815951506425,11
-5112631560966717146,6
-5110535268070606931,4
-5109524869209803699,3
-5106728395784665560,0
-5104400401035162056,0
-5104007792746389101,8
-5099506356770746709,8
-5096397012404266483,6
-5092889632031574350,0
-5091347323258512007,0
-5087939924532795057,3
-5087506957008296523,0
-5086487382215286906,6
-5086409026309038696,6
-5082458610128404517,8
-5081953923978590302,6
-5081842776228170751,8
-5081321640459278530,6
-5078834423356808015,4
-5070976472572662147,6
-5070413726839309269,6
-5069973838863868945,6
-5069947244395201456,6
-5068956495270741788,3
-5067753010384189486,3
-5064907975914893949,3
-5064286166620326525,0
-5063331547776883995,3
-5062425940109006403,3
-5062403906324004047,6
-5061845769779766668,0
-5058493312856316544,0
-5057834626410636236,4
-5057592020776355607,3
-5057408869195318440,3
-5055717820504483017,1
-5055513846313728481,8
-5054592361941012824,1
-5051955904797856183,8
-5051155910414339630,5
-5049120495094339909,0
-5049090182885573201,0
-5047588529946567918,6
-5043417017796551805,3
-5042420928806808854,3
-5041486608587735736,8
-5039149229458566782,8
-5038430544671584326,6
-5036708285229118935,0
-5036189885689033709,0
-5034668182230913388,4
-5032836152508725048,3
-5032431021483780906,0
-5030359083357012096,1
-5030016731046914077,0
-5028775529567267393,0
-5027083109018791099,1
-5025098377112257112,4
-5024806100330539382,6
-5023155485964199388,0
-5020915719582480665,1
-5019374427866587091,11
-5018996758846842155,11
-5018309246022118597,8
-5017056836614386084,8
-5013856744672148214,0
-5012947889796167489,6
-5008400858451152746,0
-5007888041983904920,3
-5006275964087510687,8
-5003627861763546931,0
-5003155161819410895,3
-5002433995943810243,0
-5002296501273261243,4
-5001727918642784701,1
-4998581872566239447,0
-4994242681185952170,6
-4994045589947677535,8
-4992869483213342428,0
-4992142489380275774,0
-4992124487297454271,6
-4991984535238574135,3
-4983336719350944078,1
-4982260672470667216,3
-4981734823394859326,0
-4978141191401792568,6
-4976349816970703969,1
-4974918137381700620,3
-4974048769210071244,6
-4969303299923717599,3
-4965184127922149078,3
-4964818656785297668,3
-4963885465977683404,8
-4962661329444999076,0
-4959007020418413879,4
-4957322652433244858,1
-4956708223642069956,6
-4954296830577572669,3
-4953528819847402037,3
-4953394072429793645,6
-4951227148350243721,1
-4950468764536968129,3
-4950238117597605936,0
-4947991268600289946,3
-4947974183611016889,6
-4947716515634989708,3
-4947327318483033747,0
-4946343128490781142,3
-4945896927787305973,1
-4944194831672402650,1
-4944092719369889339,3
-4944068595856907478,0
-4942791807951659044,0
-4942515562106804629,0
-4941871010319492056,6
-4941131004643779805,0
-4941011026884975183,0
-4939479232470679690,3
-4936991203579918599,6
-4936978282193562468,6
-4936869816940930285,6
-4935901874714247507,1
-4935430527780010356,6
-4935363668159874343,1
-4934573589267661322,11
-4934373914069954830,8
-4932779878169097363,3
-4929282385926643187,6
-4929135136928360145,3
-4927986432018398294,3
-4927314024376198275,0
-4927127358674722405,8
-4926269762824492178,8
-4920790976351901710,0
-4920554366026651398,0
-4916427477033481715,3
-4916217260952140077,3
-4915975433903086155,8
-4915620745666827022,0
-4913142386603731608,0
-4911887615563613012,3
-4911699103639970418,3
-4911130646416283128,3
-4909747664362905181,3
-4909391424474506547,4
-4907233879761066425,3
-4906965335657534698,6
-4906724676985803173,3
-4906389295791401726,0
-4904400547590618819,11
-4902521710327765509,0
-4901973523668739350,3
-4896567305811168590,1
-4893747709300968179,0
-4893655328604425573,1
-4891946721242674564,0
-4891625177110054544,0
-4890637624398498024,5
-4889915990857127349,0
-4888398266379412236,6
-4884641827963029466,11
-4883741357369370530,6
-4880247459251739794,3
-4878971267789636534,1
-4878216957201846602,3
-4877873206400832171,3
-4875794781549050551,3
-4875516028844848135,0
-4875059643265521322,0
-4868804753843935486,6
-4868440773815501148,0
-4865939206157540740,6
-4865688807569354213,0
-4864164818610750192,4
-4862356973297049230,8
-4861693630602349001,6
-4860333940395532150,0
-4855422517404535735,0
-4854047566403213709,3
-4851365440704819987,0
-4851278640544819385,8
-4848832045072072179,3
-4847714267869681846,0
-4846280459238007757,8
-4845663345676718484,3
-4843692626595710839,1
-4843126599229167155,8
-4841735642493852890,8
-4841649331192762943,1
-4839744081019060307,6
-4839285075950523251,6
-4837096499693162103,8
-4833369453299508531,1
-4832547562770640289,8
-4832246767264705482,3
-4828483371988189145,4
-4825100322490629293,0
-4825003974638308988,8
-4824826558258882446,0
-4824699030744830846,6
-4823293498791832570,3
-4821981528945961019,1
-4821478774690973947,8
-4820316754341236345,0
-4816914182829879838,8
-4810552796588123932,3
-4804120633806598823,3
-4802929775654406944,6
-4801940447786457752,0
-4800071225851338300,3
-4796496142725125115,11
-4794491929820600156,6
-4792405324502163020,0
-4791757581905677112,8
-4787183101855032419,6
-4787054359522401229,0
-4786446273253541732,3
-4782991111596010689,4
-4782397208216321522,0
-4782215719327103570,6
-4781436412242770319,3
-4779725883724627558,1
-4776793855302651473,4
-4776383694112257365,3
-4775686219315973882,3
-4775019555335859559,0
-4773844092259827068,8
-4773260169063187725,3
-4773253586671799732,0
-4768285245013023749,8
-4766592832564589428,0
-4766159235599770128,6
-4762445710213858314,6
-4762145710020003019,4
-4760132303968926689,6
-4759060517469558130,6
-4758868342679662770,3
-4756246137845802844,4
-4755313376367913684,3
-4754110539232714742,6
-4752792453240979113,8
-4750105891580641930,3
-4747750248872964159,3
-4747370162829330852,0
-4744438255267642886,3
-4742677645483436110,3
-4742030740272278619,11
-4741784958315545128,11
-4739921443039359236,8
-4739754274564584588,3
-4737183343191484393,0
-4736438015416686362,11
-4732560086316247975,0
-4732287237800187141,3
-4729880783428374405,8
-4727202077127942171,6
-4726707423776056173,0
-4726264452382963805,6
-4725868061668531969,8
-4725567418571190104,0
-4724928935907297394,3
-4723951162006187997,2
-4723659136747464446,0
-4722183092147800648,0
-4721285160328351324,3
-4719142843284287968,0
-4718384249097530964,8
-4717727174574724757,6
-4715545735585530740,6
-4715093221046866633,8
-4714608276138911023,6
-4712584287845875396,0
-4711871782535569830,0
-4711697312191957076,6
-4711318757020726844,11
-4707865832382206160,0
-4707450635730431396,1
-4706656977674464829,3
-4704316329956694719,6
-4704314579310470217,6
-4699383783563576672,3
-4698281115017839203,0
-4698129593627771233,0
-4696789170532675835,3
-4695035015924931859,8
-4694443698862077032,0
-4693369888232698483,1
-4693141527078288990,6
-4690340055395514424,8
-4689346046791954094,3
-4687798344119653539,3
-4686963048970208655,6
-4686104752882961009,1
-4685587576550459095,0
-4684899218675531478,3
-4683618775882491598,0
-4683515652833246440,3
-4682002147917594734,3
-4679515044666210118,0
-4677743237876385471,4
-4677672494823870013,0
-4676301504744038398,6
-4675851534647704699,6
-4673025022805077976,4
-4670384377367788072,6
-4668544601731005704,0
-4668365737045433537,0
-4662523229265687050,6
-4662377295678406217,0
-4662259291637498912,6
-4656986740415910865,8
-4652572186362833692,1
-4648612674990971151,6
-4647007782444386662,4
-4641478231640090464,3
-4638263164429005626,3
-4637885088183822911,4
-4636159087827707811,8
-4635499141162458155,4
-4634439818408631748,0
-4630880406644567943,6
-4629089844768773693,8
-4627811447275985037,1
-4624372634617129980,0
-4623898003287513048,3
-4621363179037577584,4
-4618186116163060590,8
-4618143859647600200,6
-4616886687544824732,0
-4616554126720527136,0
-4610829077180304574,3
-4610557247041901382,3
-4606969430329993938,1
-4605950483981482989,0
-4604602837395277167,3
-4603533994438918948,4
-4602916920024386499,4
-4600223678945630139,0
-4600053835251409040,0
-4597592154133350312,6
-4597129525662350407,0
-4596678555299691657,6
-4588901357094188443,6
-4587366287985357397,0
-4586613793744811247,6
-4584260656075541553,0
-4584148932819336064,8
-4582954249306490809,0
-4581062568882987264,3
-4578082979101007773,0
-4577393033069239205,3
-4576702702497599149,8
-4575504943817626616,6
-4571472457193511035,0
-4570781544367650630,6
-4570504902004458955,0
-4570355069351742665,8
-4568072198102936450,0
-4567777441263358151,2
-4565307960876278320,0
-4562637512079794766,0
-4560669296456646716,8
-4559953739848945334,0
-4559294172240556562,8
-4556654266196983075,0
-4554443018677539542,0
-4553966428365971109,0
-4552986673104742966,0
-4551173224667890797,3
-4551098296957457958,0
-4550823676755778307,0
-4550384481080046889,6
-4549181649782535739,3
-4548478482896406081,6
-4545616840149886590,8
-4544847719434877620,8
-4544122602851208264,11
-4543902713005942221,3
-4540911297609081718,3
-4539144677735606714,3
-4538641947576367275,8
-4537839647958624939,3
-4537151412641928311,3
-4536117230315617961,6
-4535168197356543255,0
-4535157569613098118,8
-4533863779356982982,8
-4533749505208853654,3
-4529908364297419523,11
-4527404518491865672,1
-4527401254230428127,6
-4527077271126455075,11
-4526628413730394858,8
-4525253505190026032,6
-4524578240428659187,3
-4523777703214298243,3
-4523319474451920944,6
-4522326140109100370,0
-4520326134901597351,0
-4517514703357934028,6
-4514191201605584059,4
-4513298749951838836,3
-4509092526264320136,6
-4505635565143128839,0
-4505383836900503527,0
-4501753985777580421,6
-4499852195048508449,0
-4499492272426007812,3
-4497335019303438207,3
-4495333184455492671,11
-4493328182534704661,6
-4488889933696839635,0
-4484540882818683931,0
-4483065900103717263,3
-4483015661955200094,6
-4482079218267359526,0
-4480006628188148793,1
-4478579212914834774,0
-4470551927485402092,0
-4469164585347832607,3
-4469156083788004457,3
-4468483207595234538,1
-4466933285012631231,6
-4465316227819828158,3
-4465045979844123241,3
-4464669326174400880,0
-4462238787043827284,6
-4461515901403952506,3
-4460877607953119555,4
-4457425474319952439,3
-4456802441083484620,3
-4456642467733019551,3
-4454152657041744301,0
-4452961376174522353,3
-4452037987667938797,4
-4451989225639775086,6
-4451888874403502820,8
-4451055437344160229,3
-4450005625926126372,3
-4449482171026800837,1
-4448050336176245477,1
-4447880442901091922,1
-4446560665129318367,0
-4444720447367261051,3
-4444594436287739842,0
-4441107133608487188,1
-4438302738390785654,0
-4438138197588030209,0
-4434546393212765676,0
-4431958856392285011,0
-4427994672433086479,0
-4427840279607990371,6
-4427088735951140512,0
-4421998883571384696,0
-4421723266407695493,6
-4421098019670719003,8
-4420834998408873241,3
-4418575042530909691,6
-4413379522081407980,6
-4411760336014915556,6
-4411589101766563890,6
-4408997359177208235,6
-4408496835706421569,0
-4405925402368261244,1
-4401284505992484085,1
-4399820600414052279,0
-4397275276774729449,3
-4397235567960546889,4
-4396798655394777634,3
-4396028634105276327,0
-4395655679113282609,0
-4389898970493602791,3
-4389699294046601296,6
-4384718535947902567,11
-4382095085874133728,3
-4380884313697280861,2
-4379423137719077761,6
-4378630075891566482,1
-4376690347606181934,1
-4376402887359579290,6
-4376005416589835754,6
-4375450200385693069,0
-4372254175277892204,3
-4369814198073754959,11
-4369348021445794419,6
-4369317925626628459,1
-4367408751916934363,3
-4364732810285057372,11
-4361170721285062807,8
-4358509100792279864,0
-4356445404998224997,3
-4356340598132813423,6
-4354200422312695221,6
-4352872217322589054,0
-4350413133248841553,3
-4349221534694521715,0
-4347981409988678685,8
-4346736380428326495,3
-4339585936735910263,4
-4337839300141472477,4
-4337662546186184994,1
-4337471979107455443,6
-4337268123135733800,0
-4335971628228418705,8
-4335343669872654214,4
-4331194387524846598,4
-4328900959397838500,0
-4328082549705733357,3
-4327997077836774679,8
-4325926802112032542,6
-4324567283771576840,3
-4323770211063111072,6
-4317017040267542319,3
-4316592794785892852,0
-4315630229326255674,0
-4315046133637314693,1
-4312827459018058724,3
-4304326910587241051,6
-4304286601821095292,8
-4302740325033156929,6
-4299284165067734034,0
-4293299450590442906,8
-4290951414409686974,8
-4287282405581960512,6
-4285500139106037767,6
-4285350283119468612,0
-4283196397631632277,0
-4278710181261060353,0
-4278638761755875330,3
-4278359992279974696,3
-4278182407314586774,1
-4276928239511817559,3
-4274136823665828937,3
-4271902966024631430,8
-4269455850074860629,0
-4268179289579221588,0
-4267211133831041898,4
-4265234271799174030,0
-4264761918890907868,3
-4264038503192190593,6
-4263560873458336961,0
-4263299125244882684,3
-4260674884936274407,0
-4259500550695716342,3
-4258979699691048931,8
-4258772009069141582,4
-4256740935201881590,0
-4254604811412908197,1
-4252860056744968928,3
-4250706752040073149,2
-4249072705510213112,3
-4248803102717955451,1
-4248018403723043783,4
-4247542862464119109,8
-4246348105811487047,0
-4244698804550950036,6
-4240289192677121299,4
-4235377248769409917,8
-4234939970595355773,3
-4228775936050401375,6
-4227678197934542376,0
-4227545578630420805,3
-4226141112617711842,8
-4225868274204234385,3
-4225162601045268937,0
-4221412653188153274,3
-4214855226599188682,11
-4204475473729735142,1
-4202031625521532309,3
-4200855316404582665,4
-4200719645596470443,6
-4200064190610318995,0
-4196860349042114380,3
-4196370105555052379,6
-4194977335586343802,3
-4189681345558939951,8
-4186938068505224390,4
-4184262965734141875,8
-4184133377541178683,0
-4182550236871533037,8
-4182390629219630931,0
-4182361702567937371,1
-4181853851448903779,6
-4181536387010753535,6
-4180305550033090349,4
-4179700426845592130,0
-4177480472087422520,3
-4176264516349599845,8
-4175942209539705380,3
-4173708823142350722,6
-4173654293744119277,0
-4172784701560982794,0
-4170092121510127059,0
-4168358248370058547,3
-4165678487822411033,6
-4165341949680592974,8
-4162732311429753624,6
-4162683784611445265,4
-4162151770170935529,6
-4161382223976121542,1
-4156050970963934419,3
-4155251049329083607,8
-4155136364968264744,0
-4152746348138846003,11
-4151531249705542796,11
-4150897520460489004,0
-4146063334413078037,0
-4144078342692025540,1
-4142399309988733425,11
-4141911566051958249,3
-4141373313734378046,0
-4141297145264515501,0
-4140512950894879156,3
-4140063625333983620,8
-4137867013321026572,3
-4132095264345662344,0
-4129427822625471809,6
-4128039772379906447,0
-4123130214641375255,1
-4122744455178867804,4
-4121649597508702941,3
-4116740372984320492,6
-4115392658796989140,0
-4115129545682523532,6
-4112386892632996202,0
-4111224019106172089,6
-4110828189652550621,0
-4109536386405623117,8
-4109412806964140904,6
-4107178403099444501,6
-4106318510866491039,0
-4106172992995041526,3
-4105686576842086631,3
-4105010414709093476,0
-4104729989305352881,11
-4103916480341770992,3
-4103205064657206802,3
-4103191307801541129,0
-4100448317752027826,8
-4098885912122998121,0
-4094787166909606937,6
-4092848254936668013,3
-4092649498581517170,11
-4091441804629806488,0
-4088910031446231966,0
-4084272267623838857,0
-4083716689384497698,2
-4083633823510989080,1
-4083262781778584506,4
-4082665362719607334,6
-4082565065933249531,3
-4080589395435356248,6
-4075075609450140245,6
-4073844203428041555,4
-4073609865283790688,0
-4072630768970171839,6
-4071944855429596849,3
-4068239347442694727,4
-4067514056050504706,6
-4066832237214470415,0
-4061367177368592392,6
-4059262249020857718,3
-4057318646085465708,0
-4054705365710096495,0
-4054049875386910536,8
-4053789721984667356,3
-4050861768087366698,3
-4049945139794600145,8
-4045726968880235556,0
-4043683503823694055,6
-4043091211472414416,1
-4043081730014069485,11
-4042524783231775851,0
-4040863241248121643,6
-4039475148363787791,11
-4039322312325628708,8
-4039164134377414503,8
-4038351571194754359,3
-4035669149957750222,0
-4034674821720754585,6
-4034227974316905164,6
-4032231152932366250,6
-4028401781057529048,6
-4028273721744400352,3
-4024707188063774769,1
-4023823834194465495,4
-4022095888911092324,0
-4021658332846675923,0
-4020055476459323403,6
-4019295403771202857,3
-4018891415027876404,3
-4016794229600589170,6
-4015163647266577992,3
-4014392925001710803,8
-4012885279836622168,8
-4011600843135842496,6
-4011454718752152910,0
-4010940457543197509,3
-4010607906710706255,6
-4008020486042973000,6
-4003546028036216758,6
-4002164472236898723,0
-4000271277927010782,0
-3996434625898103669,6
-3996140729462120609,6
-3995961230066029189,3
-3995423436812525768,3
-3994834277565960028,6
-3993704803200658210,1
-3991996726224231304,0
-3989380527709653699,8
-3989198174215751945,3
-3985742077188020431,3
-3984270129149511634,3
-3982285095597477803,8
-3981972370460866246,0
-3981094063628739869,0
-3979208388913845520,4
-3979031417887798494,0
-3977964448632499326,1
-3977627504072846754,3
-3977437516397009426,0
-3974675355889229995,0
-3973334625646756130,3
-3973038582222673136,3
-3972500242909081833,1
-3969459043580375522,0
-3967680211810835795,3
-3967595023401864452,8
-3967260355102504698,0
-3966183606182615849,0
-3965920242808302026,0
-3965552325135040472,0
-3962409000777958175,8
-3962369767995064351,3
-3961810112852807545,6
-3961279861405391995,6
-3961041399887295005,6
-3956737286724644343,6
-3956273689809688021,0
-3955510376925405778,3
-3953774222242011327,11
-3953750349537868389,11
-3952516180226740121,3
-3951864039850517407,8
-3950880431547243045,0
-3950432366459326819,4
-3950023162729600196,3
-3949593480415287667,6
-3949277357447031040,8
-3948140809892818783,0
-3947877145884772130,3
-3947118178407586866,0
-3945236748777429958,11
-3942308339711619808,0
-3941153900006219579,8
-3940872288998131853,6
-3939815154792368601,0
-3939490794729216317,4
-3938843529555795480,6
-3938521205138312003,3
-3936938023807476565,0
-3935552400136838563,3
-3934605060787636904,0
-3932396129818347320,6
-3926834745025514175,0
-3926088055624595505,1
-3925152232773628926,8
-3924196280428197314,8
-3923819954742377795,0
-3922943646352237293,1
-3922613636663916930,6
-3922164663332754587,8
-3921148415534956981,3
-3920099192307696409,3
-3919968003854153239,0
-3919648298000974298,6
-3919387976132350025,0
-3919063051210985156,1
-3918163485890372125,3
-3917616201018658782,6
-3915664272379523272,0
-3914235662075728609,0
-3911166476566899551,11
-3907969898602620698,0
-3907230373958118054,6
-3904357826059835567,3
-3903004340077177227,0
-3900210459225445502,8
-3898914702533376268,6
-3898357395113322813,0
-3895339132179340932,3
-3890397268731433254,3
-3890194161958154460,8
-3887297947458342769,0
-3887078213141244400,0
-3886253666597226654,0
-3885532043570520752,1
-3881237209662032029,6
-3880335352763686859,3
-3880010577030411753,3
-3879534836870203183,6
-3878553698918250548,3
-3878435224804306621,0
-3873153794203320706,8
-3872590798340718056,0
-3872526211473718426,3
-3868503009594470365,6
-3867254425876305564,0
-3863805334931515469,4
-3863512975869299806,0
-3860144868070411305,0
-3859249462158182692,3
-3858048655075881250,3
-3855958522996463402,0
-3854367317421411027,0
-3853265591005020112,6
-3852666904495564061,8
-3851414533904812591,8
-3849874809554850502,6
-3846169931593303657,0
-3845203965546633677,3
-3842070622043972712,11
-3839715890011092810,3
-3838373939775997443,4
-3835594048996201834,1
-3834827848034468864,11
-3833526908024929902,3
-3832276316994592549,4
-3831515573280762296,0
-3827478103929416609,3
-3827117096732588878,11
-3826974775525298869,3
-3826673128248858233,3
-3826009814984157977,8
-3824065602438158326,3
-3823807691310472887,0
-3821945020684937805,6
-3817638410645019494,3
-3816774600035312135,3
-3814092746674768435,8
-3813484365075463003,11
-3812860439111657523,0
-3812358412124054925,1
-3811821197458606853,6
-3810637406843178536,6
-3810044737707581200,1
-3809535437377441922,3
-3808660388498963440,11
-3808084705107791080,6
-3807277723714846079,0
-3807225116701955670,3
-3806454423013129785,0
-3805665983652789617,0
-3805128106849917039,0
-3804608463863777158,0
-3803698466091011225,8
-3802346076985626991,3
-3802281869805706944,6
-3801954706993121284,3
-3800595472166056394,4
-3800167490762058726,1
-3799054995454738018,6
-3797374548863093047,0
-3797243824001506600,3
-3796071039439201940,3
-3794935441407979230,0
-3787582773999680141,4
-3787397247112434225,3
-3786622355776043781,6
-3786266988990725597,6
-3783407899722534643,6
-3782569120714539446,6
-3782437676281962930,3
-3782410805979216840,4
-3780360373776325901,6
-3780014771207896766,4
-3777455916378866290,3
-3776713723945712264,4
-3774418488986239387,0
-3772929437035274114,6
-3771718347651612577,1
-3771019382593267657,1
-3769922665905694356,3
-3767920057574753898,8
-3766773059561369073,0
-3765070745564194155,6
-3759721427245332911,0
-3758821374430190120,6
-3754193874376662386,6
-3754029959138975487,1
-3754002125578349377,8
-3753246489829803924,3
-3751336537278270930,0
-3748269111738409704,3
-3747215158376145722,1
-3745331045551528458,3
-3739652499120458264,8
-3738622811339472186,0
-3737921674918135889,3
-3737649317885250689,1
-3737039845695623064,8
-3736980261187591191,3
-3736847056048559824,8
-3735309995773652733,6
-3734938455104839425,1
-3734839878416656496,6
-3734253576594717561,6
-3729108565813298751,11
-3728960349410003915,6
-3728049160604975962,1
-3727478061303038137,6
-3726958197211261674,0
-3723215895303088704,0
-3722242846122457418,3
-3721281460383340358,4
-3720996780278232130,6
-3718792818389282407,11
-3718260222318245612,6
-3717279196749085129,6
-3715786005507210091,0
-3715679279915358224,1
-3712525543468297980,4
-3712406687129315839,3
-3710855970673163183,4
-3709821569659686539,3
-3709095483238869674,0
-3708356620198652156,6
-3707613046252105273,1
-3707431896221457313,6
-3706673759512411403,3
-3704488036431249055,1
-3704404456914838826,4
-3700132493007044220,4
-3699548628249673416,11
-3699479520785415881,0
-3697413696515132600,3
-3697123429677978100,6
-3695521627782849288,3
-3690161308923454682,0
-3688983700621441572,6
-3688582760900475365,3
-3686492287186817014,6
-3685973434120761323,8
-3685333860445539179,6
-3683794534290341928,3
-3683521862733886887,11
-3681974396824196300,4
-3678863563775278735,6
-3677287108349736219,6
-3676765808493952367,6
-3676508543204803643,8
-3675342299805730547,6
-3674542448865941382,4
-3670087035115985328,8
-3669718697244075750,4
-3665532716636169872,6
-3665449654583060430,8
-3662063708767804394,0
-3661881463166428296,8
-3660474193003461184,3
-3655961881392639595,0
-3651427871712079074,3
-3649272490970879793,6
-3647579307173576079,8
-3646645979948735024,0
-3646517331515187756,6
-3643531832027306086,3
-3643222054235824147,6
-3641865308891645066,6
-3641165058505046581,3
-3641023315340176685,1
-3636603927136239066,0
-3636293611257652136,4
-3634517980114016012,0
-3627788488943265362,3
-3626346971609728616,6
-3623844609045030146,8
-3621961526143462276,1
-3620184007985069403,6
-3619734706575294693,6
-3619471581988570271,1
-3618563458214412207,0
-3617766113877112019,0
-3616607969508551776,6
-3615472149084784033,6
-3614504663954633458,6
-3614467824670602555,3
-3614312307203149773,6
-3613592575798922799,0
-3611012490557797714,4
-3609227443897288676,6
-3608933961815279071,0
-3603035692868745029,0
-3601763752669646398,0
-3597281407932989336,3
-3596001398485130265,3
-3595921879974333799,4
-3595648725687864838,0
-3595257175210559677,6
-3595134651352879774,0
-3590653281130563385,6
-3590100953336110586,0
-3589843754567835075,3
-3588411987248750371,6
-3588184639271085482,6
-3581776025681352185,6
-3581539025902678804,3
-3580823033423227206,3
-3576995731382663830,6
-3576016378745368566,6
-3574152264538159167,3
-3569999894001658259,4
-3567727371802456626,11
-3566768386944303012,4
-3566683038553557560,3
-3565927918303138104,8
-3565027727316252241,6
-3564539999393928151,8
-3563580730505219907,0
-3561037044413418994,0
-3559267358342638030,3
-3558864693918944706,3
-3557686196037086768,6
-3556253634607263503,6
-3556217387175429661,0
-3554865067284746547,6
-3554536279164856588,6
-3553966453441555530,6
-3553925752501965220,6
-3551024644616980077,1
-3550996283405978288,6
-3544583377289625738,4
-3542248321737911475,6
-3542127360391123956,0
-3538217661859448983,0
-3534407194213670851,0
-3532845141420646661,6
-3530898743021734575,0
-3530301067936445915,4
-3528726131965651358,0
-3528407618776008476,3
-3522377827189167950,3
-3522262870293230149,6
-3521979815195691502,8
-3521594243627785950,6
-3521450904285938307,6
-3521052861368836009,8
-3520703019389454194,3
-3518530996046224831,11
-3517964505072242523,1
-3513530107752601887,6
-3512286136465971130,0
-3510782037561031052,8
-3507297806241153082,0
-3505370740533401076,0
-3495182687434196935,8
-3494953658952961715,1
-3494102924882447124,3
-3493297954442815672,1
-3492827470060580968,0
-3492629740564186038,6
-3491891920384739314,8
-3490357115367203608,1
-3487369924425673672,3
-3487025161855295465,0
-3486873029058611989,6
-3486851339856843185,6
-3485739706870275513,3
-3485229209121165067,3
-3485016275685568251,1
-3484138154646298450,3
-3484127240014506446,0
-3483184970751164993,6
-3483153496143828608,0
-3481307975575135932,1
-3481064932113933771,3
-3480144022999687131,3
-3479583855877140142,4
-3478660185342604657,0
-3471591675366888738,8
-3470809391014794062,6
-3470344790293298498,3
-3463325598216471400,6
-3460454494826738655,3
-3459604684471578560,0
-3455279624510320112,6
-3454810586785997393,3
-3453738771727669723,8
-3451966321604948085,0
-3450336243359041468,6
-3447061423590611473,6
-3444622043499482562,1
-3443944727116409417,1
-3438234773121211816,4
-3438081170169107290,8
-3437479612881004723,8
-3436549335889744100,0
-3436301080529736368,1
-3433338566629407213,1
-3431018531318764514,11
-3430613356399354065,0
-3429705343599068329,3
-3428840588869415552,4
-3422768593539862671,4
-3421466437964222977,3
-3421045249000458587,3
-3420980017879164971,6
-3420035165902177951,3
-3419553532382263785,6
-3415891620759075678,4
-3414738124674831406,0
-3413376870254592963,8
-3413196271020569326,0
-3412728853703264676,8
-3412339927828421344,3
-3412007766643266605,3
-3411827924730412650,3
-3410861628510249161,0
-3410161014814502621,6
-3408464434262389388,0
-3407309828189151161,0
-3405862282483693067,0
-3404725172398660295,8
-3403820706123169063,8
-3401980579254106541,0
-3397936799976281965,3
-3396120152506017213,1
-3391691250879439658,3
-3389531214072268989,6
-3378697832881439642,3
-3376012104142143415,3
-3375805297867187723,1
-3375469485489463565,3
-3374808099041889007,8
-3374396932835151873,0
-3373573894038218244,6
-3371701595281520594,0
-3369374304863932377,6
-3367098329083550725,6
-3366094626520102561,6
-3365617947895942939,0
-3363372572016922657,3
-3362791918913622094,3
-3360359635107912387,4
-3359509765915592094,0
-3359180471128794262,0
-3358703681355624942,8
-3358344017188401572,0
-3356422588714994640,4
-3354738182171087708,1
-3354449666486148487,1
-3354331987171151634,3
-3352370464557878515,0
-3351564339442973565,3
-3350883060522464628,6
-3350464880249430289,0
-3349289973286267883,8
-3349247563736059523,0
-3349217882254799510,0
-3346707989471296578,1
-3345147106418744814,6
-3343569427446823772,0
-3342715427697025966,3
-3341501746710694813,8
-3339722182551346350,3
-3339511653230173384,0
-3337848299749019957,0
-3333233473121998414,6
-3332229433847648618,3
-3331252314466488822,6
-3330374469765996234,8
-3329130617005858713,3
-3329030997999801011,6
-3325829639931759401,0
-3325575029521334524,3
-3320609737121307853,3
-3320160494589015354,8
-3317433588311442721,4
-3315818478703312400,1
-3315806526450168177,0
-3315281012648793416,3
-3315247541729102291,6
-3314235515524103435,3
-3313804920336937895,4
-3313384105042164033,8
-3312395611504728936,6
-3311673876936600105,3
-3311496596197668946,8
-3308301885084255489,11
-3308171091269166452,3
-3307753650860689239,8
-3306413270071939280,0
-3306187699477871177,0
-3305386412979530535,8
-3300683841438127360,3
-3296760276081139664,6
-3295827811521109105,3
-3295750507213803522,3
-3293765112140934524,6
-3292013154762113274,0
-3290984212056846018,6
-3287290876395535988,8
-3287102661649564772,0
-3281958683141119045,0
-3280689676661036229,6
-3279770024139099548,0
-3278253294818244092,6
-3270859038166798590,3
-3270225691731385157,8
-3269741149191397139,0
-3269108632695343279,6
-3268903238714371649,0
-3267217487168914974,3
-3265575496647186565,0
-3265479347842446682,0
-3263346409802551684,0
-3259900053511498531,6
-3258533290119649378,0
-3256307066588762852,6
-3256009584742827067,6
-3255272166489625549,3
-3254855917372053561,0
-3254305392760521365,6
-3252557230032956156,3
-3251183036010716067,0
-3250974657572902197,3
-3250516069373981791,3
-3249913677575455886,6
-3248665037199318010,6
-3248583228807623999,0
-3240989659702502191,0
-3236263374159702251,8
-3235592286779512163,0
-3235324493835873177,3
-3233224155430389490,6
-3232498598140645962,0
-3231662434156895996,3
-3231409100041065695,3
-3230809792573001760,6
-3229295892377534829,0
-3228632563426836454,3
-3227624282084827499,6
-3222399956390602562,3
-3220852960557857383,3
-3220473967445819946,0
-3219571663022233692,3
-3218663404357809952,6
-3215964618647096701,11
-3214169542245751613,11
-3212920400784428369,6
-3212760691426332199,6
-3212640787675861217,6
-3212506577755430484,8
-3212279083367932315,3
-3212161715547945852,8
-3210480836302867946,6
-3209875760272906778,3
-3209794474777353557,6
-3209418630253680865,6
-3208483482800741142,1
-3207152867821526141,6
-3203881644294530555,0
-3199811444108649906,0
-3199302031144770248,11
-3199115276966800158,0
-3198798132927366108,0
-3196035179571655302,0
-3195725981159919356,4
-3194683868913671142,0
-3193494530110775376,0
-3193087740586144088,3
-3190678729032779327,6
-3185482184057916514,0
-3184311037367492417,6
-3183642201022069860,8
-3183044574637408172,1
-3182685344560239481,3
-3181127998229725508,0
-3180949994503603471,11
-3180808912092323557,3
-3180804203902598907,1
-3180573862356560271,0
-3177301774101730586,1
-3174321086986811697,3
-3174232733041654340,6
-3172177652661838345,0
-3171112530907549948,6
-3169465293457472447,4
-3168882792715020934,6
-3167705315987846254,1
-3162720090579646221,6
-3162080861044857618,11
-3162027577616664261,8
-3161300919893305274,6
-3161252928134528136,3
-3160425736251989622,0
-3159929400569406739,0
-3159616761732841495,6
-3158144957782313635,1
-3153824135650412407,0
-3151570345953957293,6
-3149946788730322581,1
-3149577705163771118,6
-3148379236702114343,4
-3146034352235361923,11
-3145745743683696700,0
-3144579256721222727,0
-3144289580139712238,0
-3141795293498089998,4
-3141265945738924309,1
-3139770782211095416,6
-3139295325345832228,3
-3134800990340558479,6
-3133323714706286229,0
-3129141397234296123,1
-3126359724254586349,2
-3126349006538127012,0
-3124056864504684013,11
-3122326465444757192,0
-3118583241037528269,3
-3114854384804304460,0
-3113612857882744944,0
-3111146854581834637,1
-3106776241696950972,4
-3106621940567405214,0
-3105329382011483478,4
-3102977947716460601,0
-3102267849859399193,0
-3101622485384561244,1
-3101611911967110775,0
-3099521406273336743,11
-3099192545312655845,6
-3097257170993985971,0
-3094723062151563815,1
-3094709651425760977,1
-3089841382498066259,3
-3088566990595040979,3
-3084430007073809929,4
-3081850031451532843,3
-3078917555846742195,11
-3076258272050336753,3
-3076081398289434505,3
-3073804867786203923,3
-3073079657309945405,1
-3072764166494274750,6
-3072320712427556341,4
-3070729470161030733,3
-3070602792522058638,6
-3070038045078630435,3
-3069040345111634235,6
-3068938607837722121,0
-3068437940611808289,6
-3067465094089333050,0
-3067190667557705714,1
-3067166985660621905,8
-3067143874430536332,0
-3066719961336102951,0
-3065509388352696313,3
-3064804815983593157,1
-3063045281031130829,6
-3062728910857809661,0
-3062036611573455407,0
-3061456591513327251,3
-3060969009058971133,3
-3060590681984234351,0
-3059676390361035468,0
-3059209946954631974,8
-3058757563043738397,0
-3057664163265414553,0
-3055676952543605703,0
-3055262150504983590,3
-3054641344742798009,0
-3054595277173650358,3
-3051642905604805756,6
-3049788618519857880,3
-3049721966592087408,8
-3049297907286043052,0
-3048807847638821562,6
-3048100091565287612,0
-3044939419551207850,6
-3043228897091259973,3
-3042773258961830175,11
-3042018283920766134,0
-3041780045701898768,8
-3040685984322798512,0
-3040652544734875200,6
-3040423350224258420,3
-3039172154313447053,3
-3039116981978763227,8
-3038547685706154572,3
-3038150537028761239,0
-3031448028255295283,6
-3031317888736015804,3
-3031282374103363527,6
-3030873621275311741,0
-3028842621171562496,6
-3028097369039911506,0
-3027399318052066302,0
-3026422173232507805,0
-3026268907122642204,1
-3025135171058282352,1
-3025002600291007316,0
-3021880725986501751,3
-3020316930871681906,6
-3019561281133080838,6
-3018839233203231900,6
-3017117685954426282,3
-3016669521214044325,3
-3016280455871315497,3
-3015467715895444974,3
-3010917563407806466,8
-3009426399153180339,0
-3008838330397640928,3
-3008381514401164380,3
-3005690694846813191,0
-3005439975262780177,3
-3004465496972697182,3
-3003901101460530615,6
-3003668924971932138,6
-3003419214367463948,0
-3002659929925092324,3
-3001250420627887994,3
-3000455545500713647,0
-3000203287955847711,0
-2999921031439676603,8
-2999496472450041149,3
-2997364961219352753,6
-2995535508265484441,8
-2995038449806522429,6
-2992897531180426437,8
-2991987162509292777,0
-2990686858036929889,3
-2989729428216397969,6
-2981860298816710561,8
-2981635085495510991,8
-2981082469105165058,6
-2980857618812001660,8
-2980764315158521261,3
-2978816396385064514,6
-2973901243893087095,4
-2973738890635400395,1
-2972389606964048890,0
-2971880244366081390,4
-2971429154249333581,0
-2970539697101241075,1
-2970300997904000940,6
-2970194766371203270,0
-2969086293740223644,6
-2967989659721867259,8
-2964660824914136297,0
-2964374195271031125,6
-2964258488464342343,1
-2964156547495175038,3
-2961676398692871199,0
-2960077722173004125,0
-2958885737531383371,6
-2955773269182493722,6
-2955427492056522799,11
-2955048739489515794,6
-2950816402572734339,3
-2950663887493455200,6
-2949204287063531175,1
-2949083927139864054,4
-2948164083791908279,6
-2947878294416855818,11
-2946117151612779010,8
-2945267015638352164,6
-2944709241310761499,0
-2944668069257404117,3
-2943176011280171546,0
-2942077810471468030,9
-2941968536888207015,1
-2941060230607994959,3
-2939099354440484264,6
-2938324002437553195,0
-2935745428140314215,4
-2934273429187825293,1
-2933375592537839462,3
-2932309226246656658,1
-2932254631574753049,6
-2931993948906066216,1
-2931106942067539697,11
-2930340164474214859,0
-2927377996586846169,4
-2926565270740618491,6
-2926162423183945007,0
-2924789736173087840,1
-2922123626350760953,3
-2920732948216269954,6
-2920372331290657564,4
-2919340641324754721,3
-2917690427666236786,8
-2917171393409229492,6
-2915478523119789172,6
-2915366470550819436,6
-2913134623154597429,0
-2907801230764890447,0
-2906204956193310917,3
-2904209979271127905,1
-2902153033968561171,0
-2901907830956160511,0
-2898084084770829946,3
-2897756829986813650,6
-2893651572283989075,1
-2892766790996831088,8
-2891794341254261063,4
-2891489070584652849,11
-2891376336168617787,0
-2890623425239811280,4
-2884634544153236616,6
-2883335855198380181,0
-2881792996226746549,3
-2881263118111250842,11
-2880850272401321167,6
-2879490547516129273,6
-2876241258825238131,4
-2875612737941669820,8
-2875117414035006768,4
-2872662739314644707,4
-2867229171409410443,6
-2866516572083365418,6
-2864920208701852288,0
-2863822117288442336,6
-2862008675580356412,0
-2859245243236360713,6
-2854163734754417325,6
-2852311242328324142,4
-2851258400860577501,3
-2850385690817741700,5
-2849063049163130194,0
-2846734439237455999,6
-2846352937723443655,6
-2845148218622163031,0
-2844457071974159936,0
-2837591380947052009,0
-2837289099293468556,4
-2835795782370124200,1
-2832711951451802691,6
-2830583894120774458,3
-2828682444648488994,1
-2826907117266902386,8
-2825423450580485622,0
-2825351351457839825,4
-2823528296982416703,3
-2822441216676130663,1
-2819529124997317022,0
-2819271079540329803,1
-2819094008974533148,0
-2818037931501340477,3
-2817583625102393231,0
-2815730233582629607,6
-2814971031804765966,6
-2811630697187331083,0
-2806392838173367292,0
-2805757019857331875,3
-2804557646198009331,8
-2803193340517833632,6
-2802887608346810328,8
-2800504448183794341,0
-2799162364261280953,3
-2797723886079940061,3
-2792927016772005272,3
-2791411902400458764,4
-2790990813425430645,6
-2790153498403145729,3
-2786682823994579943,3
-2786362637773867923,6
-2783750178446403148,3
-2783159305113748847,6
-2783088083234820513,0
-2782293923273106443,3
-2777653517650651579,6
-2777007552787822659,3
-2775956599758803770,0
-2774231280043304039,3
-2773671607724315692,1
-2770185184384984454,0
-2769947040144951302,0
-2764021395069332374,6
-2763639601094331391,8
-2763054326076297840,0
-2762967028490751462,6
-2760928598376271548,8
-2760746751183180604,6
-2758613289237779885,3
-2754412517122809496,8
-2752801037975161381,3
-2748179068428656625,4
-2746863406163228797,4
-2746511029951490867,1
-2744812952861414732,0
-2744247700942793927,0
-2743713775683972790,3
-2742852126536126969,6
-2741105428036633201,6
-2735341629696458687,6
-2734991118803793513,4
-2730776552062540174,6
-2730085434579182903,0
-2727951429072715029,6
-2727874350833384101,4
-2727688151522559102,0
-2726681188210800275,8
-2726642875491779347,6
-2724835484351657869,0
-2724432861574019576,3
-2721181237517490110,3
-2721014013493772607,4
-2720637654072551626,3
-2718289147625368293,6
-2716685211097720539,1
-2716592063343736474,0
-2715094104127386020,0
-2714512476402015092,6
-2713092558684784007,1
-2710979271972492726,6
-2710593775456329183,6
-2708631581559719479,3
-2708122229140823766,0
-2706839664135453102,3
-2705986310204860977,1
-2704813303076412909,3
-2704267234838893892,8
-2699372231232450236,3
-2695191133837757039,3
-2694961217823787972,3
-2693397787215393463,8
-2687669205915932552,3
-2685883002340603291,3
-2685269722625066394,8
-2684839114108935794,8
-2682038446419222905,3
-2681940597632059916,8
-2681641123647156035,4
-2680463949538895916,4
-2680303611988788303,3
-2678902512647340067,6
-2676775799382121604,8
-2675163805205524967,6
-2674782040154717070,0
-2673254074736059968,0
-2667098508999319871,5
-2666241601816983472,3
-2664501119298837396,6
-2663460766910441202,0
-2662417398193586275,11
-2661907055555175622,3
-2661654445260210445,0
-2660288257707431723,3
-2659632430431537933,8
-2654069438438085446,6
-2652693174217013465,3
-2649368705234605182,6
-2649289658187081031,8
-2642494404508996097,0
-2639504445618849924,3
-2636964152845928258,0
-2635487376525549386,0
-2635393287135466858,3
-2632141122526392098,1
-2631300843502826609,0
-2631197873989888743,3
-2625989255486618090,3
-2623416675652331272,8
-2623271032174515097,11
-2620776077568800359,3
-2618114210706288710,3
-2617748219514837348,3
-2617643461733293299,3
-2617569567780933649,8
-2616645420443825799,0
-2616378424348553360,4
-2615854483011218545,3
-2614186539647342942,6
-2612663014498708708,1
-2610256770731596149,4
-2609692495556089774,0
-2609147762147790302,0
-2607603250149292767,8
-2604570321858647981,8
-2603988850046624348,8
-2601372232678172746,0
-2601198341395425767,6
-2597109910152355769,6
-2595798762277385942,8
-2595050618684402325,3
-2594863344723926376,0
-2594572868672831705,3
-2591787592944073629,1
-2590610949162933260,6
-2590380777856414830,3
-2589468554827151264,3
-2581140824474454543,8
-2577564740050142351,4
-2577188257294389695,6
-2576578547224471871,3
-2575255227109693633,8
-2574907889527850822,0
-2573060505689166087,3
-2571800628598950771,0
-2569780052298721820,6
-2566944924662893881,4
-2565130857684426419,6
-2561869317249762531,6
-2560433639393875647,3
-2559859658953295593,0
-2552006358156488565,6
-2551706712619270581,0
-2551530448419944298,0
-2551360023750316248,0
-2547512073744036879,0
-2546554492264619056,0
-2545119905451519072,0
-2542041687234626664,6
-2541811127449300102,8
-2536519229881319848,3
-2531999061313177174,3
-2530946546760562226,6
-2530583772596553596,0
-2529925264550086872,6
-2529597461408476801,8
-2529369155679304908,0
-2529205769496511063,0
-2528372263654741224,3
-2526833798441848968,4
-2526822514960369861,11
-2525721779588456824,8
-2525342517951739093,6
-2523011189434549202,4
-2517093058379343027,0
-2514128292967219002,8
-2513371168865366730,3
-2511142361875960767,1
-2510993382883853085,1
-2508758766319822197,0
-2506196022971201021,3
-2504116035125774416,1
-2501262806853871526,6
-2492068818386351518,6
-2484228187230674820,8
-2483765552136360517,8
-2483638193923472530,0
-2482300805008200794,8
-2480612019307236259,0
-2480183680375727581,0
-2480147299766099444,8
-2472221299676915543,1
-2470477754781158643,0
-2469305930445035264,0
-2467012885496318268,3
-2465473039729782446,3
-2464538663548146081,0
-2464474720228271959,6
-2463782234749599460,3
-2458816216441152079,3
-2458731292493512572,8
-2458726717499219368,8
-2458314589238866272,6
-2457987690827344787,8
-2457850663280039213,8
-2457529208677725327,6
-2455080811747210291,3
-2453596451979305504,0
-2453196957076874060,6
-2448583810301041956,2
-2448354470515293024,6
-2447008916249474148,8
-2445798438255837943,3
-2445532376921446310,6
-2443969402776872922,8
-2443713814077104406,1
-2443419152035260867,1
-2440514303546178666,6
-2437547284244111497,8
-2436517756668270074,4
-2435667763935715361,8
-2435654477712819339,1
-2433779501180250303,4
-2431919060604937319,1
-2430417430659574929,6
-2430100611300342833,3
-2429686908607451825,8
-2429202679293444174,1
-2429114058148128420,0
-2428419087414991173,11
-2424718252323932364,6
-2419612621273550341,0
-2418794814150809191,8
-2418587637539096573,4
-2417266332311890247,0
-2414867029370206395,1
-2414041746483038993,6
-2410662021286832594,3
-2409583950091804975,8
-2408613421062087841,6
-2407656252376440711,0
-2402332771522232960,0
-2399207036847753626,3
-2397826376495086533,6
-2397319481944194921,3
-2396392940919944021,0
-2395779502493227125,3
-2394976090811739230,0
-2393565209084448963,3
-2391694906915833098,6
-2389281025985072935,3
-2388785802757663160,4
-2388311246798576509,8
-2388087436863038211,1
-2383805408948330090,3
-2383685657846257886,8
-2383172738421489980,6
-2383000174168947455,6
-2381221589516349447,6
-2381117029278664526,0
-2380533855960734735,0
-2380425631987325831,8
-2380322719154676478,3
-2379784661603652308,3
-2379172928444977611,6
-2373387387765082933,3
-2371092231978598393,0
-2369467316913880127,4
-2369183456809142999,0
-2362761233044256645,3
-2359957899013287088,6
-2359333673594988832,6
-2356582746929243570,6
-2356531211325679524,0
-2355029791483519283,4
-2354461861052617696,3
-2354026931071885092,0
-2353139292740693585,0
-2352241728272657850,11
-2348626937593869072,0
-2346428873313330427,11
-2345900761456338794,1
-2345699188302108853,0
-2345551625606173940,0
-2345227047790456413,0
-2344428078343643509,6
-2340762715153020477,0
-2340664961289820535,11
-2338121856452723625,0
-2331874342822987226,3
-2330686202104247502,1
-2329982107536894279,0
-2328818466899133287,6
-2326684711351701284,4
-2322746576019495497,3
-2320371295609005000,3
-2318963360446851062,1
-2317491384740800383,8
-2316808731553875629,4
-2316392385510876816,3
-2313584189427516304,8
-2313229146277852782,0
-2312293989380250302,8
-2312186186742684577,3
-2310780939390469450,8
-2309787643554830434,1
-2309208232643364408,3
-2308563252795628677,5
-2307230779221212698,0
-2300288411824384339,6
-2294462069272081225,4
-2292944922154703046,1
-2291696700951011256,11
-2290878222727827167,8
-2289190364949247136,0
-2287557958584187218,0
-2287190522942390466,1
-2286884068659834133,8
-2286210961785180749,11
-2282908955967764115,1
-2282838184627491548,8
-2282168100628461661,3
-2281221240448776951,6
-2276788278479553962,8
-2274807833001461107,6
-2274589852445606279,11
-2273184190524297089,3
-2267343671902298685,3
-2265952034166766747,0
-2264370256477619165,6
-2264142960679050081,8
-2261572003162999330,8
-2260869371443299790,0
-2259756468274905472,0
-2259077253188987956,0
-2257226548990070670,11
-2256891620884995658,0
-2256573651552768529,6
-2256534349015232960,8
-2254555578889753458,8
-2252522979311942930,3
-2251622183590695690,0
-2251463203494491643,8
-2250777327851839844,0
-2250145754110395473,3
-2248762969088452416,3
-2245478750184004139,3
-2243779496578550114,6
-2243172307206444839,3
-2242704777239240356,3
-2241803346833790029,6
-2237160877262488644,1
-2237141980825272355,6
-2235774051171974568,6
-2232572153875754674,0
-2231225032834239774,3
-2230726354787681261,0
-2228838059431146445,4
-2228712757931639757,8
-2226011133225404237,0
-2223517346236501238,3
-2222770289461422822,4
-2221397294347501568,0
-2221190796074436326,1
-2214763390329097996,8
-2211112733163961341,8
-2209178761662016385,1
-2208627999204760093,1
-2207432765790708476,0
-2203824571818430154,3
-2203500854928427447,6
-2203129756399170768,3
-2201655247051430156,6
-2200538110069226267,3
-2198542638208914443,0
-2197890281206701914,3
-2195220700456712581,6
-2195201456641508025,0
-2194206418985661682,0
-2193490255126632914,0
-2193334343216486568,3
-2189562723944267919,0
-2186679724691456200,3
-2177483740946217216,4
-2177183134413689576,6
-2176510135276892791,6
-2176368126776110837,8
-2173238811988470913,3
-2172835380696201868,4
-2171463619940780787,0
-2167883974422525407,1
-2165995077923644945,6
-2164234790578093031,0
-2163728024067797750,3
-2163427423521809754,8
-2162576202850213646,3
-2159830922058181445,3
-2159786814941587536,3
-2159573138302829470,3
-2159040797438619654,3
-2158985665221029378,1
-2158126191996218897,3
-2157583149323379412,3
-2154565925032181460,3
-2154395832147005886,3
-2153328531003002613,0
-2149866713838059258,0
-2149204576221357986,3
-2148703141779886222,1
-2142616664642640778,8
-2141394089672858193,4
-2139210019522280578,0
-2137194537669166854,0
-2136964335272072199,3
-2135841667901101162,0
-2134521918619215806,6
-2133738246354307087,4
-2133443660243218875,0
-2132062946940111052,8
-2131092855891707028,8
-2126554733521224025,8
-2124743085790617815,8
-2121142650233118803,6
-2121104699452462219,3
-2116360859557445828,3
-2115597501358204339,0
-2114868771873132779,8
-2114200783886693525,0
-2113711182409022947,4
-2113227863634720329,0
-2109707445843798752,8
-2108934459782718925,1
-2104744503981661473,3
-2103647717065219599,6
-2101365508105829031,11
-2099734869219327273,3
-2098092094743061693,6
-2096153790507064563,3
-2095447611502184098,6
-2092336288624019151,0
-2090113002995446609,3
-2089485938716318848,0
-2087236197285947751,3
-2086418057178029428,3
-2086054741505173628,6
-2085833810050709637,0
-2085551568149765135,3
-2083830646535960419,8
-2080724932009653582,6
-2075534851919762128,6
-2075408964704095136,0
-2074647664485597823,4
-2071456919707338634,0
-2070072475237225773,3
-2069507335974630135,4
-2069392239025557788,3
-2068967108521337595,3
-2067960061046427846,3
-2061373813008008447,0
-2061107461208213451,0
-2061041271561298045,8
-2059597182588821664,0
-2059583958339928298,8
-2058533308101944645,3
-2055065180623250469,0
-2054847184084463317,0
-2054500390166800366,6
-2051399456238212578,0
-2050680036790202655,4
-2050331232183225197,1
-2049764541812218519,1
-2049419735099256938,3
-2049030395935178275,3
-2047211275328440481,4
-2045477782479784804,6
-2044423680570575969,3
-2040263038920788286,0
-2037411360240955048,3
-2035713626112349879,8
-2035433810058787892,3
-2034199003205572356,8
-2033526004731990730,8
-2032258073932377788,0
-2032192496869256281,6
-2031551170292011509,4
-2030828735193317174,6
-2030825690789360131,0
-2030656996321012999,0
-2029948329995721079,8
-2029403157935259657,3
-2028512663216601787,3
-2027359666470290859,3
-2025735800724185110,0
-2025444374149014902,0
-2024729433705119313,8
-2018772393944920674,0
-2017400242381482916,6
-2015623546668863856,6
-2015500089175339579,0
-2015105894468237386,0
-2014983811154945172,8
-2012154052725261337,6
-2011842322616172510,11
-2010059248372062528,0
-2008466812484376173,0
-2006782767408917261,8
-2006666731338989573,3
-2006455661044570554,8
-2004458475433487320,6
-2003434935923115940,3
-2002628991946097893,3
-2001722867648993834,0
-2001594418378020937,3
-1997540088020191050,3
-1997208448081404465,8
-1996541910244888862,3
-1992096535968131848,1
-1990056536826497292,6
-1990000294540962914,8
-1989706846290819475,0
-1987959395399066914,6
-1987890458622699972,8
-1986796269573778731,8
-1986424132931983405,0
-1982409980745217080,3
-1982198867908678167,0
-1981388186580583819,8
-1978556255606268114,3
-1978109075303363978,0
-1975973397614921815,0
-1975622524123169521,3
-1973693764121583517,1
-1973470465586011467,8
-1973442401770973244,6
-1972731823922263108,3
-1971863306795811262,0
-1971617520982816166,11
-1970432071909839194,6
-1968810547291310001,8
-1968007884603578540,8
-1966212487655342959,0
-1965993294789440721,1
-1965250832942158890,0
-1964322833377010901,6
-1962594935190045679,4
-1960006978397980138,3
-1959701034153932261,3
-1955596098342218890,3
-1950814260159934342,8
-1949651899783529086,3
-1946694783635652405,6
-1945616119157468300,0
-1945547556044644106,0
-1943593837520434365,3
-1941416640347520558,3
-1939810839337552285,3
-1938836486958157007,3
-1938276922069626211,4
-1937424599889456866,8
-1936584918988388879,8
-1936395097193758812,4
-1936014969451989810,3
-1932766043851894884,8
-1931858509154171424,6
-1930818780576388792,3
-1930738006211600182,4
-1929797319375756192,0
-1927614034709630615,1
-1927605804917146488,3
-1926141761238196129,3
-1925540583336668930,8
-1919973744530009730,0
-1918609342415438748,0
-1918474934871398596,0
-1918153991455283811,0
-1912060251147525400,0
-1911461342158079046,0
-1906978371799871970,0
-1906484319097298067,3
-1904987576961266773,6
-1899928061802466528,3
-1899837428749505067,3
-1899454110064208743,1
-1899008996854257842,8
-1898217614949068574,1
-1896812930048415689,6
-1896130604603279449,0
-1895152179071992820,3
-1893294710653344927,6
-1892971487626421308,3
-1892792957203178125,0
-1888281103816511144,1
-1887378121419850265,0
-1886774328914501115,0
-1883563622832185755,6
-1883552026429077985,3
-1881326724841792594,6
-1880896150795811261,3
-1879924334849474510,0
-1877795964140566716,6
-1875324979733880761,0
-1871066422901668908,3
-1869693161857105742,0
-1867554151377778029,4
-1866426739936012886,1
-1864459919114561963,3
-1861924941006761070,3
-1861442755363669671,6
-1860444909873763028,0
-1860260217366495248,1
-1859736479321998923,3
-1858635050613463370,1
-1858245492825347881,0
-1857434422181354388,0
-1855524701460842554,8
-1853816638798337892,0
-1852037403456658461,0
-1851783189668914416,4
-1849327476642808463,6
-1848529241919844365,0
-1845808155201008022,0
-1844787028538029730,3
-1844334251513734714,3
-1843739726349858469,6
-1838810444258622574,0
-1838212786194196177,0
-1836856135483263216,3
-1836287090583474075,0
-1834874373809772413,1
-1834088665768227018,0
-1833299048830663292,3
-1832253639075929695,0
-1831421464741302511,0
-1831353258070166634,3
-1829749650577955789,6
-1828900404494959083,0
-1827505594193570597,0
-1827058223347545077,1
-1825214147866864636,0
-1825048612642828133,0
-1823925928090447272,3
-1821267521814192894,6
-1819104424294912767,1
-1818525963363456684,0
-1815885195779739708,8
-1814593744372718141,4
-1814013108497736120,3
-1813557044270533275,4
-1806994277883601133,1
-1805132712117740912,3
-1804851422298243549,3
-1804426129397810336,8
-1798059502837815681,6
-1797465095805496411,6
-1794813142039303011,6
-1794546949623629165,6
-1792748662720798948,11
-1791968396816126249,8
-1791865405548036877,1
-1791779822968374118,8
-1791747745092755199,3
-1790776470721503725,6
-1790429794730741983,6
-1788960961597306137,11
-1788175733130464256,6
-1784948448564711839,6
-1784589173343689894,3
-1780590609599091696,0
-1780565608686923167,0
-1780534360683840107,0
-1779562987368707782,3
-1778758753100658626,0
-1777743352508736546,0
-1776877139194756027,6
-1776785371063970095,0
-1775918318323367386,0
-1774809912694966596,0
-1772583384444375218,3
-1772502581387873802,8
-1769682376732436392,0
-1766234353249632834,0
-1764172166120211589,8
-1763458234966419160,3
-1761423784367206722,3
-1759534796092625544,0
-1758839307963164469,6
-1757013032913467072,11
-1754614307437757536,4
-1754560318630976998,0
-1753676144425887529,8
-1752772976199834253,0
-1752755045037751791,3
-1752491707529616148,4
-1752054204457654727,6
-1750595643272139315,0
-1748869645497411855,8
-1748218958225214846,0
-1747359867512987925,3
-1745187673329721943,3
-1743566303784926000,3
-1741461269715018892,6
-1738786175848903697,0
-1738630507504774850,4
-1736496797197876989,3
-1735295300316795787,0
-1734950946473392399,6
-1731014874154015679,4
-1730473833645716591,6
-1730368564810727136,6
-1726347118970466753,0
-1726073040906036496,3
-1723299265322822158,0
-1721364834807217851,3
-1719491953395360849,6
-1719439931275176154,3
-1719352838113630032,6
-1716295386405014363,0
-1715969172302273613,4
-1712982430311741591,6
-1712304041300518866,3
-1710360808578302764,8
-1709078591405693566,8
-1708587463726840983,8
-1707877921796400545,6
-1705663703890967655,3
-1704436047710695168,3
-1704356550921684323,3
-1703590667376894221,8
-1702574201273446343,0
-1698918145970800186,3
-1698877491686881121,3
-1698872730009853108,6
-1697824719508938257,3
-1697663701674554052,8
-1696961694688312120,3
-1694641618021776357,3
-1692636975856873042,0
-1688855547157549744,3
-1688765936563509015,8
-1685210933120009716,3
-1684732913727585230,0
-1684438862222855332,6
-1683688019270077407,1
-1681518385316437826,6
-1681375996833119783,0
-1680915121400312968,0
-1680437100969589118,4
-1679040113644505958,8
-1678018621343601788,4
-1674519902739946133,4
-1674429210594720629,6
-1673943197846338806,6
-1673425011372946644,0
-1672079723431228243,6
-1671861573307071474,6
-1671039622207487084,0
-1670956768930965583,3
-1670345449005291582,3
-1668967574506009130,3
-1668290396099226617,1
-1661612380692685551,6
-1660484844914163819,4
-1658099833798231226,4
-1656564893971288409,4
-1653996228800559177,6
-1653821319239881142,6
-1652148139195521666,0
-1649334807612765719,6
-1647655691949817240,3
-1646229146881438772,0
-1645127803138209626,3
-1635617271816015538,0
-1633451012039995780,8
-1633004104723689607,3
-1631119742248419554,8
-1627660237841544988,8
-1626597779656104630,8
-1625597622406322730,11
-1623255488748760327,6
-1622449583181567043,3
-1619936721226650412,8
-1616553408578952328,6
-1615193203727166357,8
-1614889778760438090,3
-1613511120621712494,3
-1607911154527619034,3
-1605751326946269780,3
-1603092532540867399,6
-1601919535121789332,0
-1601741028261709358,6
-1600540812402463903,0
-1598936469494440196,6
-1597249921068575545,6
-1595925383386663520,8
-1593150048796788484,0
-1588531316574987763,3
-1587103702052638140,6
-1586052018527760784,3
-1583578640756720781,0
-1580637285338904930,0
-1580425559871571455,3
-1580355750125402070,6
-1577708451963665269,0
-1573522573150753830,3
-1569334603381283028,3
-1566923506523659022,6
-1566101677959498167,6
-1565792447747308950,11
-1561619494457943241,1
-1560484374829140118,6
-1559477053524724186,0
-1557050685256756595,0
-1556752514733323584,8
-1554683426474374404,6
-1552858841299377083,11
-1552272238828007233,6
-1551128657600847064,6
-1551013436749045537,3
-1549366891789820525,0
-1547954353065580372,8
-1546255302149125246,3
-1544784309250539864,3
-1544483287716552342,1
-1543389774493068012,0
-1542512171551534609,3
-1542406503276363451,8
-1541612089083514964,3
-1540265798782806921,6
-1539454651111893159,6
-1538900655598461368,8
-1536733793604799409,6
-1534637779284304567,0
-1533776475799667137,0
-1532923758528948376,0
-1532562306659315961,3
-1532278602701700218,8
-1529682590710366717,0
-1528632452014028853,3
-1526921035372484419,6
-1526116685705919935,3
-1526024543353705350,3
-1525537780332969878,0
-1524391866684578096,3
-1522547842783277194,8
-1520359220944218544,0
-1520047002745100604,8
-1519604253319482356,4
-1517834586626566066,6
-1517677120733471382,0
-1514827916214498292,4
-1514776277348015483,8
-1514077438187430060,6
-1512248873870587879,8
-1511851983787381490,0
-1510925666943465844,0
-1507007579165314536,3
-1506545441946148907,3
-1505433512692687124,0
-1504091380426501798,3
-1503204941748841773,6
-1500920801329329022,0
-1499270278771624905,0
-1498827855519219878,1
-1498468583874023563,8
-1495356512663778345,0
-1494810263984859879,3
-1493825525819847857,3
-1493308149391278795,0
-1486365790643605710,6
-1482770916523403527,0
-1481600657221541354,0
-1481176543597566732,4
-1480340626651469563,3
-1478843903114016209,6
-1471172609803136882,6
-1471131844387721033,6
-1470250012612845302,4
-1469714913061541530,0
-1468171028382044859,3
-1467575078865260286,3
-1462429898676395222,8
-1459381478929430036,8
-1452892981468116197,3
-1452694111884372526,6
-1452527758108990578,3
-1451035781181182053,6
-1450857853764930928,3
-1445043551871319217,8
-1439636261711065797,0
-1437701704885004341,6
-1431194874800725113,0
-1430228886876430882,6
-1428316968878948682,0
-1428047713121483268,3
-1426012552973683125,0
-1425402927056112606,3
-1424540149600914681,1
-1424487627282928823,8
-1423865627792899781,8
-1423661560686663401,3
-1423358647383684241,3
-1423300804335918616,0
-1415686284636132135,0
-1412662046745599548,4
-1411440548621583988,6
-1410996214401462394,8
-1409892154214324615,0
-1409342961377536419,6
-1406154528245975013,0
-1404877373696450819,3
-1404742191108412837,4
-1404597597206190797,0
-1403453087014037901,6
-1396441433189202873,3
-1394293979146731719,3
-1393209023864798905,1
-1393052200046780437,8
-1391611587777233027,6
-1388948464379446201,6
-1387529400515720840,1
-1384303546075126581,0
-1383180911768185499,0
-1377816241829109371,3
-1376095695612495298,0
-1374105571361447432,6
-1373766621912032031,3
-1372976173084001086,3
-1371146277707831677,0
-1368324087589035770,6
-1366827285427492843,8
-1365718673362516273,3
-1364428184904375387,8
-1358452639241958657,1
-1358238481671656273,0
-1358113201009012737,0
-1357819420397785489,6
-1356923539041948275,3
-1355737252470588006,6
-1355283490881725439,8
-1353439439754851872,0
-1348394210395710727,3
-1345585044778938153,6
-1344726170709691296,6
-1344692606041368394,0
-1344575001117453716,1
-1342492894333170617,6
-1340930022877531928,3
-1339245714013745273,0
-1338913306398902295,3
-1334626325179083528,3
-1334413792811525687,8
-1332905442716744568,8
-1332624988196436436,4
-1330687484373919810,8
-1330299732182917002,4
-1328034254190842980,6
-1326177946213809265,0
-1324933440451880007,6
-1324101904408830949,8
-1317531069481353823,0
-1316492016529708173,4
-1315706873969452398,6
-1310550932959505210,4
-1308213455568753121,3
-1306911033713366346,0
-1305365838469287205,0
-1304692535563054054,3
-1303355063504307925,3
-1302531210025649397,3
-1300714342485430805,3
-1299933665571483460,11
-1299552851194772522,3
-1296707198880996050,1
-1295956276573967085,3
-1295477003699142675,0
-1292829574001289165,0
-1292779714385604878,9
-1291909274791967750,11
-1291888182145690800,6
-1290057775111589489,6
-1280606169839126635,6
-1280274409299095209,6
-1279177098162145535,6
-1278342190463706553,3
-1277666568313769025,8
-1277197068832649891,0
-1276709126992537521,6
-1276466269556026958,6
-1275571359201834256,1
-1274115504209992468,11
-1270139918396135544,6
-1269738136624159575,1
-1266616256869454334,0
-1264250160833824250,6
-1263632713419886951,0
-1262765270959122916,0
-1258461030960448108,8
-1257911575324351380,6
-1256413510854883372,1
-1255258194984448353,3
-1254672328951184518,8
-1254409041361082664,3
-1254028998512164682,0
-1252593943001490070,3
-1250441145894625149,3
-1250033528352378423,6
-1249303667168131050,0
-1246914074571961537,3
-1245671336216873902,6
-1245540596314189790,0
-1245344228185517480,3
-1242035390538688289,3
-1239601739653457681,0
-1238848651914850621,6
-1237761367405440842,0
-1234432054242752324,4
-1231498197563059972,0
-1228261801811820584,6
-1227978477420226437,6
-1226992261364185222,6
-1225837599037021561,6
-1225719761130455644,4
-1224821313674893384,0
-1223527104765373752,0
-1223244182593234121,8
-1219926057559790165,0
-1218382103531022204,6
-1217165843672841517,3
-1213917719769410649,11
-1211781722321304892,4
-1210493858772008552,6
-1209021795054979173,6
-1206661804598622616,3
-1206105220810137826,6
-1204884660073545894,6
-1203009406955590926,0
-1201605990827814213,4
-1201163560481470263,3
-1197961111478032669,0
-1196497141956267802,11
-1191019459901968585,6
-1188841150645918532,0
-1186463791592157931,6
-1185439648061211004,6
-1176572196452919848,6
-1175789576719954515,3
-1175027132744034677,1
-1174411343278146545,3
-1174205132420103441,6
-1170611374742211894,6
-1170532086914776591,6
-1162270747090750327,8
-1161730230107394325,4
-1159287469209852763,8
-1158595908954042246,8
-1154859522803995891,0
-1154313373304210065,0
-1154108739464586907,1
-1152229491270917078,0
-1151272231102009046,0
-1149207254705464085,0
-1143130240379907343,6
-1141843308182677851,3
-1139740110189509044,0
-1139725109062395057,0
-1136679559297399331,0
-1133977896176938246,6
-1133553659697398357,0
-1132186503900024445,0
-1132166484604947528,0
-1130735637378791101,6
-1128771386414923055,6
-1125371826989137005,0
-1122708687201692295,8
-1122671444458576568,3
-1122563289773001724,6
-1118921448597476274,0
-1118021908068853143,0
-1117387045582888722,0
-1116297336675060786,6
-1115789375060074296,1
-1114078835903438913,8
-1110970867808808364,3
-1110584844454305504,1
-1109592805176718471,0
-1108570261745126410,3
-1108184482987490622,0
-1106295109849879530,3
-1103847365026783604,6
-1102962076130329771,0
-1102821049477079932,1
-1102540618972030291,1
-1094004501621779412,3
-1092837256853321494,0
-1091957557446824697,8
-1091866441735812686,1
-1090875190935132042,6
-1090282721344949557,11
-1089874836573056687,8
-1088747491232788456,0
-1087900843503543046,6
-1086253411811676364,3
-1085330061867061952,6
-1083627084629310809,0
-1080222943595704447,8
-1075128569856610423,0
-1075076039196560209,8
-1074455583801031054,6
-1072345040223358803,0
-1068937199964880213,3
-1067682255435160182,6
-1067525758878024752,3
-1067131609371010449,6
-1067088965040665286,0
-1066559417651901357,11
-1063951600347102121,0
-1063090219742004468,0
-1058736250385103570,6
-1057046883246694628,6
-1056146044465516770,3
-1055737889421783527,3
-1054827018119512770,0
-1054011391689893176,8
-1053894180045313982,6
-1053518478690257890,8
-1051033459588516394,6
-1050539306216508795,0
-1049393539517890917,6
-1048876773038816655,3
-1048074078531363831,0
-1045651685663481426,0
-1044140199656458359,0
-1044032668463047581,0
-1041223367203409835,0
-1040881767751886276,6
-1039524003043675966,0
-1038756802570987307,8
-1038581286171032634,0
-1038144984524972313,8
-1038022846623317329,1
-1037382092281707383,0
-1036135461109137003,1
-1034641313644685794,4
-1033546237298158256,0
-1032615911332852110,8
-1030756172529551414,0
-1025005661735286473,0
-1023495876047573307,6
-1022466911704795762,6
-1022121465581775679,8
-1022089499698905472,4
-1021695699039097568,6
-1020948287494326961,0
-1018884555287540953,11
-1018108268208665701,8
-1017804025702912317,0
-1017453146862072685,1
-1014865944005847876,8
-1013481023655112960,0
-1013257026675853438,6
-1009284756580063377,8
-1009207079038502874,6
-1001299764911418845,8
-1000723577943457888,0
-998872689545036490,1
-998488175175925240,8
-996675688712353135,0
-996576380353349895,6
-995868338579389791,6
-995755837710694760,0
-994210250320350322,3
-993334090344000905,0
-990946166568023033,3
-990897484684845974,3
-990246166921778168,6
-988441408337186412,0
-988220431301547585,8
-984997273603869506,8
-984911064095865578,6
-983081690367372749,3
-981323866964026032,0
-980958228032565109,3
-980671937213094401,8
-980472006496544896,1
-976339114197076853,8
-974912557518668817,6
-973459474595611968,4
-973448710305633761,0
-972951869954036775,0
-971328061059725603,4
-969587976016494497,1
-967996491121599783,8
-967532146431371470,6
-963887220294303910,6
-960427705643319668,3
-956133466796911458,8
-955595850763689694,8
-954187864822495225,0
-954173213228455363,1
-954039993714127462,0
-953522566134789135,6
-949894797024274980,11
-949486926257427609,0
-947966594846922170,6
-947827958653911032,0
-947596802559823931,6
-945783660844325927,3
-944038089386421678,3
-943528940528457817,0
-943340518071344984,4
-943069488999387152,4
-942552797766184528,1
-942166867292319927,4
-940775269305322741,0
-939341960350714342,6
-937169871811870869,0
-937004954775049950,0
-936798730978607892,6
-935120890168984611,8
-934131032052865815,6
-931508416015479020,3
-929762408318651512,4
-929374322579260437,8
-927729203930976877,0
-920392472462506414,0
-919439116365725304,6
-918413699349897748,3
-917308393541765755,8
-915200491894200388,3
-914893655107155545,6
-914600018232187443,0
-913261636223387779,1
-911884192120662511,0
-909378418661138781,3
-909326239757858094,8
-908844531379499109,4
-908335023386604631,6
-904186812729051370,0
-903512469111685501,0
-902093729938843119,6
-901901007246404664,3
-901713697534534962,1
-901099829269700103,6
-898956842785431284,1
-892811884267566687,6
-890572541813667863,3
-889609275046272401,3
-889505165604286160,6
-885781069948386062,3
-884205530179308878,0
-884075205065333830,0
-884045119707090390,3
-881526857765407802,0
-881124633328277558,0
-880918019394790256,3
-878534062074347086,3
-878226404201600469,6
-878085164049507930,6
-877550382745004430,3
-877298351389355024,3
-875930992625379042,3
-875258379733599572,6
-874837897462016404,6
-874189156280988861,3
-873795543533450657,1
-871437775746385243,3
-869722673966888974,3
-868372746551789949,3
-867498597214460203,4
-866499671632028485,3
-865054261050798428,6
-860341624044406001,11
-860237551972314218,8
-858557987190525359,6
-858005936132833378,8
-854663917810747963,6
-850491926419620957,8
-850453891252628441,0
-846948744092149104,6
-846612540742874662,6
-845206178254525442,6
-842847467042279178,8
-842005952236611938,3
-841761376006594697,0
-840723791446865029,0
-839826501593531361,0
-839339299010195448,3
-839166472695831412,6
-837877224236148203,8
-837390043550320890,6
-836853174684251672,3
-835438116992584984,0
-835381715786197781,3
-834345443043054152,6
-833065193031604757,0
-830886882105375052,0
-829023387681011546,0
-827989924235821163,3
-825673385412450837,0
-825466867823727650,8
-822509159822329451,6
-822020323525387142,8
-819492939001153371,1
-818911709088137522,1
-817096667532199919,4
-816688081876511406,0
-816127548568401292,4
-816104042068381371,3
-812521205717898371,0
-811069936904477645,8
-810408661489996097,0
-810011168200497720,1
-809317505042936008,3
-809170842651983668,0
-809170836133629099,0
-809124579229349018,4
-806620164627876805,6
-806423950274486827,8
-803789386256577022,4
-801656827702122534,0
-801035253610454334,0
-800587171426481244,6
-797718786343919434,6
-797385938217623931,8
-796016549069405026,6
-795800268782442670,6
-795289460271653238,3
-790585014566292112,1
-788871283944132418,3
-787518883345035378,3
-787031630343092033,3
-784652331886575549,6
-783578096168204921,6
-782567620550544501,8
-774422382310509532,3
-773441937186510719,0
-769396542630124080,0
-768903482052096483,6
-765336755355275532,3
-764842597063991090,6
-764842520721893215,4
-761661375675801081,6
-759984135915475508,0
-758795417008172387,0
-757960182498975932,4
-756396503054981691,6
-755543450601800113,3
-754929256039278923,8
-754892550307479615,0
-754482805633625261,3
-754472185608089818,4
-754357991506698255,3
-754345423781034743,6
-751550579877771003,6
-750317830857494768,0
-749241521863009248,11
-746763693791140833,6
-746178492861284804,1
-743657982229525131,8
-741671937611417866,6
-738357684368680789,6
-735682745085728672,3
-735659643880937920,0
-734505675470044801,0
-732590944592258319,6
-731290906438117404,0
-730360888507267446,6
-727445284516765653,0
-727357583044755044,4
-720497580181576812,1
-720023541761109786,1
-718470491404565211,0
-716965666746489738,6
-716627413712735031,0
-716469796782878092,3
-714718802664984205,0
-712169285286714920,0
-710059778909418295,3
-708742962317699546,0
-705841740727986326,3
-702618009724393925,4
-702290953262721699,1
-702269656492732525,6
-701924257856071885,8
-699331167298197507,0
-698084292618830310,0
-696699582300750578,11
-696432958211183848,6
-695991674172839503,0
-695899862066451220,8
-694759307004178866,0
-690214631542754732,3
-688586453600556039,6
-684186671570149230,8
-682647124558293907,6
-681666799242649073,3
-681342758822935567,0
-680277168450638944,8
-679177872822206494,0
-675069586528667611,3
-674038267287225993,1
-673293984628504865,8
-669056566859450057,6
-665802140476094750,0
-665490114928091445,6
-663902454044489742,3
-658792432373747797,6
-656933000798684134,0
-654392113856513942,8
-653739429774497189,0
-653090568565900739,8
-653035456983812021,11
-651628466901320500,3
-651213569223841236,6
-650039158717365578,3
-649193375382392295,8
-647776141813460061,0
-644962657919345373,6
-644449815674781039,2
-643943275540659607,1
-641932049883247595,6
-641034946485677534,8
-640964785530743650,6
-639053239216208805,0
-636273691854135061,6
-634036317802134621,3
-630571139048710340,0
-628818897022505353,8
-625990164518299192,0
-624593662649007342,8
-623147778460867988,6
-623082821403407960,8
-621252144812268436,3
-620451156539993952,6
-618892511811798296,0
-617871704705736254,1
-616965437752409185,1
-613896194797702601,3
-613411939027250660,4
-612919509046407150,0
-612770530589623106,3
-609616929829228112,8
-609536189550762608,0
-605847146910458844,1
-605460442792959816,1
-604967703652531741,5
-602243099383942130,8
-601760175133469122,0
-599877196026389752,6
-599360447936498085,8
-598172819281246251,8
-594892712123808172,6
-594206205637055437,4
-594092592560934940,8
-592248740780515070,0
-591822499434019807,8
-585450765669159064,3
-584025397987044462,0
-583755893603774735,3
-579703972458538457,0
-578996997294269456,0
-578975758681481904,6
-578216075324803702,6
-577653647327427149,0
-576416220800660674,11
-576164088357432139,0
-569636623155127077,0
-568625255742421553,6
-568607102839466750,0
-567921149745101248,4
-563664260088017333,3
-562849762105737146,3
-562191449693697378,3
-560587538344358067,0
-559892058450709354,3
-559573016155755987,3
-558826396761813044,8
-557340099044241701,6
-549476140996639711,0
-548549440977325419,6
-547482420154342420,4
-547228339906672891,3
-543756603673092027,6
-543345839176246980,3
-542726041597073407,3
-542461171422619132,11
-542401690619936609,3
-542390364061536637,3
-541379725012257933,0
-541183936860984575,8
-540999710485847055,4
-539148231797001003,5
-538729649018967168,0
-537707753043118717,8
-537648601964573635,6
-537130554616671097,0
-535356730222977952,3
-535348994676043969,6
-534839078251631179,11
-533570301301432324,6
-532290696284133725,3
-530956839804858328,6
-530611101438217410,0
-529404160309406809,0
-526507461957684055,3
-526101693407981669,6
-521695056577081678,3
-516029862489211143,5
-514386670634968347,1
-513478492544419012,4
-512857920986324511,6
-511094371301540556,6
-511058354155453697,8
-509038262446900675,8
-507812097438574801,3
-505216965746787770,8
-505133930030819810,6
-503588341470069217,3
-502088211855063016,0
-499713586337881794,8
-498276433496866890,3
-498177501581971375,3
-496895888313343483,3
-496692173417080186,8
-496252641248031123,3
-495984076711191868,0
-494040091137357435,3
-493804294194458365,4
-492808947875230944,8
-492394028092417377,11
-492053773468045039,6
-488761305659802329,0
-487066992150782377,0
-485102439586014712,8
-480746433637701562,0
-478875903816068166,1
-478614175436513280,0
-475930915296484234,6
-475194732615558399,3
-473004059520704976,8
-472788359163832782,11
-470412845504875529,8
-470148405240994604,6
-465250874866570326,3
-464133220908619129,8
-464083357552867405,0
-463546999397478296,6
-460553266307020762,0
-458958938341774151,0
-455150393144313281,8
-452171226111191113,8
-450573176598492760,0
-448632643687858120,1
-447124454967674421,3
-444196201150826837,11
-443813336752965023,3
-443647939918839543,8
-442344173716437525,8
-442206245201765013,3
-440622915539413458,3
-440001254298295966,3
-438543337807596708,0
-437587409495583406,1
-428980112985508581,0
-427522761434588674,8
-426214226302486989,3
-425885453834367821,0
-424262862134414725,8
-423065043106849758,8
-419149184680863448,0
-416861396256441240,3
-416195668530864250,3
-415188747317163790,8
-412985406350255481,0
-409536419685568295,8
-407052155280454023,6
-405165337218587605,0
-404849926734830271,3
-401303441822095974,6
-400555777212780263,11
-400148118409627480,0
-398652983670437467,4
-393879378439148036,8
-393836815515335195,0
-391451948830148835,6
-390585999644738326,8
-390454227562682384,0
-390194660933089340,0
-389583390828400459,0
-385937896569494609,3
-385340284638095564,0
-384271207312851143,1
-382936009020639353,0
-380889578427177149,8
-380161333869221262,4
-379948496356087509,8
-378886981407270391,6
-377766987229780691,8
-372411815524441961,3
-370867073208864215,5
-369136359184353368,6
-368342118142065915,8
-368222326247989294,6
-367195048057204061,0
-366682402038349123,1
-366680316851392321,3
-366178905625301409,0
-366045391109872630,6
-364745419076712902,8
-362879311899077709,8
-362281400000669706,3
-361904962526541058,8
-361671839530184192,0
-360216486646529124,3
-359537616433853887,4
-356693838261750578,4
-349906151424319111,3
-349086028036785104,4
-348791750334004774,6
-347675414807981557,0
-345400269945052479,6
-340882880155962393,1
-337261583981460543,0
-335512943900023769,3
-334529446448794252,11
-330783363729184895,3
-330512192316036781,3
-329716723471186523,3
-329560443316639714,4
-328938840955220983,0
-326708495005896474,8
-325213125532061972,1
-322442348263730646,0
-321971566270597303,8
-321928814822733361,3
-315979445033169367,0
-314845179101849450,6
-309961284297023610,4
-308682485405773294,6
-308522693756344925,0
-303843513388409711,3
-302820907221965559,3
-301979677298317590,6
-301196553772426723,6
-300269724566241857,0
-300126408198491533,0
-299707720322839997,3
-299674282465425293,8
-298835719669922113,1
-296597425521976701,1
-295689028307586396,8
-289083097725466967,6
-287216126451847314,6
-284853271349280341,4
-284712403703097730,3
-284248052193671857,6
-283887181034677853,0
-273853904414349266,1
-271427953258974096,6
-270527450421600508,11
-269600084928996800,3
-269243720995358652,6
-269135856807075357,8
-268314970343912231,0
-268082756338630750,8
-265687934805003008,1
-264796931339823488,3
-263502801523264421,8
-261335829351452155,6
-257388674040709292,3
-255460733255622961,1
-254433104726191352,3
-251801448201424931,4
-250687566902050280,6
-245608264490928767,3
-243335749170114729,3
-243158855256340929,11
-243144099808069218,1
-242577143172027862,6
-241104653847856905,8
-240818582505242767,1
-239566619243041782,1
-234108381077576240,8
-232559757017743980,0
-231977330022705055,8
-229856439072902778,8
-229789118729097767,6
-226461912330794216,4
-226106057082609912,2
-221433238572346863,11
-221060461368524180,3
-220993529556992075,6
-220060049303712274,3
-218940892602629211,3
-216621353744148218,8
-216219311552120267,0
-212879379851735628,4
-208690633742493997,3
-208497029736864286,11
-205249393689319015,3
-202615617634445955,0
-200889613241390508,8
-199709487564750012,3
-194890857443112820,0
-192296653695564359,3
-190681541074942095,3
-188432970653667818,3
-186449692016201490,6
-185355346960823719,1
-183864140812086791,8
-183172118943345300,3
-182296696936463817,1
-182294290340778985,6
-178780831985191985,1
-178318192141598556,4
-178307654062290873,3
-177688280637630923,3
-174866290879609407,4
-172209826585653074,0
-172147496944246960,6
-171806852354149908,1
-170171840606098881,0
-169905311140421705,6
-169401580508631804,1
-167767603639381540,4
-166979451942086989,3
-162974493393334299,3
-160539671998041520,3
-159900687148058921,8
-159055657678871421,6
-157357857026929660,8
-154351130866804635,8
-154263996619736657,1
-154152964325575417,3
-153212374721387728,0
-152459496294138933,0
-151432645590439701,6
-150583759844206582,6
-148847892054976204,3
-148077278016996790,1
-146408235365349248,0
-141157622640736106,6
-140839372694771411,8
-140812141290319623,6
-138915922182910808,0
-134529289252082377,1
-134400261963190704,3
-132616217973717991,0
-130036786921658452,0
-124247511568033022,3
-122762922255101149,4
-121144343037519410,8
-116822564825368456,0
-115932725817965374,0
-115874126309297958,0
-112721580735521816,6
-112289607579117045,11
-111318226161848793,0
-110808920145182068,3
-108581646683624145,8
-108513701611164048,1
-107335658072513887,6
-107307484368533938,1
-107190362823227880,6
-105548502436360686,4
-101482901886772364,6
-101140094574068250,3
-99278393515094932,8
-97786371451189428,0
-96470350245144502,6
-91735240241732147,1
-89693632930341741,6
-89246509097222496,0
-86536490425027391,3
-83515461871329689,6
-83433496301233999,0
-83317211976183755,6
-82229723856071598,3
-81414251439139733,4
-81196479666306310,8
-75938316747771147,0
-75848982033086796,6
-75819800954745081,8
-74787766563386383,0
-74511355666073839,4
-74292992477932571,3
-71984290434357201,6
-71921474325362114,11
-71589457241177829,4
-71160655947986168,0
-71112926449560974,11
-70650047626281174,0
-70583244806075256,8
-69798138733099962,0
-68359330973979453,4
-67897746448958425,0
-65852176492710663,3
-65587050158021634,1
-64671262327005054,3
-63559018936477509,3
-63246966322310176,3
-63074859563576902,0
-62891505109755100,8
-62570185650010223,6
-62548795827107227,3
-60583385587877186,11
-60525534589505402,3
-60072256751996518,0
-59174107579290012,3
-58998843461670605,3
-57502728770652280,3
-57055362180627148,11
-52996732622446180,1
-51690669527143885,6
-51556696654098602,3
-50592998855094089,3
-50374951794186726,11
-49381680268985229,8
-49033180571994762,8
-48131037633997502,3
-47182714384982447,3
-45645770509029769,1
-44689739733113901,8
-42499289834561287,3
-41528573325001568,3
-41265708926987771,6
-39871031604524370,11
-38454789667996983,0
-35965240464867310,11
-35789986103495972,3
-34987998371822151,11
-33271066798722654,8
-33040760743156719,1
-31516512537646084,0
-31054648672528943,8
-30639162771126691,0
-29452187152940901,6
-27706715190955553,8
-25570761860409167,11
-25347831808765933,8
-22687409095017832,0
-21694600313078282,0
-18295502543345731,6
-14371116158491189,6
-12028040149844272,0
-11624290223286840,6
-8544837537917372,3
-4828968052289722,0
-3129031403170642,6
-2717866178651478,6
-1542609113601187,6
-487160497666132,0
278357163850888,8
691196591292394,0
943866610587436,6
2367759722455926,3
4613541891882215,8
4971154345890344,0
6347699795097912,1
6681737380032433,3
7033904184224873,11
7519998031370546,3
9757074028102691,8
10161372395851679,3
13576091794040516,3
18068869093535570,6
19864118028643232,6
20600749373174877,4
25023618081021823,3
26400381524725071,0
26775638343638960,0
27432107507559704,3
27548015301671566,3
28173832768991944,3
29880721953573364,0
30373957379090179,3
30503994840945821,6
31253543412420506,0
31528551689322018,0
34688405430953314,0
36429537910205245,1
36823128057191339,3
38788724199932398,8
38873163488149522,3
38920043057661014,6
39611939779918049,6
40304750767204501,0
40673432063145168,8
41434135985318145,11
43482893556276394,3
44398250800392354,0
47143009133205275,6
48218056441736120,6
50009850012798656,11
50469904265347411,4
52032994031006526,0
52233350063519313,6
52382210540737522,1
52982050234241631,0
54228475487369401,4
58658497798745796,1
59137310851999461,1
61075575555260000,8
63654201302572241,3
64336961516368274,3
65424068146375557,6
67459496290211005,4
68025515102462182,0
70222719038595623,4
71849493012192489,6
73539323932777354,0
74623038764341097,8
75284542678287755,6
79594764597837785,0
82379762831016624,6
82831121718222652,8
85270131840045162,0
87936447034271001,3
92880582604696291,0
93737232069426335,6
93783987352198596,6
95421342268350454,6
96344552029168936,1
97166147087111921,0
97286877753308139,0
97446418509344772,3
100729861999205408,1
101531001839995775,6
101999862784066985,6
103055916170191038,0
107368046758875760,0
109564252861405473,6
110630194245228327,3
110821367572229557,6
110979859908735231,6
112018204346737069,0
113233588687800113,6
115532459361547399,6
116581723304478864,0
118342402544239573,0
119122072885672509,8
120486571976949188,2
121319710646414536,0
123512507653635566,0
124868384412671966,0
128989804837332484,6
132633656123110022,8
132841483105023846,1
133129570728400986,0
135301717481450215,8
136990694922197158,0
137378281412794041,6
138489381123679635,6
139371392205314985,3
139893584006626733,6
143636945668726776,3
148222757604265864,4
149794486658604245,3
151458194873283466,0
152768544543939676,6
153084339477229127,6
155150893753508904,8
156341893540800212,3
157743675689616381,0
158276491462817716,0
159372067916037548,0
159963638793297761,8
162172225125027577,4
163246470573944720,3
168369665377960833,0
170063710118000264,0
171166048709643043,8
173214282757474682,4
174462839939567494,8
175691478784117391,0
176562805217787104,0
176968922857610362,3
177294299274610426,8
178112767931704346,0
182344071892906872,3
186853663483716720,3
186961030758231573,11
188682839063125077,3
189047241229896855,4
189797128149425715,0
189843740835318241,3
189985379938500010,3
195146978686432228,3
196193140224104954,0
196275032082585026,3
196924448992184704,4
197960751467771589,0
198672059610731768,4
199418063918965983,6
199535521964023148,1
200545185535919357,1
200903582468954027,3
202636304095584854,1
204658563016580712,3
205282661281482952,0
206961860088397840,6
208683461194512669,3
210800720712726517,6
211509623633124715,0
213237339560859205,0
216026994465296073,6
216803053061173797,4
218403230914330173,3
218990333350649836,3
221917554335930231,0
223879692644907650,8
224524725647401101,6
225702231534974043,8
226717763413234177,3
226906249322093570,8
227385790568806987,4
229616136806723820,4
231450808017666082,6
232278606706454125,0
232637863123164736,0
233134314408087919,3
233969144033797825,8
234673600975914235,6
235937260484246696,0
236341602215108434,3
243548514812979804,3
244974280738737678,3
246663829294330577,6
247136831954707321,6
247146588948104337,6
252726837417797968,3
253463337503232111,0
254082779146616198,6
256475428863156916,0
258824281537590528,8
259895902629823768,4
260620186872930989,11
262064827988130176,8
267102068547234626,1
267545836984299224,0
267820595529166714,3
270124655247355782,6
270561832457319869,0
271666501160839417,0
271745319033279389,0
272819235334843664,0
274401605260075764,1
274975114153261412,0
275700469946974462,8
277227478300116526,0
279052447871797446,4
281337360704025623,6
281348649977453375,4
282122762834252850,6
282896531640927505,6
283408884483560923,3
283901678262769199,0
283922378823540530,6
284709957546174239,3
286504081805620638,0
286661111652750476,3
288980100374866908,0
289874457351815501,3
290335649178810661,0
291285239585464711,1
293007835471507868,8
293457536839675078,3
297122020465744633,4
297209786418659138,0
299456457824703586,0
302291967122973257,6
302473748386934798,8
307829882140964377,8
307873766972496113,6
308591991910575329,0
309786725877302321,0
310435750599514542,0
311230975369278533,6
311494462103794939,6
311903645232555460,3
312766166255793962,8
313886752846260729,4
314589605573193078,0
315685952352619727,11
316825146886722209,3
320880461514493934,0
323597634889677602,8
325877509368752389,0
330053598754886277,3
330137990718307847,0
330362365968770999,6
331355150500016380,6
331620321405498984,8
333728052398723533,3
334800323339746599,0
338676253742479010,8
338866520252482971,3
339628614718966933,6
339793858306363124,0
340854666767346657,6
341308771241161132,0
341612942232923320,1
344295897461734506,8
345206958533842654,6
345268298643326085,3
348119835213310400,11
348548634648842426,11
349284099419601276,6
349922848289399928,6
350630536916477405,11
353009353467726725,8
354668273774119020,11
361726249026399107,3
362549075196269748,3
364298419818033119,6
366297873593337281,8
366323210906914439,6
371352546137046464,6
372235228309460058,8
372250308144324340,3
372920134154392627,0
376368684720297098,8
377535454548275384,4
377785190538046925,2
379050469171138286,3
380215882886847743,6
380480844431846817,6
382037638461829639,4
386923373018084552,0
387577997753599241,0
388516489902971886,11
388573830443981579,3
390732437077793209,3
390841638648059029,0
391662116515000666,0
392454080935423279,0
392708097375007469,0
393484080492133202,4
395161809935348333,3
395963546133530842,6
396389720280578426,0
397509256958041597,8
402670780555489256,0
403477014857954012,3
404115376954829209,3
405709007517827001,3
406000137081721246,3
407032352860161541,8
407496987015815502,0
408147781528742882,3
410192589268306605,11
410823475362364473,0
411697026325909712,0
413321268492238105,8
415143745146117630,3
415738915553831385,6
415931112136552995,6
417968972594446581,0
419342668169278464,0
420877708488147816,6
421466741843632708,6
424670700115759696,1
424791258013065790,3
426593655769488611,8
430475600543591266,8
433199359701801103,1
433296427514969382,0
433720143931444844,3
434832384207014645,6
435383620453951285,0
436100681994313903,6
436325121056095271,3
438529629405149139,0
439863989775907085,8
440183895249480940,3
441496823636025462,6
441776882623539126,0
444027622638113082,0
444101286013024786,3
444284921155441624,4
448592873889985922,8
448602570309158077,3
450204636971570721,0
452098396959033163,6
453772796728167609,0
454261048489728664,0
455192476287166549,0
455527698072114714,8
460690630118857947,4
460920898286134738,6
461542855042685765,8
465545296035793552,3
465683206148971504,0
465965559501338340,0
466227037922349373,6
467909191064266711,6
468565956418931932,3
472953491078899472,1
475495692058918374,6
475530984696578501,0
476150081059041362,6
482056686108128286,4
482686684218341061,8
483373968992124781,0
483398279855304172,0
483473145525649490,3
485222643004837559,8
485389094033421747,8
491384483409972179,3
493342597150044001,1
498187604270619854,1
506399080366518755,3
508142918386110029,6
508505639319150009,6
516909833647508764,6
517488889241183984,8
519550606561414408,6
521138783128099060,0
522258908727297129,8
523844484914450904,0
527018547289541929,4
527224723261014863,0
528113552677255610,1
533269323384799954,3
534845986508894642,3
536399711504063689,6
538182766624859527,0
539272992836732852,3
541662330287265785,11
542480817138275392,6
542864004676482117,0
543187071972768197,6
545672673621477983,6
545813675218000030,1
546961565663388604,8
550770225128419218,0
551152378862044110,0
551641752161346343,0
552013711847136534,6
552190510414031624,3
553099671786456974,4
554029765840806133,6
555467611068144418,0
560570604404314115,8
561937758965597080,0
567314301524238688,8
567992757943504293,3
568015825663872460,3
570397355161662911,0
572520187359815573,6
575598487763480423,1
579016399534278236,3
583136072904268613,3
583686115632387712,0
583772744318809819,3
584556038473709374,6
584730932939516842,7
586291978505214643,0
591005947029800175,6
591356175620080185,0
591782491993940359,0
593203340211743004,4
594888917385815061,3
595348748534864113,8
596319641399143058,0
597605655027880712,3
598887456831640801,0
598940490178909506,8
600116259668742229,0
601742939209346294,3
601773817958447778,1
603684260619172112,4
607261529694823732,3
607803988635176297,3
608757936160530604,3
609284173588948987,0
610605540713393724,6
612453853187326054,0
618301777942998111,8
619688685715802202,6
622002790384567596,11
625191125724709024,3
629288881900903315,0
629678453336956026,8
630134681376986693,11
633114722569001588,3
633349140190592495,0
636224637059800211,1
636425395498108574,8
636862019277918739,8
638843551227273359,1
639134254791120778,6
647176261370765931,6
648451759432563893,8
651354700620801083,0
652897510600137428,0
655145032406120177,3
657101108396316133,3
660578675590867798,3
662272330366998990,6
663191886440936258,6
666056095857778739,3
669454608616241618,6
670384005796125504,6
670825821606428988,11
671894670137276103,0
675831782333803167,3
676829121666117538,11
676863734062192877,6
677850106823610806,6
678187343673146026,3
678564844218290580,0
678943624502395454,3
679095304992331758,6
680637664680174372,6
684036936543072113,0
685165176076201890,6
686488363319168479,8
690560859326469690,3
692167975271429163,1
693296634649576753,4
693884393350174935,3
694551652292920665,6
694810806667791550,3
694854513866806991,0
695750278607397968,3
696784240534562662,0
697603576292684838,8
698942688567201829,11
699477423030062449,6
699795282094108029,6
700882807266342701,6
701002159220026110,3
702438049392098871,3
703930956694558796,8
704066847611838598,3
704713868087249375,4
705121082506928648,0
706602625274791172,6
707200504283383852,0
709064880272717636,0
709085006146787464,0
711398692579493650,4
713647916818966183,8
714636340229475841,3
716540193453535510,8
716666167829055338,0
717354265225634675,6
718180401135527658,8
719133997828956849,3
720939897861061328,0
723175143205491997,3
725033914467457195,3
726715794460535127,4
728588982327222575,3
729577690424729784,0
729663668210058500,0
729717498588187324,0
729943448031782627,0
732540751139870921,6
737665001793904936,3
738538965698595021,8
739261999682697955,0
747434006139861238,3
753881533888326036,3
755230570939492624,0
755787213656769147,0
756628066126266909,3
758177829727196416,11
758346207437382744,0
758568217791342090,8
759172498794246058,0
760631214843174989,1
762413083832578999,0
764636892057988335,8
766282354393779360,6
766399086471411315,8
766892272306053499,0
766906598248199575,1
767674629805629960,3
769664146071557667,8
770531479322815885,3
770806611882117120,3
772131900460906881,3
774240183804249218,8
775217232512048192,8
778365906677988584,1
780145736648398672,8
784796162958762505,0
786605781537830619,0
789605266938667681,3
789622607769233978,3
792420304685008025,6
792787582557551381,0
793145916758720006,0
794433591939342505,6
794627979630215804,8
796894396952079144,6
797263375273454863,4
801267477958157318,8
801340127755846785,0
802244001714948248,3
803065027839971613,6
803745763297878465,6
804151644187189182,3
804628468250506581,3
804832521706127820,0
806158697548112659,1
808821427005349208,3
809511024737609922,8
809602586563834919,3
809866471406932410,0
810866544036050973,8
811530635042885826,4
813175694343462721,6
814537191607407060,8
815762221578937034,3
816694311890575869,4
819003684944470990,3
820357036352849771,3
821508508777061675,1
823304415214322986,0
825396039256423057,3
837818147181820378,6
839206100596237721,8
839823863606177963,3
841273497241360499,3
841792676830934801,4
842468953181541639,1
843418983069568139,0
843655600591747486,4
844104329351281298,5
845009203985527326,0
845987540933759614,0
846799110102141742,8
848181687157377968,6
848973434635485874,1
849307856537384351,8
851434209261552885,3
851467630856123600,4
852183849014645335,0
852324533538959530,4
852424284950974584,0
852612730410686803,0
852978196600928873,3
853407874764231492,0
853642548129420067,1
854991629335912715,3
855345798466393331,6
858202669808847008,3
859655297051247607,6
859668537217019080,6
864182586941622279,0
865504204882570269,3
865744235393317093,3
866860298680755505,6
867149622679764032,3
867187055010438116,0
869181448299922089,3
872072213442630932,11
872694497849122755,8
873731665256121880,6
874409746380109328,0
875519096082130782,8
876546248339174011,6
877362274458631372,11
878231863217255813,6
878416643065916613,3
878639794554849982,6
878932500654505162,11
879630317757139504,3
880945868516910727,6
883390173993705142,1
884578779234263060,6
884844035066699774,3
886048529914142779,11
888285380154946952,8
890780302831763584,1
895536098729225609,8
896379480340635354,6
896970475650457860,0
897032710934620733,3
898365227339440801,8
899846296728196027,8
901059070541313726,0
901598650880858453,6
902054593369745540,8
905406539822382686,6
905557681285287760,6
906909961436300670,6
909670856064176881,1
914037884560970251,3
916015407612212971,4
917585097843409944,11
917830561149726244,8
922152576733098630,3
922505543180965646,8
923434995459511937,6
924600160314228236,6
929794009401517647,3
931157428309868585,8
932547470780216373,3
933768460877990873,3
935007106830936525,4
935406133925640926,3
939651044845095632,0
942191805118684070,6
942542897661421876,1
943058393906343642,8
944177728727281939,8
944179712069196298,0
945685325926552705,3
945842064773478209,6
948234821311834366,4
949954263876915773,3
952308109533031414,0
952426392640893761,1
952460704509765744,1
954230414088214130,0
954416033512224734,0
954811257776619679,0
955500459195690918,6
956110349654312915,4
957979387392236750,1
963904426957071019,4
969144518528096850,1
971772404122301304,8
972170951825103892,0
974723762207771753,3
975126834096186024,0
976488716749958142,3
979700647323133958,1
979976295761370657,6
980295100400604589,3
983652668365853016,0
985036953489519472,3
985463838607094751,3
989409441141247289,8
992101295951175683,9
992694869650988857,3
995021333851247712,6
1000398159205030556,4
1001410261956352331,3
1001416486193211201,3
1001899970428483336,1
1002573090858395429,1
1003846216791455596,6
1007606047385213599,6
1009894036181152520,3
1011822031011736246,3
1013007156676491129,3
1013015360550932595,6
1013052923959749604,6
1013915515115022550,11
1014380187054683379,0
1016489043593532427,8
1021068792571084210,3
1025206753845780302,0
1025570355574478295,3
1025955551596741425,3
1028616279097048741,3
1030749495868028317,6
1033772616071233475,3
1035867487275297460,8
1036775538504059796,6
1037440836843491511,6
1040886769182900981,0
1040969022885221408,3
1041838860398525719,0
1041840289651565389,0
1042243651046558116,1
1042425857856346598,1
1044729100306559309,8
1044957825428992508,6
1045878177687372964,6
1049113187872213285,6
1050902176407509595,11
1052478334906729034,0
1056727203517353035,8
1056797384882540161,0
1057944680881046388,8
1058200059896772873,0
1058858579423870941,3
1060649900453870579,3
1062697897485558049,4
1064210286896086143,4
1066215484224083075,3
1067785590056794973,1
1068792293641758039,3
1068960457870922710,6
1069302701807128226,6
1070744829220574325,6
1070960099830960091,4
1072874268189499172,11
1075448740752957641,1
1076807980175802170,3
1077096253336162544,6
1080857273392068277,1
1084444344268454442,1
1087602057154360606,0
1088131967353576718,1
1089477414304270767,6
1092850037489347423,11
1093014177450788265,6
1093687039068806833,6
1093986994245037161,8
1094436236571873748,6
1094571457502851481,4
1096104156057461469,6
1096931073299535064,0
1097995392415724816,6
1102735311308675356,11
1103664705757364718,6
1103903302069232031,0
1105387295502968672,1
1105668821769643202,0
1105864380523755645,3
1106981065462719386,4
1108872727553952525,8
1109130648356811286,8
1109512175175699137,3
1112125291619276497,0
1113690277490786204,0
1116457585304273874,3
1116841566854231424,0
1118715408109737354,4
1120008972176789202,3
1121977649698382558,8
1131334964241125994,3
1132048765072761114,1
1134153451028331858,8
1136201783763370859,6
1137920036228421507,0
1139214182590015718,8
1139289635428624986,4
1141409184475645162,6
1142718046971865182,8
1143204937565526213,6
1144859527738276881,1
1145146703649573117,6
1145434794492159629,8
1147931405528504520,0
1148764347249240668,0
1149118794986794122,1
1150535225289778803,0
1150867929720967969,0
1152180720641368253,6
1155870315877290251,3
1156109529932064788,0
1163808316192423021,6
1172929742782709001,3
1173555655683800042,0
1174393151562766387,8
1175775250269939890,8
1177055878155131978,6
1178637956972460699,3
1179604578206388114,0
1180109165184242001,3
1181346386071016161,3
1185866611231693950,8
1186366743774299689,6
1186541281926863677,11
1187872898126458407,0
1191524901712345580,4
1196677590810557711,8
1197783944429917327,0
1199404107571300326,0
1199580172539844413,0
1200183192470914247,0
1200951752997700837,11
1202656274997692068,8
1202710035399286300,0
1202726998679329629,3
1202751120111620087,0
1202894379250029894,0
1203135940811580692,3
1204678755073233592,6
1207450957275844158,6
1208378653650187478,3
1209905134869595015,0
1210288610730523154,11
1210912766713674493,8
1211452123704157774,4
1212918122094777565,6
1213789411091883990,3
1216010609386600867,8
1217381157267285745,8
1218582069484387615,3
1220047945946748284,4
1221122266938993936,0
1221755371193485910,0
1222853759750217319,3
1223707505486156567,3
1224694864227587278,3
1226084245840585474,6
1228359052249330977,0
1229664006299074268,3
1237873235418845166,4
1238648584657832083,4
1239199008793105180,3
1240161389820727318,3
1242818998950141947,0
1244883431506200106,6
1245057788989654593,6
1245880868129914126,0
1247772529405971615,0
1248321824507147909,0
1256327678408032458,0
1259483319111957657,0
1259878241454294920,6
1262178829919354620,8
1264430476222619633,0
1264990085430840890,8
1267106044383236381,1
1272184925593299423,1
1274024811406693102,6
1276450342191698000,3
1277615037063870289,6
1279099170349841253,3
1280931961199843596,0
1283348340457666561,8
1283361875508652872,6
1287185562012837393,0
1288900975920979519,6
1289152729182196508,1
1290882409892634396,8
1291021597204228064,0
1292810909577773141,0
1295599578162726103,8
1296707388223700864,8
1298595524333915933,3
1301226952486984527,0
1302833133980493254,1
1303775193576876514,6
1304146096147655717,0
1305829516629705621,3
1307518922528614140,3
1311915537745129809,1
1312082491588238402,3
1312959777938191950,1
1313005607069010255,3
1314416386393864190,8
1317449840869852788,3
1320324210610609678,0
1324195799394390835,3
1324318585961748101,11
1324709291391680362,0
1325574349241252065,0
1329208475422023145,3
1329247118075131820,6
1329827673230373630,0
1330382372314872918,6
1336041240664899601,3
1337459668850938918,6
1337868345265390831,8
1338353874920031462,6
1338775307537474804,3
1340637939534925227,8
1341398534438211658,3
1341767392059446744,8
1341985082723266014,8
1341992898548648545,0
1342462908718009758,3
1344206156479987304,3
1344575558593443180,0
1344979306323915187,0
1347943601053991053,4
1348836950342808313,0
1349673453152347994,3
1351495740933902044,3
1351772134921376191,1
1351901275027056776,6
1352077641799217180,3
1354370066861020546,3
1355871983122100846,1
1362039147024990766,3
1365748467210778409,6
1370057112043945856,0
1371669870059482781,8
1373639618489798209,0
1373822691589348082,0
1374542601767995438,8
1375695367125685145,8
1375833768007236572,4
1378607816818271109,0
1380244798115911165,6
1382870217333188733,3
1383526744728644258,6
1384136409987254471,3
1385214664176013798,0
1386583149926452937,0
1387162371719476785,6
1388420868461627042,0
1389517407629522744,3
1391243942319656878,4
1391841244161609886,6
1391940286476424315,6
1392095733384371302,6
1392419255270965897,8
1392467323835417361,0
1392915017343960307,8
1393356705575582322,0
1394665020432150015,3
1395854759938220207,6
1396196678406811336,3
1397664056033971938,0
1397920576328168460,3
1398107461443155251,1
1399282142110171580,1
1400107207419449740,3
1400568630802847291,3
1401922583163997780,6
1402562478203071894,6
1402720201198389232,6
1403153480948151569,3
1403474083172240256,6
1407898990122719140,6
1408130402113164546,6
1410300389944095052,0
1410718955471494909,0
1412353311269838774,0
1412633141756656461,6
1417465464347918199,0
1417543216500514654,3
1418139736332759562,8
1418902855891785801,6
1420175267541260819,6
1420460295446842254,0
1421160470312858386,0
1421247224835818942,0
1421976262831018925,3
1423417190956937014,0
1425913499988026516,0
1426249687575892056,1
1427775061685643812,3
1429669475270150512,6
1432749146023179247,3
1434230698191351137,3
1436474901703202928,6
1439556027908272637,8
1442285711741827077,3
1444112223103731398,3
1444284131059584550,3
1453095160807704531,3
1454842449899266091,0
1457772626057593336,8
1458713188727878675,0
1461024735745698387,6
1463443438501378994,3
1465825420171685223,8
1468176636734641819,8
1468958287869812471,8
1469431927032838198,4
1472940770107379504,1
1473949624670719319,6
1474088091138512260,6
1476319579521753727,6
1477943847288136654,0
1479005124303845704,6
1480148484064905544,3
1480423302187467596,6
1481463711619632744,6
1481617981195734025,1
1481900455537141945,6
1482455319689642560,0
1483694219884556894,3
1484124527687665743,3
1484149836938056556,8
1485857586388215629,3
1486168954602524007,6
1492281177112828059,0
1493135609633669369,6
1494209717308612505,1
1495031368235762672,0
1495359975996497502,8
1499023402106617067,6
1499310125704240651,1
1500772594412496655,1
1501924377119298544,3
1502824659242309856,11
1503597226630870335,0
1504547689884792787,1
1504839027012885217,6
1506270950246456139,3
1506697408328732571,3
1507351604047399633,3
1508601589785089630,3
1510647092495658548,0
1515423515697049488,0
1515603309402493912,1
1521357405418954115,3
1522728136077911316,4
1523056049466310240,8
1523685593483279429,6
1525050457449017576,0
1527112331967317846,0
1527547973809656597,11
1528078116812077719,0
1528419997324233177,8
1530169125564737681,3
1534098201120746375,11
1534711552298687467,4
1535526104389994591,0
1536478664219379993,8
1537477060937107206,3
1539273587681242412,0
1539602907889201864,3
1540682700808261265,0
1540912107747318656,8
1540989756366686438,0
1543605971733759530,8
1549832952118614534,6
1550744018955338831,6
1551187502301450182,0
1552021249623837185,3
1552036799017744207,8
1552635021201173281,3
1552702526547099258,3
1552730091991617758,0
1553052731756617686,3
1553363401463370275,1
1554746057311154796,6
1555060248168941006,6
1556780944243046631,3
1557192956617545461,8
1558192129233782487,6
1561972787651068471,3
1562752253949986525,6
1565068048945886054,0
1567672661223684990,8
1568143638782051785,0
1570874642204428175,6
1572678816876531822,6
1573608578711815489,0
1577947480403092035,6
1579508341024411853,6
1579812706035978430,3
1580501375295633064,3
1582145719747166521,0
1584773483853172650,3
1584875356011163810,4
1585294552577778268,0
1586164007556399766,8
1586819352874547301,0
1589726665419781670,6
1590047200182393352,6
1591509493560409183,6
1594512240431529733,0
1595098148341267217,3
1598851779650365034,4
1600424523535437568,8
1602133112635742618,8
1605246138703874983,8
1606035298045716972,1
1606084943500390378,8
1606833874280171349,11
1608228073425061762,3
1608861295688391136,0
1608950121007928488,0
1609058299258913739,0
1609493842903876450,3
1610405797307747456,3
1612037868548734444,11
1612456805751325382,0
1614824087508943814,1
1617797730093115295,6
1617918704428964385,4
1622685248273194080,1
1624195700185873420,0
1624274899559930084,0
1625108697111936189,0
1625440862298448841,8
1628589773191294174,6
1630782823490154104,0
1630924669168760033,8
1631317761181554175,8
1631642677608894197,3
1632437465538449019,3
1633403445702941898,6
1635047757989557607,6
1640527481363802410,3
1642312425915239312,0
1643505071868274657,4
1644050603699733249,6
1647883890765142084,6
1649275406473180333,0
1650462580760231035,6
1650799887043004751,0
1651048940955539178,6
1651175368367382039,0
1653637982679132034,8
1654611257590636641,6
1655560053514668509,0
1655717928141047236,6
1656679012419313276,0
1657338815975475142,3
1657411124077764356,3
1661908884912462206,1
1664341990403251177,6
1665003518620617928,3
1666332920375683429,0
1668006314570188871,0
1668047689932174772,1
1669695457164967652,3
1670122117222979820,6
1671779663447174401,8
1671930708403290101,1
1673298996520577719,0
1673652596117499711,0
1675719383070878803,3
1676034938977203740,3
1676396151330963057,0
1676767358805387735,6
1678700155986778710,6
1680890269679867152,0
1683223657171961729,6
1683999631009158530,6
1684134505299265593,0
1685840213186748496,0
1688745690336219468,0
1691061922292616654,4
1692120908097027760,8
1694784607440106362,0
1694882228833358041,6
1696895825834834630,4
1696901510261744230,8
1697001235822909764,3
1698884477043736422,1
1699469490310856220,0
1700593231658937130,1
1702271892792890086,4
1702691228155803995,6
1702726893392760763,0
1703908075796215931,0
1704235708973385934,6
1704830090636869434,6
1707208709130790056,8
1707314394955652357,8
1708864198261840848,3
1710642404128071773,4
1711713439105883625,3
1713698342854462961,0
1713775507701547377,4
1717924900448473762,4
1718275609302096520,8
1719103566429939821,3
1719451574625225409,1
1720374673378191067,4
1720748113879132740,0
1722078413504336531,8
1723974045024474520,6
1724610598681804107,0
1724937431375222475,0
1726633583079685651,0
1728730014063263606,0
1730002942569275069,6
1731882498019314573,3
1734098528868686363,3
1734169807458929952,3
1736556131251685830,3
1739798433352216695,0
1740218372131864917,4
1740971769517518075,8
1741192313812062515,0
1741336079873745555,6
1741862526543097830,0
1743041475367814062,6
1743445725033766506,0
1744631284985875632,4
1748435502479091375,3
1748461913826198577,0
1754713393813527274,0
1756386157744563844,8
1756534189382373612,1
1756734516760509560,8
1757991970727303277,6
1762277811577798332,0
1762543361203132432,3
1763423430894029656,4
1764159469754421012,8
1765025766262662777,8
1767067222708303329,6
1767596047627809696,6
1771811709761637109,3
1772477665495892854,8
1773971505760178377,8
1775724589803596520,0
1776022044993388012,8
1780927662527558413,8
1781214528469850343,3
1783990817422025294,1
1792355455084057271,0
1795987805607862036,0
1800592057550870379,0
1802024797475971859,6
1802198179058050564,6
1807590704971347594,6
1808955502422029735,3
1812197511621757996,6
1814813250631859247,0
1815563099310760915,3
1816288199659072020,6
1817479203249960306,1
1819576092045211399,0
1819927269306308114,0
1820678121650714745,8
1823402370540292501,3
1823406420132221228,3
1825321092983959489,8
1826099112132580556,8
1826112467180103611,0
1826707765281800911,3
1832888410618790020,0
1836315969441717271,0
1836316053114236725,6
1837569620739949312,1
1838378414356091255,6
1841589787448599322,3
1842861778483281247,0
1843410922565146904,1
1843836074473319478,0
1848422228553492293,3
1848663782501785097,1
1850750538168192013,3
1851362687750819895,0
1851517728244441081,3
1852604768838050637,4
1854367132018297629,6
1854535313135570869,8
1860306388167628507,6
1861685345377359493,0
1861693813588074078,3
1863149292901489102,0
1864456869783510505,1
1865953191447352631,4
1867790078461510406,1
1868263223656221380,11
1872999862603213955,3
1873255094910695255,6
1873423893327244914,6
1874010307074894308,4
1876652281387552446,3
1877206842059209018,8
1877284863568804907,3
1877865204062154064,6
1878168171092828029,0
1879608954003420256,4
1882219428508426257,1
1883966633184780393,8
1885202246542420947,11
1885441438891385427,4
1885634070068644145,3
1887089008132902182,8
1887159647994370301,1
1888344106553545398,8
1893791533439338147,4
1895934239229256021,3
1896783242675388497,0
1898755496624370574,0
1900802926280910100,3
1902786715283151952,1
1903429521169518417,1
1904391731419341313,0
1904677465408492507,3
1904981051948779348,8
1905451561205801586,0
1905961775651102101,8
1906496212960668441,0
1907193123990348590,3
1907306695480404236,3
1907424201600147886,3
1907660568110402188,6
1909869273728088921,0
1911602463151612525,3
1912823768013993568,0
1913404323370443729,6
1913824175079070137,3
1914565751112860098,3
1914952405245748453,1
1915287566632625457,0
1916720651167923562,3
1921186031100592874,0
1921555273288631870,1
1923831405991511210,0
1924200716238988298,3
1925399132161054872,8
1925747169931006019,0
1928475119827274132,0
1928551265142576800,6
1928855572515830103,3
1929098561573749039,0
1929923482058267443,3
1932174861133486604,8
1933314065197327322,11
1934654122197815222,3
1939605521067937164,1
1939964229907232824,8
1942337671246499655,0
1942665498563454408,6
1945524833632684546,3
1952954543119917405,0
1955125484433273064,1
1956235699312731515,3
1956540255745847187,8
1956647105971759272,0
1956968779188106512,0
1957202921992586783,8
1957689027659034777,0
1959084229543324224,0
1961727590564963069,3
1963738726988386898,1
1964039537840940646,0
1965504640611249823,3
1968107584907454835,3
1968340316320510666,3
1974206758520529039,0
1975357026661510621,6
1983410818825743246,1
1984181958955618462,8
1985708466546456106,4
1986112558741936483,11
1986752161760913550,6
1989383238654769566,4
1989456096072491782,6
1990393838582223503,8
1994415615971900757,0
1995466250454754082,6
1995776308554821737,1
2000764014620843792,1
2002803993456999401,0
2004766715826639228,4
2008034705639291864,3
2008164828499250453,6
2010307199180977370,6
2011503644057120470,1
2011666178991681310,0
2013325748856732111,8
2015536727880336194,3
2017950128926499768,3
2018472970914441524,6
2021545633205519123,3
2021907227533305485,0
2022903472693746773,8
2025529859349216485,0
2025838502597611983,0
2027024852066927228,0
2028645698615825147,8
2029032747879738172,1
2031701502244216901,3
2032277326840431365,3
2033335830583491491,8
2033498343892115158,3
2034003639939098324,3
2035360809852889117,1
2036967860853306945,8
2037156072505958301,0
2039584846238387661,0
2041939528483770920,4
2043246574008345667,3
2045593751673300648,3
2045660540849447480,0
2049183340162335850,0
2050460308850640756,0
2057162200061970174,3
2058488396386818528,1
2059146012062963922,3
2061296703287012520,3
2062220460445583541,0
2062596298896532836,6
2063599757779985881,6
2064334305588102857,6
2067114864290868805,0
2070012900578243076,6
2073343217176603544,3
2073629213883465855,3
2074226043368943492,0
2074427905298698331,11
2075234716713999208,8
2077446791823894955,3
2077675074265783925,8
2079205970603376940,3
2079229078091394711,6
2082187401605726157,0
2084103361153207519,8
2085078540799435214,8
2085377441555435851,6
2087483762587332298,4
2089023342927863523,0
2091682186088527221,0
2092443321497050156,4
2093193808856803892,0
2093688370332985110,8
2094150158052318260,1
2095291244735082923,0
2096692261399680562,0
2097776303992331562,6
2101421776918109477,3
2102593185110930184,4
2104310883434933536,6
2105437980594167184,11
2105954233593538826,1
2105991747643838891,1
2106560476982252490,6
2110452663381380680,0
2113659116509335245,3
2117488916090595969,0
2118320314196721377,6
2122546631085984979,11
2122673086016825998,4
2123024774063644182,6
2124858109994071763,3
2126473790907914143,0
2126930848965301141,6
2127167016354103231,0
2128110944185709079,6
2132282446072347423,0
2135681671508330949,0
2138649322540160374,0
2139464308932241981,6
2139489144633435833,4
2140063695315081768,0
2140278527920638768,6
2142220638929668193,3
2143227147167165685,6
2146952812256915336,6
2147199249061343193,6
2147673334368300156,0
2148039512317866463,1
2148716250094046886,3
2150948405211353942,0
2156059866063196176,0
2156437027878493054,6
2157565120496998994,3
2158956783647075201,6
2165415741565071813,6
2165598980773877775,3
2165790865555143336,1
2166735146257628930,8
2167152809957302014,6
2170329547172630317,6
2170955811077183185,0
2174973078682863102,3
2175164395558396662,0
2176058093759919578,8
2176170802710962294,1
2176297722152724300,6
2177935763738414847,0
2178658399103082102,3
2178929917074703325,6
2179150874479159459,0
2180748847154356596,0
2182895886685507319,0
2184035180498068953,4
2186267422885389624,0
2188477302648492968,3
2188903667231824335,4
2189385080363365813,6
2189606124343287176,0
2189616806076056370,6
2189669101340802261,3
2190253792303621184,6
2192611381585713039,1
2194818333452990496,8
2196616029508218356,6
2205807662335709132,3
2206205674325768812,4
2207843625955620942,6
2211457997564676265,3
2212053047753585586,3
2212293790647996843,3
2212477737336672295,6
2215391808201681453,0
2219725703168043613,3
2220798356678254299,8
2222634458409568460,3
2223478163450684938,3
2224603516228853228,8
2226048152998482155,0
2226405088333404976,3
2228804739584969578,0
2230283508862015229,6
2230547283770370549,0
2231267311025685342,0
2233561923854327705,3
2234050286242717580,0
2238088946334932452,3
2239329595715656408,6
2241674961548011202,3
2242923827113326597,0
2245941246124049271,1
2247907658325793697,6
2248202634986994229,11
2250112775528977572,0
2252756243225057704,3
2254481972833382718,8
2257467649940884755,6
2257904865158410145,3
2258005296838850465,11
2259012819544648645,6
2259687652491765879,3
2261330453935422287,11
2262085291650882708,6
2263475904343797780,3
2265323277046402295,4
2265533998626337962,6
2266172655569675627,1
2267455051618617693,3
2267570612745326535,0
2268800580459058035,6
2271144854580363063,11
2273334621242106674,8
2275941700084651256,11
2276539812702297032,3
2277273408542729950,8
2284093552170284126,0
2284641128798464900,3
2284774539144045138,3
2286526270465387223,3
2288202194796303935,4
2288336013785136973,1
2289858423495716496,0
2290923555028290920,6
2291771455830163351,8
2294076684637152153,6
2294896677638568589,6
2296717105865974160,3
2297145385235086288,0
2298161404568693089,0
2298162104320157396,0
2299303233911753627,6
2299327360406878240,3
2299676444680372121,3
2300205311973847789,0
2302793956334441632,3
2303949837081403941,3
2305044551910943801,8
2312679955495839894,6
2313280185287975654,8
2315144762420848627,1
2316306390693545086,6
2317062578579088084,0
2320477498691097561,6
2323391683345232721,0
2324472002316974185,6
2332684999264937106,3
2332793902956241572,0
2333052377492375092,3
2336034940071303141,6
2336962819994586155,8
2338485875357698465,3
2338620841917554478,11
2339749851090560331,6
2340185406486801429,5
2341887549040438913,11
2344438813772035430,0
2345391833227200359,3
2345487607101465338,0
2346655780352102086,6
2349183235264582421,3
2350951381423084041,3
2352796800345542185,1
2353471331343793551,6
2353979918958276068,0
2354752253480687604,0
2357868004461298724,6
2359492765981953422,0
2360091197416227915,4
2360897282061639971,3
2363768427313656628,0
2365539231271403727,1
2365568999570551425,3
2367297210334841017,11
2368394750117213552,3
2371088890719789623,3
2371916375045740919,6
2373218064980559375,4
2373244896005672719,3
2375712529737573103,1
2375986337494027240,0
2376470489622906203,3
2377704949430556523,1
2378345141325651935,6
2380775154966815858,6
2381542458125053098,8
2382298294077950351,6
2384016608757456393,6
2384266030667751913,6
2384697820059449479,6
2386572402473130282,6
2386735103788394400,3
2387883675377743493,8
2388211270595122354,0
2388607562413135371,11
2389067128905985754,8
2389310917442476015,8
2389765138302410271,11
2391757758397659667,6
2392228824231959236,0
2392493625083921401,3
2393588761170107463,3
2393619025555936061,3
2395374431098672817,6
2398101806961112338,8
2398564323481808503,3
2400489953162754297,8
2401776654546330666,6
2401820576897439506,0
2403040832675443491,6
2403374163454772485,6
2407356029255239411,6
2407428320835978489,6
2407549985686240291,0
2408510282431835040,3
2411881711617188679,11
2413946332008720001,6
2415072976525336010,3
2415622095534006294,3
2416651879304095261,3
2417363731073344373,8
2418859370505741698,1
2418885836118545260,1
2419438825076638425,0
2419817962643184583,6
2422779824388169581,6
2422919360811368763,1
2425350769223788677,0
2426127277203183376,0
2429961036831384938,1
2431749784966993954,0
2433455905464707000,11
2433918422656405247,6
2435814695591604877,1
2436358378892433993,1
2437882508494716149,0
2438217770491283500,0
2439731967366156660,6
2440159579855398689,0
2440304086928405116,1
2443231155257961181,6
2445399934794083798,3
2445943067035304233,0
2446301639032549021,8
2448043088424722759,0
2450946616099234310,11
2451643809811370241,3
2452865034530272980,3
2453539602381561469,8
2453693887431218179,3
2458020460306154509,3
2465367120046703002,3
2465764068194463148,0
2466263371975902391,3
2466553011951045774,3
2468407162668753567,6
2468439833353548974,3
2468829950721891636,1
2469227365814710495,8
2469752530931673615,0
2470019366374292456,3
2473666055746476585,3
2474585692540092768,0
2474736327223343217,3
2474842500284553442,3
2475271798581452842,0
2476191238512954300,3
2476616515077655771,0
2476689748046745669,3
2477683857062696782,0
2479126037372872006,3
2479966444743694024,6
2480703269938032342,0
2480908349943594044,3
2481072036609360446,0
2481181936703002732,11
2481841859888533717,3
2486059398201695116,4
2486178942380652748,8
2489199918193182473,0
2489882700357182381,6
2493860718928850842,6
2494849874501428536,3
2495245658821722888,6
2498541422794599695,6
2500740688069535063,11
2501101555041044631,4
2501363962072001777,1
2505967026274475800,6
2506353058308083051,3
2507062370770168705,0
2510910800952868218,3
2511946804126384189,3
2512112915194385589,6
2513490816611811010,3
2513530581800668863,8
2515787572899328268,0
2518005448281327092,6
2520814053517564132,3
2521483181569498059,6
2522553781740514003,1
2526469856489399939,4
2535147714839984699,4
2538330115610640105,3
2541146452374077213,3
2542373962323809409,1
2544949273943976165,6
2544960065880011612,11
2546175374875445785,3
2547172245025832635,3
2548214561544644924,6
2551439694612023969,8
2552114471098990358,3
2552189167746760915,3
2553461867104220550,6
2553597453124688413,6
2554259425518533766,4
2555158078822836782,0
2556098072114693924,6
2556292205766745959,4
2557170813156424883,6
2559345275169549675,3
2562289972496646768,6
2567187868032985913,8
2568027519390507030,11
2570095292916904228,0
2570325950588699071,6
2570384419792785034,6
2570776714084171401,11
2577115875800504003,1
2577459366636701022,3
2577662441422816060,6
2578264303077054564,3
2578436873530549139,3
2578540363059458824,8
2579618578559651295,6
2580538676052527085,6
2582551185991706301,0
2583988860447340029,1
2584652867004001280,6
2589739521853512495,6
2589871736430447515,3
2595420456867708127,0
2595953429808446226,6
2597486752953940546,4
2598376070765762328,8
2600312188744552551,3
2601797023831899313,6
2603599708920361102,4
2604571517303365272,6
2604902477303010354,0
2606680569163547618,0
2611197404604164778,8
2612558303923796328,3
2614246414315965103,1
2615987131241288380,6
2617338646773367712,0
2617860886810621707,6
2619476710612983488,8
2619782765622369790,6
2620257765301992273,0
2623277311819498725,6
2623794481914235288,11
2625135576746548379,3
2625332587245445284,0
2628481384952850963,0
2628862621707243805,6
2629708418686337470,6
2631203309690589892,6
2631851236934919649,0
2633149691921367515,8
2635118311038381031,3
2635333553210773726,6
2637530238382016176,3
2638635959137373780,8
2641710527218309193,0
2642213440481441118,8
2643303785797886063,3
2644564014621816619,3
2645168562559679722,8
2645908448713321825,11
2647509525578243100,1
2649907650108106408,6
2650492907344860627,3
2651783283748754274,6
2654016902986803151,3
2656567177850237095,1
2657202774315884653,0
2658647711710259267,3
2660262152220149277,3
2661732030409671846,4
2662330951947473714,3
2663773345493262094,0
2664221624579178261,3
2667274911210549866,1
2667850971314692810,0
2668186753371677320,3
2668205183285489044,3
2668745971007278566,3
2668830163598360993,3
2669309072593253870,6
2670713949484884222,4
2672289226641640841,6
2674471354810383426,11
2675334988370515045,0
2677222417889199862,1
2678995992494130687,0
2679116441376767148,3
2679774078131336707,4
2682118814882387431,0
2683527551341344051,6
2686449332562697432,0
2686472188488199157,0
2687203326144486971,8
2695271377505791120,0
2695634490352246691,4
2696831547332047711,8
2697153263424907613,3
2698038155737124856,8
2698265434426124890,4
2698627825659590062,6
2699669830490893274,3
2699942550968513028,8
2700422122823758272,8
2703218257114046060,6
2704162158925451574,3
2705431515829164301,0
2706439524846343400,3
2708521291191538674,0
2709989980567383975,6
2711184988991466059,4
2713340238387014659,6
2714626853584030316,0
2716424679795726627,11
2716430155308830846,0
2716846101164188111,3
2716942726392968737,0
2717166029991252350,6
2717230965853324548,0
2719462472781587238,0
2720426046821789308,3
2720530448709127402,3
2723945438567930404,3
2725068044394370502,6
2727049404584016038,3
2729099960266935034,8
2729511705010787421,0
2730016080934615712,11
2732713790634436404,0
2732875084444825581,0
2733286910091558656,6
2734330526163560844,0
2734495208521079820,8
2735204420813474626,11
2735662966129326315,1
2736251498135196075,4
2737300285716600009,4
2737401460251157704,3
2737707029316521665,0
2738296038705995926,1
2738331446954430180,0
2738738718933811356,6
2738747602537752148,3
2739297284459191336,4
2740710777395401853,11
2741965161086243141,4
2743928369522963660,6
2745347767503027961,0
2745694159456340241,3
2749026664373761648,6
2749669745210823240,0
2750467282500573072,6
2750682976421149482,0
2751673605915778661,3
2752229798731204821,3
2752585171673552384,6
2754769688095705925,0
2755236264523973139,0
2756236679303665228,6
2756921036181439171,4
2757206821852498647,8
2761057302113722595,3
2764024651408728769,1
2766125663489425683,1
2770448886542057411,3
2770641197125886344,8
2772740751773393577,0
2773180321835256825,8
2773678078530480677,6
2774162103548286004,8
2777547556189502259,8
2777911291637259627,6
2777970859928431844,0
2779194583242890821,3
2779379770011129348,0
2780847014176673561,3
2782231623659908219,8
2782423747692739707,3
2783355208745751203,4
2784084578095654465,6
2786892470090975874,3
2790786256780786402,3
2791039743624304402,3
2793892834870615869,6
2794047580856384267,3
2795053669030141036,1
2796174806677199787,0
2796370224911337707,1
2797439581712079206,4
2799848469689628758,0
2800773934853039171,4
2802156070741272043,0
2802509071137999539,3
2803179648966342556,1
2805248317913227771,0
2806786215629483376,4
2807291142570597968,8
2807705456346362092,0
2809346034260920835,6
2809611582004032667,4
2812507615958193281,8
2812627854698413854,4
2813520186523089954,3
2816613690376186665,8
2816711625709420725,0
2818011317480225902,4
2818843296159218966,3
2819053112992845296,8
2819642005003978333,3
2819740603479754270,8
2820521232988231385,11
2822979912588234592,3
2823675744318711251,4
2825249954782671004,3
2826030559466716719,8
2826659282520826302,0
2829852410706260598,6
2830293618804246217,1
2830693646220526269,0
2832388045942608634,2
2839618602304635665,11
2840381344531092349,4
2840824962962521744,0
2840835170331595878,6
2841251640351657030,0
2842369144079710388,6
2844700936280949908,1
2845421608049079299,0
2850148088924785653,0
2850292588922659879,6
2852689093829315249,0
2852999351154009117,3
2853554598812145527,11
2853794669242563744,3
2854158054056648949,6
2855031909744916101,1
2856738968323370295,8
2859481145020512122,3
2859857232756847937,4
2862731102368074431,3
2863764524369957130,3
2864089936989307306,8
2864450982410386591,3
2865299799725144756,6
2866521868138735207,0
2871549856549947575,0
2873950023833424461,11
2873968755439459211,0
2874580319712868532,3
2875463291108007839,4
2876583148427256563,0
2877872397208589852,0
2877877173978641308,0
2881694594531087848,0
2882635806740578065,0
2884407726542982840,11
2884813675120864357,6
2884895895638896989,11
2886048535175099426,6
2891916942153789820,4
2892401576441345910,0
2896390439591660779,3
2896782034597806562,6
2896828557769860537,6
2897892500649029418,6
2902523569048833216,3
2903270600911141227,0
2906729752092675040,0
2906769584486797778,1
2910957408622397211,8
2910997061721980351,0
2911506888231707531,0
2911559658498154103,3
2913732827828565429,0
2918408475086054805,3
2919597926202949292,6
2920777645174240576,1
2921131800553640617,0
2921567543911246033,6
2921683598548726564,1
2923327197562169032,0
2924890490031631394,6
2925265699380161403,3
2926475833166201576,4
2927462384795457249,6
2928036912440676543,3
2928591792757310890,6
2928690555251770634,5
2930723666618358337,3
2932425523370487977,11
2934742058265355849,0
2935157324804064684,3
2937445538604409706,3
2938759975740140662,3
2938872192037015982,6
2941433756209890833,3
2942879254422706526,3
2942936127925517624,0
2944081537561523757,4
2946162138886070276,0
2946564165395700766,1
2946872288365172379,6
2947639703739590174,8
2949871160991841457,0
2949889663508022394,11
2956048556301134251,3
2957297329686054386,8
2958785659631646678,3
2962798700095062951,0
2966329344673275999,3
2966601188555895583,8
2966639457957050889,6
2966659431557036648,8
2968504659039077677,0
2971424374066128659,0
2973623913809992234,11
2975278377262574146,8
2975506313921274364,0
2976557471089117954,6
2979009953838351868,0
2981676455255522257,0
2983443260453445860,6
2985365862905780397,6
2985612137550569836,6
2990739585981057100,11
2992389701789334448,0
2992543418547802056,0
2994704548934240557,11
2994936299752598637,0
2994965409909862534,6
2996863951700138876,1
2997214981138726944,3
3000644431411365543,0
3004345169311090065,8
3007443556085421014,3
3007985828687773784,0
3009462645610921911,8
3011929072327444062,3
3015596699773669918,0
3018736627850445359,0
3019019640570505992,8
3022530829364956077,1
3024854843111630263,6
3028018915960982488,0
3031153185027547848,6
3031190505447070635,6
3035820169070391860,0
3036249221093441650,0
3036603747764053369,0
3037638270387155749,3
3040275310627686146,8
3041842189638232351,0
3048719063272391146,1
3050134249169418639,6
3050388527345234826,0
3050642855880437763,0
3053231712287123757,6
3054166077600310251,6
3056241650801962094,0
3057389615784237351,3
3057845822257859655,6
3058460511482290595,0
3059547476746430734,6
3061634526039337976,8
3061937980832296286,0
3062616947360125296,3
3066277845151787468,0
3067750841326868216,8
3069040648950510937,0
3069703144109313028,3
3070394288562000197,0
3072944663091720185,3
3073949077056584164,3
3077719508905516125,0
3078201362754459703,6
3080672003486811601,3
3080731076946261885,1
3081242804264640787,3
3081505097325331819,1
3083846509485759214,11
3085641870229674966,6
3089477632192537235,1
3089687602551451058,3
3089979495311416152,0
3090302851835014282,3
3090641485054452497,0
3093127367153705019,8
3095822750398949393,6
3095876562746173469,3
3096596745154571730,6
3098298629081734012,0
3100899914167852168,6
3101159173660100865,0
3102259316079710822,4
3102321705194929294,0
3102755127307027778,0
3103076086309844818,3
3107521534415119817,6
3110084080572989410,1
3112091861814125738,11
3113187662971862068,6
3116181370470051991,3
3119141036030230833,0
3119167311374809261,1
3123529609993550190,4
3123672648848330955,0
3126660027015707905,1
3127348697609055469,3
3127679411879502141,6
3130022782064809664,0
3131297386699149560,0
3131803997072173685,3
3132545727832684036,3
3135887478070272548,6
3139272555321562416,3
3140475006338033627,3
3140703327747755857,6
3141182836159318943,0
3142633448297518675,0
3143034735452677136,8
3144249628859093885,4
3146803514113797560,0
3148186072883764044,4
3153008129828246997,3
3157826583156273738,0
3158783453327631812,1
3160228176042876694,8
3163677143394922629,0
3163974910583837515,8
3166815381701557749,0
3173311562131740481,3
3174048716972313072,0
3174543279132947259,6
3174751483965949562,8
3178023607605061252,6
3181372051403023750,0
3182269483689334121,0
3185804143412380914,1
3186477899896602251,11
3189160191230702786,2
3189234281010817232,11
3189742160502960892,3
3190341781886752703,6
3192474683044553552,6
3192813848707969317,8
3194785644058082005,3
3195492135690981750,0
3196212697203488389,6
3196542247969442159,6
3204368503782780363,6
3204685320797844679,3
3207001413581596694,0
3208360679118397694,0
3208403040294893053,6
3209890783075391331,1
3210984681577434388,6
3211379818880198801,3
3212469179042702177,4
3213371024801981082,8
3215375781327994097,3
3217759778626651788,0
3223419307451248881,3
3223727302078111600,3
3226167313525857631,8
3226187833243120941,6
3227397243213221105,3
3227837651919588650,1
3228013171659194424,0
3228481612828272122,6
3229764436366547385,6
3230416063986056637,6
3231304149867543879,8
3231345947112055174,3
3233444750029041075,0
3234830704415668534,3
3236166133669552860,4
3236494291899365914,4
3236905461153191742,8
3237837989239948925,0
3238949950559402016,3
3240721328400494914,4
3248454872846854667,3
3248625504725572992,4
3248762814761698381,0
3251765155212675925,6
3253345459862077871,4
3254937414190156461,0
3255953357567214435,11
3258619866333735720,1
3258685449729979009,6
3258686562634200056,3
3261715694437905825,3
3262604980243418351,8
3262801690890853562,4
3262852143960214717,3
3263174634108267776,8
3263412819430375368,0
3263811727437683932,8
3263978910567145756,0
3266857045866476232,6
3268477401150427764,3
3270178424089668497,0
3270879782587747602,6
3273456131885778692,3
3273493110603006393,3
3273676435918684072,6
3275234087045452605,1
3275292743898793263,3
3277363529599314461,3
3277496309970356926,3
3277929332951673120,0
3278110567348896900,6
3279794569914277345,0
3281354808163544415,6
3281755063651510096,4
3283523978626586443,0
3283822176060314204,8
3287701860829581180,0
3287750984940068266,3
3288466185475317683,3
3288658872624126791,3
3289716633338885559,8
3290612898119130577,1
3292864774326747500,0
3293332632709051073,1
3294040193752213839,0
3294088371482001618,11
3295378383409941714,3
3295737872515632884,6
3297773823030811622,0
3299004469458274703,3
3300036585882136860,3
3300261704201746050,3
3301412676771969066,0
3301428181171336056,3
3302123583824605482,3
3302693976114651072,6
3304383109034748550,1
3308282337386037020,1
3308541964079647235,1
3309773617624921186,0
3311001182734352944,6
3311461718180475343,9
3312074111612665340,3
3315536185958536309,8
3316020475378914158,0
3317144142988816453,6
3321476105340840378,3
3321514261845209650,3
3321612802317930356,11
3325091410776175457,0
3325501893268984304,0
3328259754122900970,6
3330346922298364392,4
3331834872146796071,4
3331951376358937159,0
3332832812953170936,11
3334610880304401473,6
3336051220755109804,3
3338061113250311986,6
3339972090711154836,4
3342841682101865104,3
3343660078025160573,6
3346238655664267202,3
3349244925615213581,8
3351850799778328420,0
3352582811129901861,8
3353066646891494254,3
3353562301424885019,0
3354507336576497025,0
3355479396623190877,0
3357346725091159640,0
3357812815180190772,4
3358765551682097991,3
3361553356564187925,0
3362911273306490935,3
3364147244504644213,8
3365152276090434691,3
3366172171126199279,11
3367318872202918780,0
3368729281736867209,6
3368823931007773071,3
3369163439482268954,6
3370145841237803562,0
3371423567017506436,6
3374217880444090375,6
3374851549169676243,3
3376054589181354068,0
3377902161714457045,3
3378503945337641947,3
3378537125324228288,0
3378935304715900289,8
3380171770825711325,0
3381030911725573744,6
3382458523663702923,4
3383891180375921968,3
3385105343852245023,8
3385159549786450461,0
3386765805450534271,6
3387295944426573478,4
3387839675473728056,8
3388299470317930546,0
3391432343500546096,8
3391641649093277684,3
3392114575094615405,4
3393322584755353262,6
3394020401869191294,3
3395133518809630679,3
3400587510880777668,3
3403562783599621276,8
3405834547025610876,6
3406045191844164313,0
3406662469631379133,6
3418996237981684032,0
3419460536079678697,1
3421493409222410757,3
3422763609751864522,8
3424392022677316790,6
3425938806961834896,0
3427022074969539477,3
3433568873464998730,4
3434054944714762230,3
3436217822722405142,0
3437027121216803293,8
3440899043784500340,3
3446153521285539784,8
3447884879668134874,0
3448620939376193000,8
3450732981231262606,0
3451076340668682948,1
3451995367260809125,6
3454856020834730758,6
3455420048152391626,0
3456203377844364472,6
3456859139708970229,3
3457333109496784599,0
3459236949945272364,6
3459590776259717099,3
3461245867700762962,1
3461301893018158484,3
3462001010377919970,0
3462925360502583734,3
3463575559424200005,6
3464326320812082302,3
3464816291422953949,0
3465324629382013449,0
3465760609747421152,8
3466858188594183598,8
3467715961930972370,1
3469942766157446127,0
3472252421463278335,8
3473221768000158666,4
3476204018256066044,0
3477773006460763140,0
3478486409365849378,6
3478486975035882142,8
3478887896496510664,6
3483730425549177908,6
3484216171476178142,0
3484689664046260760,0
3485505292533517472,3
3487794640353474247,3
3488496132553314351,4
3493338934704034146,0
3494391604644521336,3
3494673187609737788,6
3495509168615792908,6
3496901350606879090,0
3497236094583490618,1
3500319162986162869,0
3501672100108745371,3
3502795935582081260,0
3502893995122488149,4
3503552614475989101,8
3504085354703800265,6
3506260656672745550,1
3507019424852324903,8
3508128384768900311,3
3508933566366192730,8
3509945927123466354,8
3510959106298778413,8
3511519168656408231,0
3512795912717946566,8
3513174273897104976,6
3513293704278041408,3
3516659745098354366,4
3520243677890637015,0
3525408970288152419,0
3526305887089294017,4
3529901904394843084,6
3534189322461673906,3
3534268014746215164,6
3536569435535246824,1
3537216438669839139,8
3538635970420149743,6
3539477549772036246,0
3539796524118759278,3
3542417819479993082,6
3542989406404689319,3
3544264386282012170,0
3545200708377402786,6
3545288555866186540,6
3545628569622555552,0
3546733875393412874,0
3548437661554275506,1
3550777661874506358,0
3552620246119618700,0
3555112835115566470,8
3557914126063085372,6
3559155440442196009,3
3563278015344769162,8
3563925584251306727,4
3564771071145140620,3
3566461586743003720,1
3566559770150004042,0
3567139720624041119,0
3567599173801406720,1
3568203421162510478,8
3568450388102883854,6
3569543379139551125,8
3570750915105748881,4
3580374192963815215,0
3580528313227876291,0
3580770618432771728,4
3584224065406961324,6
3584595338513705438,0
3587172446622284527,0
3588335575867559711,0
3589910721738655830,0
3590242852307275637,8
3592393096015070293,11
3593005091812289778,11
3594064500053542174,11
3595608790986508957,0
3596138384095296101,0
3596967336567909764,8
3601294872968203220,4
3601483599077788753,3
3606921972805681746,0
3607158671433150351,3
3608376740322928583,8
3609246077303546947,0
3609861160995603508,11
3610288459753766486,4
3610292639665143955,8
3611561719050808766,6
3612248761725545922,11
3613134620814156552,0
3614174219325101903,0
3614411929708791524,3
3614904092875425757,3
3615972148634213652,0
3618448739028582996,0
3620292859551389740,11
3620707062746525561,3
3625990710637304795,0
3627425967578725166,4
3627625008174164762,8
3628015604432727320,6
3636627451071911212,1
3638873731417143632,3
3640418781208675405,4
3643592059749701639,0
3645263486479434424,3
3646512937384656348,4
3646913771628089124,3
3649900970777760149,3
3651115544809815517,6
3651182646119041301,6
3651583952245400173,0
3652237036302677080,8
3655494542038150073,3
3655680866642217425,0
3656590592297179059,8
3662262632797031074,4
3662382203901704060,6
3662508997161823178,8
3662628695837082582,3
3663533240450687684,4
3664252131023958983,0
3667151322157774039,4
3667369801471944831,3
3667537636235862098,6
3668622167527645692,8
3670054871781781264,1
3671420799811003589,8
3671962711654107830,6
3673675130220675796,8
3677195795840632685,1
3679125811338455652,6
3679778751499479168,11
3680251767538222073,3
3680585456255420587,8
3680829765468634447,11
3684381485428178137,3
3685862930729626235,0
3689323926200687074,1
3691610797572744293,3
3691800924039309052,6
3693472505935268065,3
3693837532799576241,0
3695457304136720391,3
3696334728148948171,11
3699529877055547849,6
3701443208382327429,3
3701468659503837314,6
3703211096265336789,8
3704743609855223075,3
3706345824669489425,1
3706578540397408580,0
3707136813897643803,4
3707329262650107169,3
3707548703317650926,11
3708679726899046099,8
3709643589615046481,5
3712394576054030691,3
3714164441243136257,0
3716524081985678651,6
3717021774853363536,6
3718492425007353739,6
3723569970655235256,0
3724078264647465008,0
3724692514200365596,3
3726298075840665354,3
3726486212536684301,4
3726992320454016827,0
3727001279405803039,1
3727806470080368989,3
3730572477717588081,3
3730636390489720702,4
3730717291493080652,0
3731756724515693342,11
3734148252093545748,3
3734693833866492487,0
3736320117775128813,3
3739737135169277699,8
3741706584503316902,0
3742575810908601501,3
3742627872241597237,0
3743052710777954287,4
3743709390372113746,4
3744506657407721655,3
3744540113361325826,1
3744581156597263523,6
3745645457182036181,11
3747594605950601797,0
3749638885303349798,3
3754502887435633200,6
3759939198869992034,6
3760974526630799393,1
3761366329829884360,0
3762321777878708156,3
3762733665287740047,0
3763273604905372631,6
3764859573050572870,8
3765814398920395919,1
3770063563961909008,8
3772703027926624247,0
3773788001864047190,11
3774394060282497426,6
3775386952481575106,6
3777772774152601430,11
3778032249093200179,8
3778232642917876181,6
3779392820465064636,0
3779672824294479030,0
3781888503286338379,6
3782601689695357337,0
3784703339574631118,0
3790030192985372013,6
3790282059817055037,3
3790899075470330091,3
3791979416969151948,6
3794058749715905310,3
3794244622820336737,1
3795086899502478043,6
3795526132190501980,4
3797570150309008030,4
3799841181852134703,0
3800123047895759526,0
3801726460973997573,8
3802049914037350889,0
3803600483954025210,3
3807187903307242500,0
3808879918036184144,0
3812373215930188310,0
3812523121999371839,6
3813114133944383323,6
3814857950856648292,8
3815824025917063521,3
3822215848982254022,3
3825149932064591276,4
3825712675792202165,0
3826732752219387857,0
3827583732681146445,3
3829676151120085018,3
3830153740392079438,0
3835177716961111971,6
3835785309090612020,0
3836948112336396596,4
3837319657959975590,8
3837578822001924745,0
3838187402792245319,6
3840060295272036013,1
3841125469526300798,0
3841189763852653442,0
3843260305349459648,8
3843335850223398517,8
3844292022306268975,0
3846740558310594688,6
3847175195592933257,0
3848738266379327559,0
3849121199623762417,0
3849538507724163385,3
3850384926545709778,3
3851923145640591052,11
3854539282656807587,6
3855225563803530586,3
3855404920389499437,6
3856514392260632824,3
3857345707643184451,0
3857368800593817488,11
3857418716846975890,3
3858688815345846295,3
3858821904894294369,2
3861031900099743767,6
3869613401843154269,8
3871883461847188190,0
3872613695006083881,6
3874080546125450444,0
3874529700922305753,3
3877086673868729734,0
3878909874943190649,3
3879251304559149698,3
3880167365583667205,8
3881691536513032228,0
3881968576815915544,3
3888635850409849568,8
3889279449749280807,0
3889689008984678294,3
3889822006396623130,0
3894728656701939819,6
3895309132010913366,3
3895412264345504589,3
3896329093195391711,0
3898904069515485079,1
3899470887292960604,0
3899910214759604449,4
3900001933500140138,8
3901501681176024175,0
3903080110759277973,0
3904552569093584971,11
3907620519002497721,0
3908011982080605582,11
3908275394741873054,3
3909212308531683032,0
3912214204898152284,0
3912744753805922385,3
3913374134303950616,8
3913570633115027799,0
3914789558221625036,3
3917999215183580831,0
3918307604241872127,1
3919255020833576032,6
3919358483622096739,0
3922792859918561350,6
3925817027210743826,1
3928075872836883950,0
3928660122009128821,0
3931129126460398940,6
3936445643715333982,1
3937154900774866896,6
3937647256697820779,0
3939286219686894356,3
3941904530290012207,0
3942781480223997963,8
3943062846604469353,6
3943152616785809300,3
3943422348626274689,0
3944526612129397189,0
3944580808029935276,1
3946691018750197636,3
3946874828951868829,4
3946922974612926085,3
3947106522258141922,8
3947935027819481801,0
3949821607493928322,1
3956546502399895284,0
3958128381175913794,3
3959108323160968259,0
3959135439548636925,3
3962173787298929996,3
3962200795500094197,3
3962785097813307125,1
3964646836013356575,0
3964831346611053751,8
3965791480337881110,3
3967715091131344130,3
3969375516256881411,4
3970161090876979189,8
3970636432016012932,8
3972515802785181477,3
3975170795687811349,6
3978067691161400308,6
3979285085445334345,3
3981517994928723348,0
3981616098709901202,6
3982219989412687689,1
3984550982366913425,0
3985503797676758894,8
3990705681559988504,8
3991288654265301939,11
3994258342084581665,6
3995420485491092886,3
3998993122839067443,3
3999019886473558877,1
4001758213476278045,6
4003099561917171184,4
4004336779878222763,3
4004580987149284213,8
4010936997666386560,0
4011809579485362960,1
4012920841411290814,0
4014512621184136109,6
4014526766984986879,3
4015955555587899114,3
4016296645748896728,8
4016940688364094070,3
4018390986656159505,8
4021941097970058929,8
4022819826387345773,6
4026256137300720671,0
4027317474470447486,4
4031503494680252813,6
4037529514678088087,8
4039583743178560287,3
4042549065887472735,3
4046723686541387079,4
4047272842273234892,0
4048385908471538992,3
4049021485713498915,6
4052057153792739464,3
4054061801436713948,0
4054563657479383039,3
4055748641189666256,4
4056611704148637674,11
4056659456033017036,0
4058146096073345523,6
4064951133720898961,6
4065231815205215963,6
4065840282595098869,8
4066061011255450889,0
4069553039505384779,3
4069624653932564389,5
4070300567773653980,3
4072052863485200745,6
4072803432715832753,6
4072892284567994678,3
4073811132853216358,3
4074032576123267354,8
4075066267290052516,1
4075161709036730296,4
4075612420384039974,4
4078394918586487880,0
4079316770390028641,0
4080673190728416253,6
4080768172434277713,3
4082301579529063863,4
4082959047715770564,3
4083330530476238167,3
4083668073661793045,3
4084782371647335742,0
4085933465992995945,0
4087132034367978207,3
4087745973692831209,3
4090792764472883152,6
4091620449738795496,6
4091833729151894583,8
4092728321319769212,8
4094333942426986496,0
4095033250723421518,3
4095326263134072353,3
4095464786534179659,0
4098532420907418423,6
4100385849809141638,0
4100585830506454327,3
4101213402170984723,0
4103363414290027433,4
4103989447336173713,3
4107508529816939619,8
4108298060143333089,0
4108999018696993248,8
4113612164963756585,3
4118367058405304151,0
4118598497006001462,3
4120365941627526400,3
4123833541684540630,0
4127723053999939825,4
4127811737640671260,0
4129044506104250129,6
4129108331672607244,8
4131216288672585400,3
4134497333741258928,3
4139607488567449083,1
4143098561989290057,8
4143600735853780450,6
4151913329302235970,0
4154869698534339054,0
4155382262550331523,8
4155454911025931824,3
4155864903556153987,1
4157240786334644423,3
4160404223647959497,6
4162285031904810504,3
4162311167912779432,0
4162792469512040010,6
4163033204849766687,6
4165088950119131396,1
4165709028838964637,0
4166802282531166944,0
4167080097692876599,0
4169736028360445393,3
4169973912256945622,3
4171520330099596538,6
4176655982883738508,3
4177121142214938985,0
4177161808502347825,0
4177203532393429404,3
4178035552797305051,3
4178345025429452062,8
4182007503642161508,1
4183558203553217724,0
4183600520043464189,0
4184546913727507551,6
4186616204323487007,8
4187081574847375925,6
4192803627311915062,0
4194781680352159869,3
4197267795487067033,0
4199888984911130388,6
4203293728837104285,1
4203789720435426966,6
4207153147078127808,6
4208705018948149257,0
4208719212388950902,2
4209162266294929538,0
4218765485002916028,6
4220294515891484749,0
4220631339421404799,0
4221629338059545013,1
4222119598043410628,3
4223285796124630377,11
4223680989694832409,4
4224031957780741322,3
4225387062200903436,4
4225504063975160835,8
4226760381264589341,8
4227086598234201415,3
4227413214060531970,11
4230609434284949069,3
4232494165565767371,3
4233244851246479423,1
4237299047086880643,11
4237535513451547877,0
4241081607048396948,0
4241467193520768333,2
4241879121507514828,0
4242750849416626629,6
4244636107626862467,0
4247031393056613102,8
4249009639863005505,8
4249584056820975077,6
4259117340930533364,0
4260229554240004501,8
4262114295400190521,0
4262410426213898065,0
4262630094980429300,0
4263578509095167949,6
4266406262272378011,3
4269064386055534364,1
4270828413110071858,6
4270895007159198911,0
4271719541782679403,0
4272680228031961408,8
4273578397946544060,6
4273636428979312253,0
4273856132926515059,11
4276756960320790340,0
4278121608985213811,3
4278956776916686160,0
4281011182809160621,6
4281464882526086260,3
4283961536902550913,0
4284099996556810257,0
4284471810870603517,3
4285553450129809637,8
4285798189104561105,3
4286651941190704328,6
4286685686470455046,6
4286854631592447732,0
4287590842507943383,0
4289496639983550109,3
4290292020591928163,3
4291318145656161490,4
4291679364230049006,3
4292382298896622412,4
4293328488784637019,3
4293869803165350277,6
4297029905429642532,8
4297048942476032148,4
4297130052470608629,6
4298102681698831187,0
4301100109735445052,0
4301938399816074936,0
4303652547614880903,8
4305616993553069387,4
4310738129757818334,1
4311144461909328932,1
4311345377425204114,6
4313209704459823410,4
4317667344078211738,6
4318306999689258098,0
4319493817154735402,3
4322355954534754521,4
4323782956137778556,4
4325047027851215894,4
4328322127057806999,0
4331194606456960022,8
4334486375610672865,3
4339576611102420379,6
4339716986065872230,8
4340786723520613270,6
4344931668659369580,3
4346458077880771804,11
4346488918018748230,8
4352573207451730829,6
4356667732178060953,0
4360806776287680334,1
4362162252350745269,4
4362299131996161330,1
4364415248191996388,0
4364558937074676075,11
4365033568776513760,0
4367534647448718968,11
4369520549499064822,8
4370357058736127683,6
4373043028220893196,3
4373947217309220565,0
4374780156953051502,0
4376260509120278976,3
4378307922128301229,0
4378645256411162470,0
4379355078530024374,0
4379639995695199442,1
4379726013610764467,3
4380791769564903058,0
4381185412091515756,8
4383576882934137177,0
4385167372159286626,0
4386649063835788619,0
4387899736154771888,0
4388821869980016651,3
4392325660357871983,3
4394685481481515517,3
4395399412302115399,8
4396835266787370926,1
4398502637040415225,8
4399583511876140207,8
4400059395921490423,8
4401922769853447054,1
4404047268080853484,6
4406623014674366448,0
4407697026249553900,1
4409394237722440369,3
4410486479863385554,1
4410530566765270607,0
4411042975544026867,1
4412573057807367525,6
4414644179961808738,4
4416313137837046260,0
4416621519532288941,1
4416950245481923656,6
4418260208919135666,1
4421757829012212162,0
4421899798290057010,3
4423128029576346005,3
4423128927940993901,6
4423771695440128520,6
4423773403510097745,3
4424231237358726233,0
4426590899833488442,8
4430870594907558000,3
4431530591386620466,3
4432129819451124204,4
4434062482654165693,3
4434376220167552271,0
4435193277864387351,11
4435740138344673695,0
4436382580692334930,6
4436996605309930976,3
4438299806816545743,8
4438996263895862066,1
4447914506545345425,6
4449555216122742827,0
4449811585679973109,3
4451869663171238851,0
4452302811939076137,11
4453395814447232722,1
4454970993889027124,0
4455585171122333616,3
4456916653767480203,4
4457262794930082731,6
4457957945336968750,11
4459689563599520312,6
4460259365337326462,0
4460287719684222339,4
4463280562718269076,6
4464294648696358020,3
4464592652374803100,6
4466415175131854449,8
4466780916457379173,6
4467026036003824565,6
4467083065632733776,3
4467647194162140399,3
4467727993572114333,3
4468499473126263019,0
4468605627586217384,6
4471277917884737507,1
4471565560282871840,0
4472485688782201763,8
4474138499004372280,3
4475337902680882916,3
4475957310420284226,4
4477661988563671946,0
4478083984823829477,3
4479034282221691265,8
4479820382284228702,0
4479894216141452493,4
4483217253606066485,3
4484944350396286256,0
4485066766119140641,8
4486182646317337673,11
4487816632323020854,1
4489289123482043991,0
4493613983623546299,11
4495235710681479625,6
4495602873708037722,0
4496671715259754328,8
4497705577544395464,0
4501111634409283266,0
4501478854460864890,6
4502758879679336189,3
4502923655959732222,8
4504319170783595613,1
4506235562579754066,3
4507650361779638314,1
4509407767715284699,0
4510326045517910135,3
4510665831614305489,8
4511470514488001289,0
4516306414837452219,6
4521282887926233039,8
4521611750349082350,8
4524753226458310288,1
4525361542559096956,8
4530037575157074308,0
4531697592259604664,3
4533254061725671644,8
4533514693696084566,3
4533581993616616169,8
4534126426873319155,3
4534539802254756454,3
4537596391424820563,3
4539372671748152850,4
4540503584646484567,6
4541000363587104455,3
4541137951619105246,0
4541652043772674961,3
4543499092766245043,3
4546837967312313010,3
4546946686289288688,4
4548076831395339196,3
4548101447160316938,1
4549291270134189521,3
4549575922189376756,0
4550821266541914817,0
4551201002448140747,3
4551472754166063155,0
4552648269614766121,8
4557248048819927548,0
4557329978816752902,3
4557464720347733770,0
4557489247357997865,3
4558395506619486220,0
4558577466874805226,11
4558706478898305950,3
4559072874285220882,4
4559402316582264495,0
4563116793301824828,3
4565119633233737252,6
4568456693294099210,0
4568849013802524106,3
4570120935016540717,6
4570709986087805683,0
4571029522633603733,4
4571377867391061694,8
4571723395194771500,4
4572668253374527046,6
4573231089569247748,3
4574083752439730626,0
4578507653182406410,6
4580061072523730925,6
4580425254864663555,8
4581210340450035754,3
4582324676804681127,0
4582469212807944677,3
4582687022447029288,0
4585250364596106176,3
4589774882056031943,6
4590798055877351814,1
4591970750404282303,0
4593701401573807457,1
4594102995348777022,3
4595493974934238163,3
4595786513135154796,6
4596034197528613464,3
4596168784496776974,1
4596525681454440771,1
4596773434159671513,3
4597471897716193979,0
4598350846161328467,4
4600625887465820978,8
4602202043387314732,3
4603971177646842551,0
4604432740901834463,8
4606816296018121129,0
4606891499958893288,8
4612201533349100139,0
4613881911545189723,6
4614053612572819297,3
4614173183033883994,3
4615226180823858743,3
4616048346604912006,3
4617901273966707302,3
4618969253218447314,3
4619833707775204498,0
4619854932159576007,8
4624850699562504714,6
4624916250773145759,6
4625330234422817111,0
4625782448782799068,0
4625934870473602048,8
4626786289213946728,4
4629679652954090839,1
4632418988225420161,3
4633251099044832539,3
4639125578448119006,3
4639596104785008006,0
4640424191916897896,8
4642296837869582258,0
4642462564036909649,3
4642571410603956020,3
4644050426189909403,3
4644537132357341951,3
4645041396847138230,1
4648059415230822980,0
4649052150450768263,8
4655016672376322689,0
4657205388662225101,11
4658746071544273091,3
4659767336861808352,6
4660837375829726262,6
4662416870409373052,3
4663093873938994710,3
4665750539660804345,3
4667315814735310301,4
4668448038032104909,8
4668737749118422715,6
4669445121891068582,6
4669449465803370113,3
4673284403455934751,3
4674206869627396034,3
4675081116607602034,0
4675834823748153576,8
4676538132306471800,6
4678096822599929669,3
4679276599528353148,8
4680069632872254804,3
4680948108334912136,0
4682079352953027867,8
4682422435504096690,0
4682780283153401010,0
4683294768573563522,3
4684324849649460575,6
4685491652097560530,1
4685594412289814212,8
4685974758673810507,6
4686533219414113130,3
4687470890705463404,6
4688944280104045073,3
4690101219411104590,0
4693657752634750810,4
4696021225183629579,0
4699683344797225708,6
4701905428905126328,1
4704528965711799317,3
4707288084485317703,3
4709162705021706999,3
4709445542755276792,3
4710482107310352989,3
4713952523851229700,8
4715667984010840541,0
4719786867508855665,0
4721685812253887643,11
4722694035288273480,0
4726002926355859799,6
4728817061432334648,3
4728851007554073361,8
4736010054396317639,3
4742327089985319310,6
4743809399045373054,3
4744503880275621932,6
4744759414405187497,11
4745165982668466166,6
4745319309959351617,3
4747251201141998964,0
4749269437872176204,11
4750568695782637120,0
4751552731914223784,8
4755704966249726783,4
4755774832927257146,3
4756471374662880537,0
4757660880590861434,11
4758745081489536518,0
4760623740531330309,4
4761258598349613019,6
4764123633640988916,6
4764362935321101162,0
4764961530258865361,8
4765439733202476738,8
4765927824833903849,3
4765950508643080232,0
4768429261161387350,3
4769080811947058984,6
4773870309731918059,8
4773901096166670369,4
4775778808301028285,6
4776029923723223800,0
4776758195927545055,1
4779352171466067852,1
4782495735255394817,0
4782599059461691349,8
4783418570255982945,6
4783808470821443243,3
4785592828487052536,3
4786089621216458393,0
4786753258194009923,0
4787258895774768156,3
4788228514760706265,11
4794468109525910345,0
4795216086351163939,6
4795248894566341326,0
4796636590711000032,8
4797010597622047462,0
4797752620061767335,6
4800215370117617437,1
4801842102684134312,1
4804855422524304297,6
4807757989457593708,0
4808087405294314894,1
4808119037099690476,0
4809869340285919952,1
4810068091562938628,3
4812484375942968415,0
4816752760217738411,4
4817120834356969274,6
4819193274752411068,8
4820488330444951861,8
4821145013903345382,6
4822695719005003037,0
4823340728826004187,3
4827326813545757026,4
4829164572755818641,8
4831845731467776723,11
4832637790354680617,4
4832978772105619331,6
4833089606552986141,0
4835511147124179465,6
4836392251163693467,3
4836886193461545934,8
4837927419580655303,8
4838988712528140398,6
4839336226356264542,6
4842380628851264174,4
4842434408945539626,0
4842613301884394742,0
4843643350461873372,4
4844468037683827228,11
4844582609884546932,6
4845339829600540481,3
4845543104469179835,6
4845680876504554743,11
4847289339071473084,8
4847890081925812934,0
4850795740151118967,4
4851237127992969604,6
4852638170938843513,8
4852708256291475037,6
4852823742314207964,6
4857189471206377676,0
4859711980707872055,8
4859848453962324728,8
4859998730384794062,1
4861061999056718608,0
4862916656772402217,0
4863527407521503276,3
4863571548336254624,11
4864073536579855876,0
4864127401142650283,1
4866746436375036668,4
4868048560639962468,3
4868094763493758742,6
4870153452843612680,3
4872453962511876523,3
4873479714684959004,6
4877996699948101538,0
4882584398695496787,4
4883019041736634299,1
4883874475447014131,3
4885736256823711033,0
4886816749578510073,11
4886883507473030687,11
4886981711508113425,6
4893321537326028993,0
4894207046391087272,6
4894256295118920163,11
4894558020928927111,3
4896475238041302355,0
4897485730791094092,1
4898031276853369165,0
4898643033968543040,4
4900237127386502553,4
4901005298856926939,11
4901161572518973976,0
4903696662762650172,3
4906448150730050482,3
4910251961901865768,6
4912476073040629842,4
4913898616793466437,0
4914392452144075323,6
4914892717375044107,8
4915892403432170086,0
4916561514357667309,6
4918094746738672969,0
4921148338952664589,1
4921378864555450171,1
4922231339986627016,4
4924089357460094988,1
4925206155177711526,11
4926430289735925794,3
4929030647678699348,1
4930355608284236642,8
4930369182135028214,3
4931435338820535169,1
4933522661038666085,6
4933546695188353483,3
4934422996681330316,0
4935208783324374013,0
4935389665309338736,6
4935484477280717376,3
4936337556244977588,3
4936400270527398177,3
4937380952486770473,3
4938845128458931432,3
4942060667734113125,8
4945242630620812217,3
4945365052111730167,1
4947234636497146185,3
4954980044335715168,1
4955589312593913074,3
4956516577080443123,0
4957641220519018981,6
4958333748132993870,8
4958479622561587018,8
4958804670939803065,3
4959672780257937871,0
4961970861863065608,8
4962369419716221734,8
4963876160013451028,0
4966240420638082646,4
4966276028193818154,8
4967855775379728134,3
4968108883625836733,8
4968916152589703798,3
4970672161979262840,1
4971036931436780474,3
4971804673746553089,4
4975514511129856648,3
4980460284295451421,6
4981482056038056062,6
4981502744489146922,11
4983589784981338472,1
4983738866565240241,0
4984040693216864503,3
4985404046913349931,0
4987490019162298493,6
4989567935780352127,6
4989727389302910967,0
4991142646117876989,4
4995461330326547904,6
4995795207666662661,6
4996606883506346788,0
5000417413891685942,3
5002262301983433999,3
5003666019825657229,0
5005284232080421768,0
5007189779451280058,6
5012126546471446468,3
5012567530223254733,1
5012718910758124618,8
5013007109863242635,0
5014724075716025370,0
5015969830753693968,8
5017629419004479947,6
5017867792299986342,0
5020241697829170983,0
5022495430832686844,6
5022623144827834181,3
5023638450367348379,3
5024705187938108448,6
5025122744026614590,11
5027060490904971674,6
5027598550182010059,6
5029782692052651039,0
5029827588147494478,0
5031810651735641335,6
5032081906383187174,3
5034805907531513664,1
5037389940230840762,8
5041202061128915005,3
5042079024326489156,11
5043804364218284150,0
5045745089675534966,3
5046130764100003145,8
5051010748021875388,0
5051612593774687037,3
5052443359742477506,6
5055243801628492262,1
5056318068122745163,3
5058064350797447052,11
5059164399806081525,4
5061163845920480126,6
5063243870423830189,3
5063292277086249043,6
5063877831365243026,0
5065159886148964758,1
5067326377185315788,4
5068290610854902203,8
5068798635444424024,0
5071340847287598257,0
5073858743108971792,3
5078324179203965652,0
5079199842759672123,6
5081854227115940460,6
5084248996187419800,3
5093887657697742477,0
5095103803525544276,8
5096947868603137125,3
5097432965821065721,3
5099378819847245359,11
5103364383665365059,6
5103408871134376667,11
5104017924305396469,8
5104592373485934827,8
5105148917843810051,4
5105314033876471150,8
5105822949228925341,3
5106540296256101852,0
5109959144359064330,3
5111594007505474863,4
5112001340707828843,8
5113199977794352609,3
5115097064004112493,0
5115977331215106358,0
5116660163839697301,4
5117004672724453735,6
5117199845906643255,0
5117560431568819895,0
5117597466517688242,1
5118664261618539875,4
5119082923941752150,0
5119686577711346989,0
5120950450685649928,0
5120956600062524984,4
5121481853214106697,6
5121652455250621060,4
5121681565485665532,0
5122124384871320141,3
5122228669348706306,6
5122447936948578609,6
5129187689987473771,8
5131936381722286927,3
5132487921210661848,8
5132704447914261629,8
5133973138291673173,11
5135830060215958944,4
5136044115041984083,3
5137614401642454442,8
5139663589133866920,0
5142621554770596506,3
5143890625177975523,0
5147063443480671333,1
5147187464039786448,3
5148151128480935440,4
5148956127008285222,1
5149935140744165448,3
5150876390492962233,0
5151268481604256862,6
5151617445608067508,6
5151990435553547057,3
5152102564571205436,8
5152351198779662742,8
5153629726562998001,3
5154217525057561954,0
5155910303562406363,1
5156252129198929539,3
5157080569279910473,0
5157578973273869737,8
5158005262124853616,0
5159201167856354915,6
5160784065178059068,0
5164412979061394068,0
5165986927892111936,1
5167995134588982666,0
5168309449607402412,0
5168876757382645337,3
5169356194192925199,0
5172965233753564022,6
5173820470057855480,6
5174924244025956236,11
5175324465367084320,3
5175477134680697203,4
5178688494593861559,8
5178884748775783411,0
5180799873853102151,3
5180893677841415618,0
5183136306425634283,8
5184071677319883243,11
5184161531520386078,3
5185234969132169310,0
5186783610376920107,3
5187785133422516687,3
5192515341937172610,6
5192727208459865543,0
5194926826751146390,8
5196209609415172917,3
5199373114019567205,6
5204793403117955820,1
5204944835113241214,1
5209340841908084640,1
5210193631329477406,3
5211095676195649361,3
5211655860728363204,0
5211893634579866894,6
5213253596770995500,3
5214640714119373081,0
5214648060302668406,6
5216130692485707389,8
5216347370237089225,8
5217163460416965906,1
5218221435389569685,1
5222055776290851253,3
5222451618639933040,0
5224707777839752695,3
5224821048853053062,3
5225505640330131825,6
5227459574328885192,3
5229240184982419822,8
5230937124358494615,3
5231006196699915507,0
5232027448653519530,0
5233374131984523249,1
5234154965415165461,0
5234688044756650462,1
5234809985192134948,6
5235454778515160398,3
5237299673267897596,0
5239832266116311529,0
5240632065631390212,4
5241230347415537486,3
5241634815277563385,3
5243544346041958064,0
5244768171941869611,8
5246468989352172544,8
5248431706625489737,4
5248442536918007768,4
5251127809378686657,3
5255789669039132895,1
5259322765959800879,0
5263438019777051251,6
5270323956925935581,4
5270644339858124648,3
5271935279510749609,6
5275389175910809207,6
5275572550878613213,8
5278917600638801627,6
5280170751445961898,8
5281291824713751760,6
5283274003068854918,8
5283527678786268038,8
5283671511370610117,0
5284177266075067097,6
5284307465107864693,1
5284512076658274222,6
5284983637277941966,8
5286050020112190196,3
5287381043222758070,0
5288952564467520413,4
5289304902810267941,8
5289696942874798101,3
5290790744828776383,6
5290817947139776217,1
5291057750258273321,1
5294640663864217437,0
5295137460015857490,3
5299264741175268764,3
5299750782934088724,0
5302933383145137855,0
5303133637720496385,8
5303889394870472446,6
5304352341841929416,3
5305171541731538029,6
5305461031284778548,0
5305859114251997440,8
5306532226836293852,6
5308570086872133219,6
5309129999439895345,4
5309912058849329279,8
5313155712217185288,3
5314564115132370628,1
5318472504952507422,8
5320706846091216283,3
5321000686704962175,8
5321541028812204299,1
5322196010079038475,6
5322258057019582157,3
5323619374230045884,1
5324590835522207060,8
5325692556778253782,3
5326318530069290284,8
5327041108414073666,0
5327235675083531095,8
5327280278230724509,0
5329886478232813044,0
5334685009529738077,3
5335993315519443915,6
5338696860453256693,3
5338806710099050630,0
5344734478445798667,8
5346094530046391604,1
5348450269326974262,11
5349367065024184295,6
5351022053936504243,0
5351909028336141149,3
5352681013815463124,0
5354515334185460836,1
5354913076093007250,4
5355331426351288746,8
5355549571447638834,11
5356434638453507031,1
5356639993982208926,3
5357055779179309927,8
5359400960630036461,4
5361739273909013023,0
5364164608779740597,3
5365186434949144118,8
5367545714697710506,8
5368668893474957015,0
5370142852388568065,3
5370502438478537318,0
5371224179652682170,8
5372688793332123077,6
5374131033228149211,3
5374190098477703226,0
5374917714049803420,0
5375203438441500570,0
5375319987056837955,6
5375376193368471122,3
5376334748793140022,6
5376825692975748185,6
5377319101759129070,3
5380968200583220623,0
5382146772127968985,3
5384008656679339233,0
5384248128147337775,1
5389935168459786995,0
5390000950959845343,0
5390453557322966006,1
5390605555590308923,4
5392538771828690666,0
5393945201197515403,1
5394570762789776582,8
5394889109318310860,0
5397491644897360634,11
5397836032967382560,1
5398314277015661293,8
5398983753290922793,4
5399288582262943595,3
5400650414061125476,6
5401050599579573991,6
5404680305661784295,6
5405224852697734050,1
5406901066773004038,0
5408288097003943107,3
5410329093660301173,0
5410991635332940083,0
5412150241328312909,11
5416746509701777286,0
5416746753730724334,3
5417108640511743060,1
5417252239386011648,3
5418505422300716108,11
5418720068717125165,0
5419552228558845245,8
5420527652157931650,6
5421007331770979139,1
5421739088268525018,4
5422735889074565691,0
5423068519686778973,4
5424591694578456190,6
5425757520659664842,0
5425843768979263329,3
5428816094208865047,6
5430302488700272148,8
5430913863803682938,11
5433196683446269135,3
5433707903376536837,3
5434002925873277200,1
5434505515232753045,0
5435485204883793298,1
5436005453925091558,8
5437038466573967005,3
5438004616990414649,4
5440178103369301989,6
5440786485993825323,0
5442030208458460478,0
5442850902996453524,4
5443529792010270158,1
5445214843890846353,3
5452600046851283366,3
5453381360022687374,6
5455802377322163685,1
5456406677750733136,0
5456516912972912096,1
5456633779666529734,6
5457328957651048987,8
5458208981775083705,0
5458318244719760153,8
5459516621756699156,1
5459832070961681030,0
5460269159464362853,0
5462275587833401700,3
5462982532824643982,1
5463482519439152712,1
5466298761399037855,6
5467211672120810815,3
5467892827260232521,0
5468995424355755166,0
5470642190523298745,3
5470990309616307028,1
5473540638763382613,0
5474981733085571340,3
5476095996031044380,3
5481005263704680488,0
5482154336643183343,3
5482972812751140573,1
5484254712597546348,6
5485386081173395027,6
5486263484570405671,8
5486419678159151945,3
5486481618108159950,0
5487342086303703565,0
5487630060023452772,3
5487818474932714925,8
5488525184557154951,4
5488830540367484421,0
5489983670164561210,3
5490592545213539878,3
5490635677725453743,8
5492131203535798033,1
5493761505959084506,3
5494625775411161334,1
5495277997318852494,0
5496049791268926331,1
5497341388350449409,3
5499529204266915324,6
5499703735237017493,1
5500876574649775545,8
5502213642423765710,3
5503858037268451875,0
5504315691340835142,8
5504323441784970702,0
5505680554682571869,0
5507529259977127049,8
5507795374140901425,1
5507855589344951879,1
5508123970361322859,3
5509455949386637136,1
5511857923217309655,8
5512463534398341633,8
5512608964366664731,3
5512660627232123984,0
5513049518513606456,0
5514830752551883588,3
5515350014856013879,1
5520124518015554009,11
5524089584809579724,8
5524651848183416550,3
5525438038074425194,6
5526346003907762501,3
5526731909268756620,0
5527789313828018957,3
5529403635286740824,0
5530217634900132229,1
5530523983338904827,8
5534162781906789228,6
5534443081329417733,1
5534785363790625850,1
5535707581263549954,6
5535866937251670433,0
5537113665535085959,6
5537885529063125176,3
5537999324837151448,3
5540866088797954325,0
5541068427632932863,1
5541260769649487062,6
5541653905191236055,1
5542860392987220139,1
5545740561950023737,0
5545778762805140862,1
5547678120551799884,8
5548551906597094417,3
5549115821206496212,0
5549980452971715106,3
5550498736744848800,1
5553031815239428128,0
5554545601752082347,3
5556740469708271387,1
5557931220054090715,1
5558240595946259872,3
5558458844040421406,1
5560319048422491497,1
5560528295358247966,8
5561004851099232345,0
5561672893087368917,3
5562257536986190744,0
5563030645628063827,11
5564135815123620729,1
5564249214469649113,1
5565912571222676538,4
5566313493224723384,0
5567058207076986877,0
5567553259978292618,3
5569927233531057082,1
5574416183735481367,8
5577743486581261665,1
5579337818045353477,0
5580329579145341034,1
5584937934521027788,3
5585072076669843255,8
5586356292668633913,1
5586826125806271079,3
5587254512466192231,3
5587626285275764888,6
5587847206088505023,1
5588250574729797238,1
5588580972720680089,0
5589556629937500249,6
5589863985316699150,8
5591117000431438261,3
5591623886060586842,0
5593932092753860059,1
5594338902478332913,1
5595024889580471449,1
5596522462298609163,1
5596522550358343704,0
5598279628020170467,11
5598787603909496036,1
5598826628159794017,6
5599734797721874994,0
5600324409133200238,1
5601957374270453342,0
5604331794115692767,3
5604349590179528964,0
5608110339828962858,0
5609034888411432953,8
5610075759857468078,0
5610206006723699273,3
5610436143628769923,11
5611464178692907767,3
5611682211548114595,0
5611826472019620235,0
5612331081570416255,3
5612489412457621925,1
5612584328582105690,1
5612719814403886975,1
5613765847161322741,11
5615206558643521919,1
5616090514329226263,6
5616507706643930272,3
5618797908486590344,0
5619400076210202193,11
5620027372583550010,6
5621764703012208295,1
5621795404895243941,8
5621907375887314213,4
5623018587789356359,0
5625167461091152421,1
5625205180245966277,8
5628292008369185545,0
5630381218784391256,0
5630831779443121108,1
5631604017664229832,6
5631869789742560515,3
5633232875674906956,1
5633287173394016435,1
5633344213361652902,1
5634272738867383106,0
5634507786572010977,4
5635787809342124166,4
5636065158381276312,6
5638631152338411399,0
5642522046909060627,8
5642568793952542462,8
5643217130084241356,6
5643631875592041420,8
5644175816077029382,8
5644418424171641309,1
5644582996141984057,1
5645828540761356481,11
5646121044487845636,4
5647151668251091064,0
5647191344005583177,6
5647546330147244068,8
5648069999160857302,1
5648741609066690312,8
5648847487757818503,3
5649086031690336692,1
5649250842404715595,6
5649271972264062694,4
5651712915331846342,1
5653076546867937822,6
5653267340715623875,1
5655499823477946613,6
5657473134881257560,6
5657980965976264509,1
5658224148771951566,1
5658238422510716682,8
5659449740199991180,8
5659657678625109693,8
5659869911521029625,1
5661379262293602579,0
5661842593486759021,4
5662089542893323229,1
5662286138876005236,6
5662828947636332012,8
5663168927878637449,11
5663758709976344939,8
5665709212206443352,3
5666419033476210406,0
5667353013187618448,0
5667969852795481744,6
5668738431595656834,0
5668844343403787735,8
5669765014665784873,1
5670524616545598325,1
5674304744700802447,6
5675608438263437988,0
5675628926793198997,3
5677649637935923464,0
5678483308337211471,5
5679116148552733957,0
5679133652034555822,1
5679332564404011413,3
5679888411480418324,1
5680056508098731473,8
5680431321749239526,3
5680876706649462077,3
5681276554098753398,1
5682530352731385649,1
5682707078745128737,1
5683306374771775067,1
5683335714075374245,1
5683453364611182374,6
5684798648392410059,1
5686907066478151901,6
5687413867499533073,3
5687635163499452249,3
5688017228826115202,6
5688846066650565838,4
5688975020123929043,0
5690148043499308477,1
5691731050270509816,0
5692760468900783168,1
5693190047510946567,11
5693201698191848123,1
5694818654362971398,1
5697572983288390847,11
5697770516071369663,0
5698368956687969461,6
5698993206869047348,3
5699756358408958768,3
5699985494597240026,1
5701760565366588543,1
5702622988659597467,1
5703131222242705609,3
5703197246022264715,8
5705735383479211829,1
5705788718180124528,0
5705857271170358403,0
5706009899463764797,11
5710058026735337885,0
5711243077426500758,6
5712368743231010708,0
5713492268869512387,3
5713646306640324712,6
5713735829662769985,11
5713817627666550177,0
5714648135168567889,0
5716780092123595038,6
5717107677790151092,1
5717561865551828066,3
5718012197122273750,1
5718141819990195216,8
5718182358781781519,3
5718472814394212827,0
5718708888948638471,1
5719077853383932723,6
5719919874029789718,1
5720589471718793791,8
5721161651522352040,1
5724318491431283449,11
5724503716718337946,3
5725244995174809691,3
5725458487476939795,3
5725848755372975945,1
5727872576245439287,1
5728961264407156649,0
5730552310988776573,0
5734558729908630896,0
5734837009927412955,0
5735389628394541505,0
5735647894047988332,11
5737261529954974334,3
5737677153175516095,1
5740444550458088851,3
5740818021051937527,8
5741450266990020425,4
5742189620127639985,8
5742874953384955972,0
5744596985528958428,3
5746391198503812790,0
5746587370656801193,8
5748457160071658994,4
5750209405395839608,3
5750434027767308151,8
5751790905890589720,8
5753697743996223767,8
5754001197165202942,8
5755041026374960709,4
5756297956169755636,1
5758081963363287305,1
5758152824603778265,3
5758703974430196213,1
5759232099886307930,3
5760194584817901795,1
5760342986222609395,0
5760391051658436046,3
5760885566861171887,1
5761150948181933971,1
5762346559065772584,1
5762554729595453401,8
5763252963922626769,1
5763266009938518076,6
5764843233336835008,3
5765205068742913778,3
5766944880748359992,1
5768383275157546790,1
5769210713163882842,1
5769658756960254662,1
5769679273281877421,1
5769860808329332261,0
5770732742560764743,1
5771931170787964230,3
5773224524416774256,1
5773449456261782468,8
5774861554557459674,1
5775313858534270295,1
5777047852200326105,8
5777459062943260062,6
5779810617901949046,1
5782037172081386703,6
5782302342707141533,3
5783242656247601500,6
5783711815488840794,8
5785346719213212762,3
5786183752876639409,1
5786911754239753216,1
5787824715458622384,0
5788302368117817494,6
5790212437775566969,1
5791384311494953815,3
5794946912754627561,4
5795134877794050129,8
5796556687540640589,1
5797321885937342395,1
5798626591879061449,6
5799589286496575117,6
5799871869036460690,6
5801723095185836618,1
5802078870340405089,8
5802826347085837515,8
5803604008713626221,1
5806877927898054070,3
5807565467896024442,3
5809931191239895555,8
5810011883287158393,1
5813553443457927420,1
5815188550575911441,3
5819244047617582957,8
5819494303853436809,1
5819629937773607027,1
5819906364141027585,6
5821297488417694642,1
5821297739661977375,6
5821344169343581408,3
5821994639037119677,6
5823477737830577774,3
5823660292423757269,3
5825327425861065603,11
5825619522667946383,0
5825791279672604777,1
5827639102770185153,0
5828760680987855815,1
5830002951863453191,6
5830073872830459917,1
5830620028294808727,6
5831108334950161882,1
5831557455521476279,3
5831953153251007390,3
5832063502316824104,3
5833613341656165137,1
5834201612437457641,8
5834774967091076302,1
5834905866353904539,6
5836709889176378774,6
5838125419512221065,1
5838198452471580811,6
5839236221302869904,4
5841139720976491323,3
5841284292002772986,1
5841664450455847743,1
5843837097885848433,4
5843867751806266794,1
5846281757677469893,1
5846284641399254942,3
5846884045151323313,4
5847215098661363982,3
5848267056636640301,1
5848770392369085665,0
5849703797249834820,3
5850263315686549991,3
5851564263865324432,6
5851598900084622588,6
5853722145709134431,1
5854552268064947038,1
5855581235223317034,0
5856037985074988610,0
5856712022537566878,4
5857796766803395671,3
5858949015254223447,8
5859258706708876420,1
5860077780769610914,1
5860184232233760876,1
5861040535556377417,3
5861800484980668140,6
5861956127761000794,6
5862064168004546076,9
5862283104140477060,1
5863917447115662752,1
5865068724119706863,1
5867645028763746671,1
5869270722798009822,3
5870613024378040150,0
5871117215596681681,8
5872019251477058398,8
5872727231755365998,6
5872945912132740080,8
5873922852822246481,0
5874885125276429354,6
5876322515784214141,6
5880924551980549735,1
5881169045755362394,3
5881559134228752886,1
5881833847980072512,8
5882752336188220788,0
5883422362431973736,3
5886958472541672022,6
5887160716172959739,8
5888483547793999999,1
5890849703823622954,1
5893171989129811080,0
5893416518081510763,1
5896753607919624403,1
5896853410143429617,8
5898480518192490094,1
5898573780132260953,1
5900098862036866764,4
5900475439330633348,1
5900616927515616819,6
5901800424429256619,0
5902940968432121053,6
5903421093238861939,1
5903925028285356825,1
5904245141286131675,6
5906063626841615931,1
5906951113548271457,3
5907901195884471162,8
5907954551002717469,1
5908206538552454113,0
5911325808296469772,1
5911653601768785025,4
5911956008415876113,6
5913130063451277660,1
5913515353721084622,4
5914067470517809402,1
5914141575587138582,4
5914565592540051374,1
5915552314752084570,8
5916280203093384274,1
5917639993834019319,6
5917792998846766819,0
5919317577780517579,6
5920164952920643478,6
5920228038090720121,1
5920744489627925866,6
5921076367370853016,1
5921169183768686750,6
5921355679437606672,0
5921817374228131331,1
5922016775834875957,8
5922602327554950979,8
5922701814248499339,1
5925828687845307743,6
5926580168647233207,1
5927875368095670663,11
5928421175245521735,4
5929322235355921260,1
5930220203628854459,11
5931585818138209554,11
5932789222600878224,3
5936937605230460665,1
5938108990888320466,11
5938178326815045920,1
5938390776501844379,3
5938984914700945386,1
5939047218031034167,4
5940985314944024700,0
5942326293915015509,1
5942540282024776291,0
5944109679735271925,0
5944248660689148013,1
5944318202412257726,1
5944660649936019389,0
5944764428522151463,1
5946307430550238907,1
5946386463833262243,0
5947164584486960969,0
5948165783689722443,0
5949765726105313415,8
5951940314446438918,8
5952331096616207472,0
5952372123504040166,3
5952867196996708611,3
5954064896007816418,1
5954463974552471487,8
5956651263270811891,1
5957581720741885556,1
5963008994422029005,6
5963635827810861992,1
5963698527014848948,8
5964358685159409651,3
5966089072595147816,3
5967154252863407334,1
5967355641870244476,1
5968168442536072657,1
5968568873077259305,8
5968902635091344769,8
5968984106355808190,8
5972163773507762492,1
5972625289643692242,0
5972760974375530027,3
5973886116713948149,1
5974613334552674057,1
5975331490279868992,8
5975573489179832812,0
5975810103045819983,3
5975832889941330707,1
5976106191225067896,0
5976251803561182214,1
5976347345370067981,3
5977173536027948554,8
5978559904841590463,1
5978900012043562361,6
5979246000505687093,1
5979252394024502779,11
5979800283392618790,0
5979832131894931226,6
5980765160782067645,1
5980933752464829838,1
5981215323232212348,1
5981556721844825903,0
5981944722909811388,1
5982835296959974141,1
5983006798728442046,8
5983930413476937408,4
5984083506702118790,0
5984384569008781339,1
5986251476290928345,11
5987169951130836525,0
5987393115421598313,3
5990021014301275877,1
5990909518282529273,1
5992985723196706292,1
5993709233829451382,1
5996383180890316506,0
5996481779586599535,1
5998769901571691326,1
5998890392785913413,3
6000030210324965260,3
6000204465236418064,1
6002222056251794494,6
6002231785711019578,1
6002322386494964906,0
6004410449199960485,0
6004594722764492595,3
6005224583008360980,1
6005568262680655781,0
6006300655294348209,0
6006514553005562507,1
6006615177380362579,1
6009355152338616370,1
6010146091399789097,3
6011448445473957208,4
6012530930531566080,8
6013167881473036479,6
6013880193019072222,6
6014665612863448582,1
6016967732557158192,3
6016970584388797504,3
6019427752415526701,1
6020383172603634019,8
6020581958434707871,3
6021085871987219132,1
6021714391025070349,8
6022203724787294840,1
6022596617249965198,6
6022842043407818516,0
6023116652183409221,8
6024230292207069307,1
6027681647351566366,3
6028204139761278814,8
6028939926486555816,1
6029133874838444406,3
6029984384230266648,1
6034037825663586354,1
6034594707503830727,1
6035310161493452504,1
6036288401122367038,0
6036760337744942787,1
6038219635339662073,1
6038766982378399427,8
6039455199613373804,1
6040456330307032992,6
6040982914649463117,1
6044126498042548333,6
6044723535861599361,11
6045369454695436374,0
6046106982028406709,8
6046425201128034110,0
6047481024338296122,3
6049908083897161003,0
6051183265899502163,8
6052371218866674632,1
6052456394216466515,6
6052636711703035496,3
6053996258931425942,3
6054721915446686516,0
6055242971853724663,1
6057637373405086504,1
6058439937687400039,8
6059612067852444026,3
6059784599906364141,1
6061034415909263191,1
6061827471922818516,0
6062100289208193229,1
6062823463223515345,1
6063231230842560496,0
6063511497059510154,8
6063664286415651178,8
6063944506713308338,0
6064934229988562559,8
6068418893828689049,1
6069940272046319427,1
6070990613399398580,1
6071820020871078977,1
6075692823922971318,1
6076470189789795393,1
6076502615617694769,1
6076735365831091850,1
6076775475302832283,1
6076805669687471711,1
6077122297999592012,1
6078218965812170468,1
6078631058339936535,11
6078700122233994466,11
6079191805210049465,8
6080310989519423080,11
6081291981438318878,0
6081567527634760395,8
6084361967130979319,1
6084637000179833138,11
6085320416698074819,3
6087660025524421267,1
6088340553673203130,6
6088520180283142117,0
6088608598501869686,0
6088923680681582445,8
6090394433010913538,4
6090496872275836686,0
6092308350100484660,1
6092450338764597361,0
6092482330330227792,1
6093314654119807233,8
6094365249834927374,3
6094668961883485232,1
6095470598526466860,0
6095980334939968247,1
6096311643620330722,8
6096578195065914060,8
6097169674824377848,1
6097370460321986055,1
6098319872433278075,0
6099209921781596830,1
6099372881748268208,8
6099449654652757414,1
6099969535654280329,3
6103299480368577037,2
6104063052642245580,1
6104390040187720535,1
6107265114328263405,3
6107329378654048781,1
6107974514467365713,0
6109302212633494511,1
6110024463055534801,1
6110348956427265358,0
6110565858027420842,3
6111883936672483492,0
6112098665736163454,6
6112553240580471423,1
6112643098459543168,6
6112697849631520820,4
6113369825271775061,1
6114053278488200917,1
6114305689232734183,8
6114455031210894434,8
6115957046090019241,1
6116423741386314122,1
6117154140616483030,1
6117314463984744541,1
6117366894350229081,0
6117862191571106850,1
6118337221209066166,1
6118405384626266035,1
6119401648320094134,1
6122056518573106669,0
6122196859760896341,0
6122465602835828209,1
6122909134576337057,0
6123518563972496486,1
6125201439551413774,1
6127249048745654203,8
6128709735798061636,6
6128746665657684813,1
6128752543235635786,8
6129372990740487667,0
6130498111723770546,1
6130730181859669762,4
6131931978635457776,6
6133755376342815017,1
6134563267901180992,1
6134617506077500790,6
6136033240443360463,8
6136395452063375170,3
6137111108711799898,1
6138275653843105524,0
6138929469320223865,1
6141178582469321774,1
6141569042011661673,1
6142874939899036635,1
6144121120849768159,3
6144372123762912586,6
6144600189522546456,3
6145414735560737052,1
6145549793313661352,6
6145972443835309167,1
6146687222259214864,3
6146889782726443960,1
6147036702298138379,1
6148148808191433646,1
6149265902584855755,8
6149800504843028669,8
6150039000635945079,0
6150043606336896402,6
6151292887253731881,8
6151327348800741131,8
6151430111003723214,3
6152170540054355870,1
6153890095952159139,1
6155474995981452952,1
6156821193615504422,1
6157455656644727612,1
6158897772534081066,8
6159418270290876104,1
6160227273964635936,1
6160504861714458353,0
6160560359093163352,1
6161080640803369770,8
6161225427189509238,1
6161516318035468957,3
6161612092376388379,1
6162701285381056996,0
6164016559464333417,1
6165364705283974122,3
6165579756057902657,1
6166078479002413904,1
6166514844042755282,6
6167082354475539642,8
6168539657544369952,0
6168761249032143337,6
6168825440128665624,6
6169396083077559363,1
6170589000807480833,1
6171397830308109000,8
6171607854279662382,3
6174121265803915640,6
6175081247729500004,0
6175738433043746264,8
6176211822485202811,0
6176230540464354259,1
6178080741638951722,3
6178246274786083013,4
6178461892669774696,1
6178906873981883624,3
6180515937140679205,1
6180570355861203029,6
6180664760365982951,1
6181869731099218312,1
6181888392215402142,1
6181890146190443479,1
6182237469663911904,0
6182439175029755030,3
6182860325473072510,1
6183119066339739966,6
6183322254807467499,3
6183380299048142765,1
6183710480985603462,1
6184478386847405440,8
6184580828751644746,1
6185672903509661741,1
6186485480213353268,6
6187085695645674395,1
6187362032033002031,8
6187529859966179270,4
6187657171752275636,1
6187936310686505484,1
6188835982652349534,3
6189089042276997489,0
6190470805363833277,1
6190563048401857195,1
6191105401475402386,1
6191701550830594937,1
6191941085495574970,1
6194113256567803673,1
6194557025836542152,8
6197884268539355133,1
6198255427017973811,1
6198447018022348198,8
6198862311072074369,4
6200265891112836211,1
6200444178464387610,8
6200937721715979952,0
6201544276824766788,1
6201615957337500039,1
6201946163215116570,1
6201999709571924737,1
6202279922530973322,1
6202879648407280083,1
6205298803383215981,0
6206650740015918997,6
6206740840721674097,1
6206774857922237677,0
6206977158939812813,1
6207909600663086086,3
6208354502423213687,8
6209099592149078908,1
6209635558285014970,8
6209706533986527751,1
6210338118805078489,4
6211093337203440592,1
6211747623209938399,0
6211920344537000399,1
6213175000896175690,8
6214361449445634194,6
6217241523226970462,0
6217513308461756956,1
6217721319356582933,1
6217940053216551446,8
6219497455523940997,6
6220052322479660801,4
6220164506680842527,1
6221551200655499922,1
6221967779658373168,3
6223077223855347320,1
6224343649004202692,5
6224895503786506697,3
6225923836540801454,0
6227145261830120762,1
6227681962980869389,1
6228129623853715174,1
6229154532651943549,4
6229205041190773103,0
6229880542357364160,4
6231289649500490639,1
6231794651505997980,8
6231924762579773302,1
6232148988967766853,0
6232279845346848821,1
6232676081162470239,4
6233140197032014083,1
6233376632750721579,3
6233806691025558437,1
6234022730596200479,1
6234469092330338201,1
6234653152700287370,1
6237092810864241463,4
6237787423044680448,1
6239914936442574015,1
6240020657057666020,8
6240152041114578756,11
6240618373341161991,1
6240826200198017098,6
6240921005369466271,1
6241445693528326526,0
6241659180411036866,1
6241896505339430097,3
6242147405758045288,0
6243143291879004334,1
6243862681479854531,1
6244369030803346825,3
6244992164292580606,8
6245618445015340337,6
6246168668344545004,1
6247351878933726582,8
6247481027379440509,1
6247574371521281822,1
6247860238820397041,8
6248037898203830209,1
6248210333079836276,1
6249371971857255334,8
6249865519541155005,1
6250326289585782078,0
6250895830643692821,11
6251008381486964406,8
6251988434908020600,1
6252328962879701479,4
6253004588541226895,1
6256562813365526109,1
6257184676806733917,0
6259748723765522928,0
6259903899773103081,1
6259970747640821785,1
6260500263492639467,1
6260844156323536347,1
6260935727808405788,1
6261576345653838797,1
6262100214235212966,1
6262233689145972433,8
6262428901386734658,1
6263058485777440238,0
6263928820321107232,1
6264006419094804666,0
6264962779526988927,1
6265945555373476338,1
6266055959884168170,3
6266550851597649916,11
6266670678986077377,1
6266676324173982363,8
6266699633882189338,1
6266895026795169703,6
6267390657425248582,1
6267543816212478269,3
6267726273784474436,1
6267739457197285827,3
6268342021160060476,6
6268635657292832626,1
6269206042423993350,1
6269665183298529112,0
6270547280647061074,6
6270895657788559766,3
6271884247850205207,1
6272363565320355177,1
6272611887573303632,3
6273155248872736525,0
6274624041794183761,8
6275397260092979659,1
6275609412233670535,1
6276139603228503174,4
6276974047664054655,1
6277067879334991832,1
6277371147967457507,0
6277965824910200016,1
6278092707643713078,3
6279226377833208445,1
6279699898346374455,3
6280355875910894749,1
6280632558962916839,0
6281423489601289238,6
6282210532303011494,0
6282407143613105645,1
6282690063122844184,1
6282881173580239263,1
6283077269443086217,1
6283357023619447385,0
6283563242258037633,1
6284433621850048208,1
6286901430667951480,1
6287454566990794046,0
6291404884140655419,8
6292090493503990857,1
6292548686868081949,1
6292987407746152197,1
6293249075173320026,0
6294946897809907529,6
6295922031911218730,1
6297218813808115624,1
6304499833586356767,1
6304854411497738345,1
6305183433776688438,8
6306360788993780077,1
6307217272168299456,8
6308260448312097803,3
6308294747383050152,3
6310437874563661732,8
6311563760752235512,1
6313302833790328387,0
6313752709522893438,8
6313826405781988795,1
6313904970945422296,3
6314132319999984032,1
6314184474562200531,1
6314352663928059468,8
6314875408571628819,0
6315727325215069280,3
6316261222004809306,0
6316591294441432647,6
6317405538651999253,8
6317676091140752890,3
6318141859001016525,1
6318477706070474669,1
6320071784796227148,6
6321549815992597109,0
6323566418832644828,1
6323758474610216359,1
6324269424054292578,1
6324338850142343010,3
6324339204739206323,6
6325233680467927118,1
6325482845633322799,6
6325948911540975860,0
6327145960448620719,1
6327639649529044852,1
6328089477119915813,1
6329409566633677903,3
6330422841477149327,3
6330959400316471255,1
6331185726865050300,3
6331191059322192725,1
6331475185557024937,6
6331603458349081335,1
6332044014504751095,6
6332309741995759323,0
6332715026918274653,8
6334838125160369294,1
6334855460702269155,1
6336045037045767814,6
6336460554009766891,6
6336591471770954464,8
6337700178058542808,1
6338689099612909114,0
6338741635520873028,1
6340584627880285054,1
6341077218056608523,8
6341109061546042864,6
6341329616969158079,8
6341375144435577872,1
6342058830074091144,1
6342207066442900141,1
6342268411025721117,0
6345346282881101203,3
6346486486288085795,1
6347935553767527569,1
6350648383081157782,1
6351331301120749975,0
6351352203988294338,8
6351566039360425246,1
6354033907895732903,6
6354065018399336489,8
6354995424599291105,1
6356166525697520565,1
6356804769197939522,1
6357994656528980096,6
6358615239874735564,8
6359524859710690633,1
6359565792396657345,1
6360557508288676500,1
6361458064622895552,1
6362064981032718665,6
6363427510808703071,6
6363428654215234600,11
6363759434803807138,0
6364450261048723885,1
6364664629325822821,1
6365385151615084227,1
6365979294468262816,1
6366394750192544027,8
6367154382361855847,1
6367326695785983227,3
6367414343247246434,1
6368777709925222693,1
6368819799553372774,1
6369067874154239762,0
6369232194743667945,1
6369801302430296251,1
6370029406360163588,3
6370639238245285653,4
6371652668041062916,1
6374442219708313226,6
6374677629190419104,0
6375198429757672359,1
6375524746051574678,1
6378774527719975533,1
6379846430144073321,6
6380398561955424714,6
6380890306525289160,8
6383187317780719654,1
6383566504435103420,1
6383937498767671080,1
6387382330047863379,1
6389012871257569684,3
6389636579552746478,1
6390353848266341102,1
6391256989458918684,0
6392882893075988933,6
6392912066749206485,1
6393723103246639860,1
6394521919812665651,1
6395051877752114185,6
6395514291516990637,1
6395657248058709375,1
6395936707018910354,1
6396058894920874095,1
6396150634158585629,1
6397456143938019749,1
6397947324808565946,4
6397965009684178705,3
6400316173465830845,1
6401741433541395493,3
6402538295288422233,6
6402839225524905951,6
6403919354927279525,1
6404297645017178877,11
6404872578060217378,6
6404997865468556110,1
6405062229988011004,1
6405516400421426667,1
6406341601077560179,6
6407089980595601380,1
6408568374515378328,6
6411857036340554857,1
6412532652401578886,6
6414548340704380501,6
6414968270165624900,3
6416613060259685155,1
6418066678027152617,1
6418349900451754242,1
6418617808757342086,1
6419710242151747069,1
6420297801038128837,1
6420805792111309238,6
6420947181023928242,1
6421531331319330515,1
6421814190655813844,1
6422003950405308681,1
6425948364414961882,1
6425981081658963829,11
6426032162622263299,1
6426129572329609096,1
6426687557859491601,0
6426749465098161160,1
6427326190263973494,3
6427525876486121727,1
6427786992921982291,3
6429083283473935676,1
6429102444330622792,3
6429121745702481909,3
6429533309330946719,3
6431291615021754175,4
6431390881977432967,1
6432711689151983459,0
6433457870339981231,1
6434369248960185648,1
6436007166434982535,3
6437087645639078556,6
6437429008117549823,6
6437575561849648643,1
6438740587494383802,3
6439620099911855016,3
6440780737887039779,0
6443498511987685176,1
6444256027629346533,8
6445333501062648526,6
6445765736396730200,1
6445879012427033632,0
6445911672318944838,0
6446411234358978038,0
6446535327716684306,8
6446766630074122625,1
6447610061597348881,1
6448105147983877352,1
6449057522667923253,1
6449159585652364228,8
6449325964627569909,6
6450606984390103137,3
6452916532813668355,8
6453265278786416851,0
6454831061498690073,1
6456148978944478207,3
6458114222245488491,11
6458599508261625587,8
6458743615520074306,3
6458825469077106213,0
6459932863338682522,1
6460938699829820292,1
6461038005634521556,1
6461103080731721491,6
6461978590516362543,1
6462613229655665955,8
6463083540789274628,3
6465205105110277204,3
6465763124302797655,1
6466343130569769688,3
6466495560495492939,1
6466575377257687694,3
6467215169395229532,6
6468630155721018026,1
6468701902989198725,8
6468709650545409041,0
6469063451778532704,1
6469549791866439581,1
6470255489026689967,0
6470429907316635057,3
6470840817451507091,1
6471023772326360106,1
6473666408365130853,1
6474700495732203852,1
6475430201453721513,1
6475566019294898937,8
6476274754332687394,1
6477208110706384245,1
6477331751757373988,0
6479178595109659591,1
6479634565032745191,0
6481099177888515324,1
6482157749245012946,1
6482352603916403152,4
6482756631631441004,1
6483409970795079454,1
6485515335854117091,0
6486828925203493700,1
6487087566252253398,1
6487270888039167407,4
6487306881730128876,3
6487484465504734277,1
6487976172435657514,8
6490018413005555473,1
6492489344990292445,4
6493107556651618478,1
6495484866542253279,5
6496415130830797458,0
6497123060009861497,3
6497723989704591260,0
6497751944428287551,1
6498532816258565519,1
6498766174834567403,3
6498907367065072871,1
6499028007442668846,0
6499042008651917693,11
6499183439862387013,8
6500223685145084375,3
6500485650649743991,1
6501375213252623770,1
6502202148676054256,8
6503126489214959685,0
6504350529270464980,1
6505703663224043518,3
6506489009063656248,6
6508202380167336644,1
6508579913200404132,1
6509947647509591814,6
6510379844030786765,1
6511425313552972752,0
6511926755504959229,3
6513044530294604534,4
6513609031134591237,11
6514062700824694738,1
6514493014637550758,8
6514604920697791423,1
6516214026986941994,1
6516328695941429217,1
6517110694739363619,6
6518127240336402935,1
6519315449687056465,1
6520330082120755160,1
6520528150528384710,6
6521361431543934805,0
6521476577264119794,6
6522904323156066474,3
6523624242523564543,1
6524118899287897449,1
6524504537283197555,1
6525002432493299202,1
6525313466427457554,0
6526795634450558491,6
6527807538883845056,1
6528047755322818773,1
6528618419856127452,1
6529250069925079887,8
6529611931988750000,1
6531569450991561326,1
6532149233050804312,1
6532477713034049761,1
6533449790153807489,8
6533711349086671734,1
6533737166045284834,1
6534226643497753487,4
6534233879274543195,1
6535263193272653070,1
6536266153574466516,1
6536373751529972742,0
6536533491901817951,1
6537394575453502797,3
6539327643000612877,1
6539528613267923065,8
6539814801402459805,1
6539945899172003456,1
6539984336034883855,6
6540604815406427114,1
6541176395940413472,0
6542592144596063478,1
6544576607394237766,3
6545853835798904240,8
6546275623522710385,1
6546299096876364086,11
6547369788105078000,8
6547606355637782856,4
6547729596040509998,4
6548528982248932381,1
6549711837668066730,0
6550840151001335020,1
6551505649207801018,0
6552130994040918615,1
6552418180158772377,8
6553146209195245272,11
6553385638299247335,1
6554048739194358237,1
6555265700471321073,0
6556330535599169335,3
6556854018013706836,1
6558765472581812531,1
6559194755976123869,0
6559606053823168044,8
6560011739146506459,6
6560520357069816733,1
6560907963901042631,8
6561298326050070394,1
6562246675010194499,1
6563208674103064629,0
6564936213292869988,8
6566051927569845875,6
6566626544455640056,4
6567238221370546032,1
6567621421684818323,1
6568270130829956918,1
6568407330504668931,3
6569144868585892594,1
6569315529776538952,0
6569408388921087050,1
6570193941906444402,1
6570417221317871515,1
6570889997316435841,1
6570970555345490193,1
6571157256102517622,1
6571537665268674798,6
6572099127144408646,1
6572926992544874707,8
6573618862488853481,8
6573662292691663108,8
6574622907940392841,1
6575801101072904936,4
6576380970232041226,1
6576787901089481900,3
6577385815786861531,3
6580595116162218237,1
6581521916630120356,11
6581730414336500823,3
6582626772089107580,1
6582991663673814841,1
6583277239266388042,1
6583756684942329540,1
6585131724432088327,1
6585818637227037464,3
6586560612275446195,1
6587615171474300533,1
6587912777051090009,3
6588882889235414349,0
6588883109246055562,3
6590181705119004091,1
6590601711423966985,0
6591806129787785817,1
6593536747258876053,1
6595221700367230702,1
6595330354158256965,6
6596408504395735775,1
6598353830655776287,3
6598910560070837541,1
6599050355166497904,1
6600072920237970044,3
6600536836939430439,1
6600992837885715235,3
6601107140789240150,1
6602022511644296142,0
6602039403311821908,1
6602208668871313807,1
6602987800871060573,3
6603008653638939017,1
6603483811438767189,3
6603594443856441473,1
6603848085362103344,1
6603947115243217431,3
6604728773479221839,3
6605596171149301462,3
6605709525137617500,3
6606315474929194347,6
6607344776383104325,1
6610276504306501714,1
6610558236145883474,8
6612003244188194835,1
6612185328483674999,8
6614554911998405486,0
6615290154273137173,0
6617537201234211258,1
6618050731122867921,1
6618237313830368155,6
6618919380671775349,1
6619830600370418738,8
6620088130207483124,6
6621195301409821177,8
6622135970643709471,1
6622199249763474259,1
6622651571032163611,1
6623334774250031727,3
6623501157829881597,8
6623829392733876798,1
6625185301229775631,3
6625799867947962656,3
6626454758224075818,0
6627176676923715474,1
6628464961619650480,1
6629328366790910134,1
6629794280690355940,3
6630062340093065644,3
6630528014042364114,1
6631069437738804534,6
6631352858457956363,8
6631606113484642939,1
6632364104952383953,3
6633065239491773817,1
6634597396380128363,1
6634951478440356665,6
6635302993236887229,1
6635929580645357395,1
6636118830015917619,1
6636195096278400362,6
6637009956362363962,8
6637126734669149198,1
6637331410338798657,1
6637385266283001520,3
6638764246480158119,6
6639313295097473200,3
6639634636048493135,3
6639696687845337435,1
6641494712241884541,1
6645777015401113354,1
6646217205204977815,3
6646498129457312450,1
6647376765736095690,1
6647419488493416397,8
6647737380624077905,4
6647747942787068087,11
6648240967922117307,1
6648413342399866677,0
6649339985085650121,1
6650242176380492727,1
6650456092676927669,1
6650823722039132869,1
6652843271687508871,1
6654482055771747513,1
6654587741905886633,1
6655934270802948551,4
6656921730278789549,8
6657053373988626257,0
6657958427594561584,3
6658332306142131735,3
6659247087102468832,0
6660540153748191818,3
6662621391686841906,1
6663061796355746439,3
6663095068032896718,1
6663241509649588548,1
6663391435957057884,1
6664209637492882257,1
6665376869678757333,1
6665539557252913698,6
6665545345657544221,6
6665682784032092238,1
6665694299186506680,1
6666046671325354050,11
6668267153774897260,1
6668531874518039171,0
6669535247393916363,8
6669655116751988004,1
6669863728111724084,3
6669889834733493118,1
6670070321819421432,1
6671134883120780206,8
6671765157689381129,8
6672131021065206997,6
6672302326141988616,8
6672649736817971032,1
6673681344737642049,6
6674073078760778265,1
6675891767873438829,11
6676861303840407948,1
6676985301448571975,8
6678194020222639262,4
6678204668868662991,1
6678536660890086096,1
6678670027672145379,3
6679229867622579057,3
6679238478863892656,11
6679264110459459674,1
6679918649714812632,8
6681024906598533900,4
6684110814147027323,1
6684947325131589040,4
6685750855647738717,6
6685761611930137280,1
6686387404880209121,1
6686870960969959905,1
6688566642960064379,1
6689739328473189582,8
6689822992697524527,1
6690390688225908511,8
6692938295895574170,3
6693056103466134720,1
6693191641459716906,1
6693880093012698686,1
6694678553546347694,8
6695251136513656853,1
6696558577891414632,8
6697646899110691161,1
6698814906118487331,1
6699351905857735579,1
6699490456649073761,1
6702855733993773630,1
6703307556618832836,1
6703973392297787106,1
6704413852589536931,3
6704442180623637776,1
6704818707498119374,3
6705616856549778158,1
6705649506714404731,1
6708487134185141736,6
6709110537597418848,0
6709422392613462134,1
6709964693399381681,1
6710513703380855829,1
6710848634060947960,8
6711665978901325696,4
6712146128879818971,0
6713915344567455699,0
6713919783353333495,1
6715516194678779780,3
6716074174884629598,8
6716402053981310798,1
6716475770644842191,6
6719033990681170390,1
6719167796042842647,1
6719461473796368345,1
6720040733591567011,0
6720973272828410260,1
6721181408686794756,1
6722591804430418221,1
6724266020813654562,1
6726541698084486737,0
6726715817556005605,6
6726862991819179660,0
6727239054025085167,8
6727379566056481468,1
6728213517828878411,1
6728751894861408046,1
6728871251989780271,0
6729398112880291011,1
6730003158114393610,1
6730073889112601791,1
6730405675565842708,3
6730644247155252403,3
6730848463245292204,1
6731836714080886479,1
6733502670823678822,1
6734013189321160172,8
6734191281054752196,6
6734357328215217507,0
6735013175234703609,1
6735037424566894894,8
6735192191628932204,1
6735728733909614859,1
6736541753278460661,1
6736638529783533540,1
6736743274306536902,3
6737087059766380804,1
6737160961751344100,1
6738268257081165988,6
6738321669649690626,1
6739218049939966856,1
6739696235679330307,1
6742219136418282432,1
6742283287258893437,1
6743080418100737045,1
6743674264759015540,0
6744900283082427996,0
6745043495733594632,1
6745497947345683484,8
6746753934328987381,3
6746891125794511327,4
6747247090342971541,1
6747323096784349069,0
6747468559969401464,11
6748398778848768890,1
6748427810201911377,3
6748856268323867300,0
6749395985469604633,0
6751707749570279670,1
6751753595730608604,1
6754707516336992424,0
6755512730258427339,1
6756068694628930787,1
6756373121732388070,0
6757687595653348398,8
6758832293985756883,1
6759015537653341227,0
6759248788724705643,0
6759321488616121229,6
6759795958204398417,0
6760214024955445083,3
6760405656632090359,11
6760669278084504934,3
6761532714510397087,3
6762384037098660231,8
6762399588952251647,1
6762766518296007452,4
6763370571584334066,8
6765616427594529009,1
6765908501302345697,3
6767283287478150149,3
6767485791107866350,1
6767596541170989538,1
6767701784392873645,0
6768252598001638051,0
6770472256024411983,1
6770903716286332537,1
6771035469224420488,1
6771871971563427589,1
6772132811659433314,8
6772733156472107740,1
6773336432932063071,8
6773472912800657464,1
6774930612903819281,0
6775070561381979322,3
6775113937652068954,6
6775607121243655698,1
6776048776666012827,6
6776924609959157515,1
6777777030494019229,6
6778146964009367098,1
6778948312309528424,8
6779936046916465810,3
6780101528232222357,1
6781293356058705690,1
6781368625344835903,11
6781769974589237800,1
6783356335815120497,1
6784303606170189424,3
6785559897150947866,1
6785597521135067362,4
6785979597470012603,1
6786000552965578117,8
6787272778292904665,6
6788432333324975077,3
6788553956478486939,3
6788773600674735586,1
6789180563514322956,6
6790271800320014250,3
6790856856964528481,0
6791318767401594848,3
6791589386722068161,0
6793882713028812631,8
6794163006447541819,1
6794843847671759961,1
6794851051216038707,1
6795334225785057947,1
6797344885761386747,1
6798623428159917963,1
6799153658629221543,8
6800267689751799122,3
6800393128070641174,1
6800477859721443164,1
6801004890950739327,1
6801783422718456344,0
6802392209726754025,1
6803472433367806882,1
6803756554630236254,1
6804099647267451522,1
6806497011036089908,8
6806651855455070098,6
6807805503726229005,0
6807958519177985307,1
6808545657467949985,1
6808683672189959649,3
6809315202947192314,1
6809459634754136271,3
6809582805645905639,1
6810764630501429648,1
6812810566353323755,1
6812988125904475537,1
6813027070581738271,8
6813723143552840725,0
6813757227752843852,1
6813975204125400509,1
6815136909966896930,1
6816096533430491827,1
6816169846869943353,1
6816734006332793764,1
6818470892370314208,1
6819581611210910083,3
6821228329171782981,1
6822933735559447955,6
6823557795386239548,8
6823703278088127590,3
6824515985323126586,3
6824952417275123466,3
6825656920991228247,1
6826167877938585570,1
6827219869244446211,1
6827227789958204337,6
6828175563887138756,1
6828770300883156115,0
6829299729053432101,1
6830523008763702655,1
6830913071192052701,8
6831454415491519628,1
6832198495366871107,0
6832272955297740194,0
6832799668056681650,1
6833383539919533845,1
6833609816873390770,1
6834725779685431525,1
6834770336244424314,0
6835319939176015641,1
6835881547890223692,4
6836106668852657753,1
6837919393040712077,8
6838095653107096323,1
6838163567127455085,1
6838474437779677800,0
6838701276135902040,1
6839932194994693802,1
6840010978690932667,1
6840334173354627096,0
6840344428923785208,4
6841579197753310636,8
6841699930181626169,6
6842227413476077843,6
6842400925449568660,0
6842401321095356710,0
6843015701671149623,11
6843651712670710528,1
6844024184529534776,6
6844499063576363008,6
6845805907203876330,1
6846606625334908883,1
6847535007347602544,1
6847817462363410344,0
6849769618571041219,6
6850159676413245672,1
6850202201013294911,1
6850634847988747701,0
6852299711169201164,4
6852878524841122441,1
6853271375219707986,1
6853416970232363515,1
6854434248176981134,8
6854490907403695457,3
6854577580729949758,6
6854645952305369466,6
6854861772834968172,0
6855621041236356361,8
6856243370314568565,1
6856362563352016135,0
6856990755153608244,1
6857007767713340964,6
6858600474265219626,1
6859003683685893648,1
6861225714687761741,4
6861735849671881669,1
6861776981849859756,8
6862549344262628759,1
6863779986721914278,1
6864563189133432026,6
6865872016027479570,1
6866211300587055644,1
6866666988552891168,1
6866993893986726984,3
6869018447456516636,4
6870097225442868101,3
6872407563022098065,1
6872541794909661625,8
6874678096028677381,1
6875797495857841751,1
6875867865606939432,1
6877228455852000599,8
6877956459401318953,3
6879219155679289425,0
6879845529450407288,3
6880118555509169357,6
6883038229547869745,0
6883235224178828275,0
6884526071806835308,4
6884856587329250740,0
6885029891285370464,1
6885078001998359022,1
6885807657976149470,1
6886995193342621083,0
6887990512183911208,3
6888300867578983331,1
6888884260561310973,1
6889695376760716450,1
6890097992568335615,1
6890123691273719142,0
6890534330963336317,1
6891623928703809201,1
6892053375132647309,1
6892951171189220452,6
6893696200423380966,1
6894408013193402295,1
6894430826156268901,1
6894585444911691503,0
6896955884552624143,1
6898635604511289605,1
6898689809477097386,0
6898999203350984728,1
6899498096286499041,6
6900648765154632072,1
6900668689965067890,3
6900913293365931508,8
6902224551048676367,6
6903011934745094509,1
6903833967051880642,1
6904640534364023907,3
6905891063980614299,1
6907407947041755262,8
6908312568339762167,1
6911226572869900396,1
6912215047136861735,1
6912968549444317672,0
6913753450993750014,1
6913956746442240254,3
6914121353028506130,0
6914414513158583555,6
6914573514880047222,0
6915407519045582953,4
6916360463589115769,1
6917912358406702187,3
6918636430270277879,8
6919421546460056935,3
6920509732441224135,6
6920934196949727201,1
6921749885804552642,1
6922610086314137917,1
6923168054193155642,6
6923581235860340475,1
6923737447089978706,1
6923966575182588146,1
6925510618189532245,6
6926004923867112027,8
6927779584286861697,5
6928001970500479864,6
6928302687180869917,1
6928597686197583482,8
6928958600800518153,1
6929904906736720414,1
6932173345437547164,1
6934377690223029201,1
6935057013230713289,1
6936745390814853464,1
6936886427611069990,8
6937254964717486660,6
6937831403618522825,1
6938636024772211540,1
6940050406982345535,6
6940475814906087277,6
6941401070057988372,6
6942839481798575768,1
6942961426212949488,8
6943528175320128262,3
6943640142680568990,6
6943938016624291710,1
6944680142046925091,1
6944879810930994077,8
6945599335963836401,4
6946422658432338613,1
6946701405542045190,1
6946879169514180533,1
6947916023021457994,1
6948335495126480008,1
6948919286158445531,1
6949364596195975701,1
6950109237026585625,8
6950411277012810779,1
6951671168157596932,1
6951904095520696412,1
6952139270799788837,1
6952722105207900411,1
6952756111073575858,3
6953244271524304815,6
6953793419346576685,8
6954501048505689659,0
6956386314858320497,1
6956523386032984696,0
6956805719646592390,1
6956938747989274092,1
6958372371005906893,3
6958673632897998178,1
6960842604298900623,1
6961971354897849068,8
6962673668827060532,6
6963312219468116365,1
6963638072165599860,1
6964000928602872815,0
6965282920818692830,1
6966088124272432986,0
6966396713851954289,3
6966701417258114333,1
6968008900992943110,1
6968624294187749608,1
6969263619978993968,6
6969327656826562053,0
6969532253369639876,1
6969780381012732370,0
6970293409503356836,1
6972151742097339407,1
6972831858003188410,6
6974912180809954484,6
6976320237549415249,6
6977580724986216880,11
6977619499777467025,1
6977930769261168035,1
6979585883357431000,0
6979703132152012172,1
6979810746045389129,6
6980634861819365778,1
6981112521920159576,3
6982033364876889207,0
6982771675114032214,1
6982820239122633915,1
6982995807186643533,8
6984544143292313177,3
6985927662348481769,1
6986079198374183360,8
6986472724592426203,0
6986735946693181969,1
6987287612459756428,1
6987519375833364854,1
6988482682277639827,1
6988640886101758203,1
6989013304720779900,8
6989094700274811196,4
6989377882518604195,6
6989619773987002189,0
6990087635283116452,1
6990566327284846470,3
6991818336062414905,1
6992288130439491197,1
6993207432366600030,4
6993255935297017108,1
6993558343828208236,1
6994139817440918018,0
6995485564372780114,3
6995693022625909935,1
6996194389878584395,8
6996199096562401850,6
6996860248289952378,0
6997674285382968298,1
6998695636062901479,1
6999674312862017145,6
6999943304826783015,1
7000791835158915509,3
7001214620755847248,1
7001563914142046367,6
7002081970774525473,6
7002469854991723145,8
7004418155414878938,1
7004525668496279572,11
7007835482610004131,1
7007952852712690494,11
7008279672769077211,10
7009186467700647318,8
7010555511470433315,1
7010746172340794576,8
7011437493054291590,1
7011816299037716215,1
7012496022008379140,1
7013933816171440042,1
7015375815164157896,1
7015528291012004805,1
7015538779733073024,3
7015544239683298772,1
7015683649219995081,11
7016515906946336318,3
7016621288596667634,1
7017260694140301525,0
7020454344811056730,0
7020830688741732033,0
7021207890856924160,6
7021411292872311530,1
7022919126815785613,1
7024179044580241535,6
7024376102976501654,1
7024462080548771425,0
7024952765527042185,0
7025603709805860232,8
7026738464718379658,1
7027498430957091051,3
7028882961661350895,1
7029693330729062021,1
7030145302331799315,8
7030540054070952039,1
7030864029699345907,11
7030929813198089806,1
7031175324414481357,0
7031371928575202096,0
7031579332935472564,6
7032263465035689015,4
7032478048486304696,1
7032730051357574981,1
7033704237476739359,1
7034003875774397801,1
7035178351798876499,1
7035637585773265449,1
7036163689583059244,1
7038056367046383563,1
7039397465047335354,4
7040729642133456394,3
7042622430734864200,3
7042855536935821658,3
7043528336411409498,1
7045484742126112319,0
7045522136141734107,8
7045714177094775631,1
7046184063586931816,1
7047397809145398327,11
7047874873008133438,1
7048121994059351485,8
7049715383309329392,1
7051967717932583281,8
7054436681294267872,3
7054572419613474383,8
7055425783278860585,1
7055855067659268030,3
7056736539548522068,1
7057238051245024225,6
7057702030424138911,8
7057958874251493647,1
7057985677710269394,11
7058009360254070132,1
7059707312284431171,1
7059886816103812130,6
7060434397663334881,1
7060886087536132077,1
7061601857091807679,8
7061685677181380982,8
7065116544018993915,1
7065478778587743162,1
7067484481940517377,8
7068377273349697602,1
7068649719041448001,1
7070018214417320584,1
7070866759194251245,1
7070944352278343241,11
7072729129230284295,8
7073011400427889468,4
7073203534232236389,0
7074240018501691727,6
7074294278484564498,1
7076076174947688891,6
7076445049123254391,1
7077011914927121929,11
7077190891094526917,1
7077212830108512399,3
7077318901566671912,1
7078050811006934153,3
7078419890043174586,1
7079773520084450354,1
7080251338630239209,1
7081513950570844128,1
7081680238140569482,1
7083269273053581679,0
7083749632757792459,1
7084584707065352971,4
7086222712481381738,1
7086686875222764412,8
7087056490567800420,6
7088882521686707712,0
7089104197034449886,1
7091841972560339324,0
7093277993914098438,1
7093641331832829158,1
7095569644721716844,3
7095799665979138769,6
7096348363643778877,6
7096531325809870381,8
7096606554969242349,1
7097006973397578588,1
7097683845896674239,3
7097745229171448190,8
7098604916997730421,3
7099216349048045387,6
7099499700029637664,0
7099730597852449417,1
7104355566882118735,1
7105200131556563153,1
7105231685582449618,6
7106611971993754609,8
7108461399778835809,8
7109041973866372418,0
7109184001366209945,8
7109212869711049885,6
7110288884077979737,1
7110368995340240356,1
7112907336017723815,1
7112984854768846045,6
7113736357220593761,3
7114772211381988134,6
7115308327704515621,1
7115524409619947344,1
7117517537028727951,0
7117728779361783682,3
7118281235127916787,1
7118543434827125379,1
7118729909549082669,1
7118846937121986331,1
7118911160931186206,1
7122347140730063731,1
7122358142732951041,8
7122460910286990178,4
7122535452106405338,0
7122577297857999585,0
7123193598233959701,8
7123455288781306838,1
7123522520282489917,0
7125131686672993627,1
7125292695253242400,8
7125460219339355941,1
7127357745594252683,0
7128015244048603685,1
7129613008138017686,8
7129660402349820380,1
7129953017403442650,6
7130043314531159734,6
7130580860241911672,0
7131972828206279664,0
7132036880371717791,1
7132232783467102702,8
7133117991256728281,8
7133573720243755974,1
7133863357671553510,4
7136106859372334160,1
7137330575142081744,3
7138518373897205258,6
7140191580061461005,6
7140381232887966765,1
7140586580799163104,1
7141356689119333562,1
7142553124838636730,1
7143168768984269819,8
7144759495830480653,1
7145204279083936425,8
7145733201652844454,4
7148501434925676763,1
7148528914496512028,0
7149239389719847653,6
7149770444660212607,1
7151308784443353271,0
7151344799970324813,8
7153052394068500560,1
7153545638299258109,1
7153672151513529038,6
7154014603026306001,0
7154573268594225800,1
7155151730704429920,1
7155512739642292397,4
7155842824846269996,1
7156874335714685974,1
7157211529964111485,3
7160120931546408279,3
7160447974271620387,6
7160764053931337311,7
7160812974842217734,3
7160939208864597497,1
7160975719304365720,11
7162229689276438663,1
7162246307091465257,9
7163517358667666197,1
7163557456316903723,1
7164510237169436202,1
7164655009748752476,1
7165068254440859422,1
7165075119817977274,1
7165508425474762472,1
7165939739964393997,0
7166844714243102652,0
7166890299061182463,1
7167485293862220799,0
7168792264343856790,4
7168850772111881614,8
7169347067596634974,5
7170136652868838267,8
7171224604121578257,6
7172932571716101190,1
7175743735762116952,1
7175945677757046854,6
7176222791546391059,6
7177893307679598567,8
7178080025451301628,6
7178176230783969459,1
7179040279889473311,6
7179850631611902230,0
7180263358016729488,8
7180298255440967383,1
7181366104553567969,1
7182000320127885020,4
7182956920651096011,8
7183898969917216491,3
7185265835805687190,1
7185715312068829621,1
7186005074148385826,8
7186435256333277418,1
7186870830028116552,8
7186980907039627860,0
7187090537053434798,6
7187205814164240116,1
7187357034223963563,1
7187637992235492794,1
7187793900950006722,1
7188062328584066074,1
7188725293224652997,1
7189604122335444151,1
7189835758205473764,1
7189940110598679411,1
7190164053729741101,3
7191038126559530946,4
7191800336562609118,0
7193048100704457403,1
7193955126667540456,1
7194943883245628915,6
7195425263943975392,0
7195479396753783980,8
7195908673093431432,1
7196389079479198902,8
7197017431842982644,1
7199120433325235851,6
7199150132111025337,3
7199605271128323424,0
7200063013434347734,1
7200126463182290415,3
7200427090678309568,1
7200843110651607937,1
7200868563445083300,3
7201338384148928179,0
7201339501460340607,1
7201694828847214891,1
7201835636065377222,1
7202525641064781838,1
7203740896663282667,8
7205499313242209418,1
7205652170879311955,1
7206272960825976955,0
7207986545805862101,3
7208962887408228886,8
7209204405633291228,4
7209649493084301623,8
7214966645001124316,6
7215977976517893094,11
7217247647317357402,0
7218471613362651286,1
7219853452601241512,0
7221246348217161430,6
7224508415151554954,0
7225209234728516045,0
7225666889064806409,1
7226176149221431966,8
7226706747066095513,1
7227677134963934130,1
7227757096182145953,3
7228394071291451591,6
7228855902021006130,2
7229662623843824794,6
7229839337217303353,11
7229902976961254481,1
7230125776359948297,0
7230601819868986064,1
7231490463136154050,3
7231977782354157534,1
7232788674686660193,1
7233483060617031024,11
7233782740115174622,1
7233970817239624341,0
7234902659706868555,1
7234995436362384816,1
7235555209734633019,1
7235938446696055800,6
7237642103276156929,1
7237752027190682890,3
7238864820646719903,0
7238988765311307383,1
7239423282574449577,0
7239517767242284024,1
7239642706556970888,8
7239676084394784755,1
7239952458319141113,1
7240182103190228945,1
7240318121417451594,1
7241075854954804785,1
7241447685725787846,0
7242248233282815481,1
7242314291446432046,0
7242446419109230860,1
7243269426708227997,3
7243323278173676182,1
7243752720445379046,1
7244460368664462157,1
7244593234449889615,1
7244717038604260857,1
7245658187341658794,1
7245930659169681101,3
7246111465911606991,1
7246444061543985982,1
7247104367936587616,1
7247479100935532634,0
7247985612172454700,6
7248751754364343204,0
7249353876612201416,1
7249962364767784251,0
7250999824855848385,0
7251686900593692756,1
7251927800894307689,6
7252089993426730519,1
7252531957210364219,1
7252735915026389457,1
7252977390592029463,0
7253330698915575401,1
7253380891093890624,8
7255179113378538209,1
7255390229450384650,1
7256313041757803453,0
7257435658750211592,0
7258487249565279201,1
7259175782740960888,1
7259747568978222270,1
7262069517196762970,1
7262528717806248325,1
7263009078951667188,1
7263372725646372497,1
7263944332659641248,6
7265660002492151727,1
7266811683079569880,1
7266929756094725568,1
7267427061853155164,1
7267537300195278279,1
7267625426271866778,8
7267766302628333765,1
7268702650082125958,1
7268834255052700899,1
7269269129399661999,1
7269515567090490026,0
7270296855281899841,1
7271532409555340754,1
7271641788449462307,3
7273146938732529791,1
7274154351756011729,1
7274295125946063671,11
7274517123869708794,1
7275552610681444756,4
7275708172548923899,8
7275805699754221854,1
7275895226213644376,3
7275976660948782416,1
7277044441321400727,3
7277913897865642121,8
7278047132866576265,1
7279085185784654625,1
7280363510134825315,1
7280896221720818437,3
7281429775914752193,6
7281757242110641210,8
7282477512681147868,1
7284336254444627789,6
7285362877657612230,1
7285539307153666222,1
7285959287730529819,1
7286585381804565885,1
7286919845150880321,1
7287235075087447583,3
7288484728026240171,1
7288554907313660642,11
7288633948990274038,1
7289052002719015842,8
7289481154142505510,6
7289674447455988517,1
7290566436639674160,3
7291052136860071417,1
7291422315456424713,4
7291561023946375734,8
7293616606906019305,8
7294363748735604576,0
7295473802261642120,3
7296025871014460328,0
7296979981643873686,1
7298509003609282975,1
7299302152317288741,1
7299387759753701808,4
7299581723094639692,1
7300467836445934148,1
7302374018751482383,1
7303652422847086476,11
7303727547909649253,6
7305458221736977482,4
7305641089115984602,6
7306833504186820223,1
7307608333114625644,1
7308015149839436169,0
7308427419978111296,1
7308794844941001466,3
7308851742195780214,1
7308858844099241561,0
7309758335789097541,1
7312671617068507220,1
7313252717223777072,1
7314499513767716447,1
7315188558247791769,1
7315423845693016743,6
7315592180866222829,1
7316449414851191002,1
7316540384577224466,1
7316889599660798557,1
7317238082066279717,1
7317929945264593944,4
7317960065331314785,1
7318080435761028962,0
7318090995548918210,1
7318869530383392089,8
7318891414205759174,1
7319040062071396295,8
7319312664871001406,3
7319378721169755376,1
7319548076451097064,1
7322166710260428509,0
7322411411910994017,1
7323067205626439826,4
7323480904497635335,1
7323967665478524083,6
7324026937517022575,1
7324210158843036792,1
7324488976584151236,6
7324974180549900890,1
7325438511489048627,1
7325648785026271263,1
7326157984777130681,1
7326176602695982563,6
7326445640831728009,1
7326474882767347182,1
7326477538554817282,3
7326509843245039905,1
7327355118935042963,1
7329322015573794261,0
7329564097696182618,1
7329647226040854929,1
7329687763235271927,3
7329697494265411446,1
7330313944212918062,3
7332060492145812731,1
7332895026103267166,1
7333006829265792396,11
7334665610194699862,11
7334970159751736433,6
7335436656679086655,6
7336281238906638982,1
7337148117609510990,1
7337409795614811837,1
7337871560551621973,1
7338413055978190526,1
7338606065714475700,1
7338626532510139123,6
7338705621652027394,1
7338706440973270713,3
7339482697466237703,1
7340356270679905425,0
7341773797403451944,0
7342022561458178142,4
7342620588561404210,6
7342988127338044313,1
7343037410013445519,0
7343670664648626253,1
7343988212320127245,0
7344004766543666807,0
7344562686205640955,3
7345243746554130789,1
7345303321151122940,1
7345818898047268964,1
7345843297385803654,1
7345937411090818093,8
7346185635254981643,1
7347529544781244034,4
7348407343777411490,8
7348572499393934811,0
7348907595283462622,8
7348928819111395277,1
7350767739034487609,8
7351053115933941394,1
7351347925288208483,8
7351393828059109759,1
7351539007477053250,1
7351614979922292157,1
7352364190739395545,3
7352498075859366484,1
7352772543168163240,4
7353085385710479165,1
7353257698537476253,1
7353670681120975563,1
7354169227813880290,4
7354819026695906720,1
7355244061318939251,3
7356989663605882419,1
7357616985753129977,1
7357896252045195425,0
7358488945332099121,8
7358919886633276170,1
7359259963898795950,6
7359549106786233741,3
7359839234102838118,6
7361573125695157395,1
7362112536337277792,8
7362149085962708450,3
7362243246455070203,1
7362301918533449149,1
7363347321104365822,3
7365382489846780485,1
7366151848509456684,1
7366231733133175355,1
7366233246130759144,1
7366651021691166094,1
7367252069761167452,6
7367656712529995197,1
7368377880368184664,1
7368906459773705175,3
7370292272252708390,3
7370451950566736979,1
7370836319212068210,8
7371613326035931979,8
7372557581343788304,1
7372782809359995419,0
7373311326748452044,8
7373666624077324205,1
7373855636366949203,8
7373923125080270529,1
7374171565910315186,4
7374598324062221264,8
7374604766253161855,4
7374709106151168632,1
7374908470192505063,1
7374937473660307142,8
7375827875278219734,3
7376792477505453513,1
7377697237713982675,3
7377780068391921784,1
7377978413633946426,1
7378276846645441433,1
7378648738181454161,1
7379145044250435225,1
7379367415790314306,1
7379887289344298735,4
7379959146007064797,1
7380819197454419172,8
7381152960626506881,11
7381856612630340835,3
7381943314622883867,6
7384911693793969421,1
7385266493294879105,3
7385562702975684286,8
7387631781778889611,0
7387813391003536886,0
7387853791277506180,1
7388114137322491463,1
7388835057960817339,1
7389131753930010450,1
7392810558101337935,3
7393183728358910653,8
7393345559302227549,6
7395973664141639088,0
7395989519410205864,0
7396566104965375536,1
7396883796528420987,1
7397276837404388769,1
7398800301215609565,0
7399490341178658369,8
7399891988976440469,1
7400810418512993168,1
7401939670866928844,1
7401983737313713599,0
7402025796728823075,3
7402519980063076293,8
7404383946257649791,6
7404670958682385273,4
7407173068057788052,0
7407365935722115229,1
7407380822008969218,1
7407450283408383255,1
7407972537904563857,6
7408183644649111279,3
7408352197483159129,1
7408910108050283890,1
7409100024045179646,8
7409744673710095950,1
7409864128615420937,1
7409930106303228094,6
7410076778607898073,1
7410512132868111071,0
7411556259555775714,1
7411880754485678019,1
7411960041026482351,4
7412272691819012397,1
7414807855934267808,1
7415798035814253192,1
7416382300599579425,8
7416594254535012490,1
7417711416756592629,1
7418546877334625181,1
7418743503055506354,1
7419045911076520440,1
7419596232577307647,0
7419618261257092171,6
7420882489167329474,1
7421466981272633931,8
7421807171112120094,1
7422270761058996355,1
7422295464408989792,6
7422799721436596478,3
7422823781871438284,6
7423079305113163291,0
7423959170594503314,6
7424137988316666413,1
7424233426986183787,1
7424444621124942098,1
7424703688108249364,0
7425421513657425749,1
7425730220220443958,1
7426185267108780542,1
7427311606938902699,0
7428200620024832998,3
7428372125339208063,3
7428580627654080207,1
7429063297854497613,1
7429160381228944071,1
7429863532984683671,1
7430098854692016026,1
7430537886199072862,3
7430788640736130337,1
7430829430872895530,6
7430935863058292793,3
7431402709185493943,1
7431979579145902378,3
7432655886900332343,1
7432703778583050534,1
7433276328926113055,3
7434168049700389833,1
7434863226475442433,1
7435198393681047264,1
7435477229172322353,6
7435536416057295604,1
7436846201592728386,11
7436917137451150130,1
7437273468863623697,8
7437453088199191851,8
7437462110814705943,1
7437668535139550319,4
7439212795117003065,0
7440999138872311416,6
7442579879502732264,3
7444139959016934254,4
7444938465050499458,3
7445984137195260703,1
7446144004322363437,0
7446176268194571959,3
7447838508080556612,8
7448018988139153536,8
7448310153845746489,8
7449237736673755687,1
7449437767257922180,0
7450066612452549684,1
7450693742971683961,11
7451166452100792571,6
7451364210593652085,1
7451967130455588452,6
7452698876268041120,1
7454644032823731820,1
7456875946296396088,1
7457489958257876280,1
7458529122795453137,8
7459935777126484190,6
7461044498272091019,1
7461127960533679746,0
7462331143349016031,8
7463509989113991567,1
7463737290662556342,1
7463904474197912931,1
7465237338092329096,3
7466040826755767610,1
7466212817858295738,8
7468993053185558577,1
7469307072569272628,6
7469334104358315913,1
7470519607579441618,1
7470841433091757643,6
7471375420030602627,8
7471994667836091934,1
7472380541857253837,1
7473450757516839064,8
7473797116333788596,3
7474120293727489009,1
7475411224736559720,8
7475680242139601697,1
7476263839134495103,1
7478260833980102738,1
7478379240567839900,1
7478501929109819208,1
7479830852063095763,0
7481276284099003760,1
7482015551363678934,8
7483101270532167309,1
7483290584882451539,1
7483580866619608127,1
7484646688024895395,3
7485014044592168880,8
7485839719788612520,1
7486942821372101102,4
7487262370495156806,6
7488006000593377861,3
7488172145871499569,8
7488855060251452169,8
7489923904286676953,8
7490595308132649329,1
7490722793963679355,1
7490751924053338361,6
7491825871594269417,0
7492054450393145036,1
7492334511816458014,1
7493495699309731180,1
7494193003017738382,0
7494477384120849189,1
7494519010608676458,8
7497242739346358763,1
7497593364405142566,1
7498347348842342840,1
7499191066786183893,3
7499365205154231237,8
7500528799782145822,1
7501308125722777480,1
7501408849567210936,0
7501455265403424941,3
7502117493783229120,6
7502836798538753270,1
7502924844092684939,0
7503152519879637966,6
7503628817093904376,1
7503825108751233830,3
7504014915194627970,1
7504232879415920626,1
7504415376458970967,8
7504641130214151873,8
7505363697382502374,1
7505485849727047104,1
7505495163819331501,8
7505540488328844566,1
7505820528095409811,8
7506117952343630172,0
7506902517165786890,8
7507061655636161548,1
7507915719221132002,4
7508064437670222940,1
7508116983642726063,6
7508159867459150092,6
7508789692876683673,3
7509443301234096078,1
7509656979292793769,3
7510799515071823410,3
7510884741070118678,0
7511772639717971983,8
7512634649830614190,1
7514387922491408850,11
7514582842903370851,1
7514747492848963285,1
7515735017588626219,1
7515832127294766378,0
7515861502290169202,3
7515862396569553277,1
7517440122975599858,1
7518027510915570420,0
7518108675597374814,8
7518119246626334760,6
7519153003865561452,8
7519656331799638629,0
7519920553008994682,8
7519982349509719609,1
7520400518165860197,1
7520905652840893211,0
7522319533464067976,3
7523193419675083274,8
7523818139216304043,1
7523937537709864602,1
7524498631400849391,1
7524929616235720871,1
7525339200697135665,1
7525549991091264172,1
7525817675029436851,1
7525837125756705531,0
7526196316616754322,1
7526340164228404404,1
7526467467977557616,0
7527979333198019045,0
7528330441659204602,3
7529876678105725483,6
7530088662639317478,1
7531776500189737766,8
7532858403699463971,1
7534464379906057281,3
7534533660812792996,1
7534535710555016243,1
7536693147882198965,6
7536840169866425131,8
7537981373724075469,1
7538147415834326717,1
7539340629256511331,1
7539920527901020787,1
7540288717278588841,1
7540335091384503130,8
7541302856078057422,3
7541503320950408954,1
7542231342218524076,1
7542666187123512015,1
7543080263126654336,1
7545182916145157880,0
7545366064336402351,3
7545438816668634940,3
7545946852846179020,8
7545961531822430322,1
7546240494233943593,1
7546862015762013918,1
7547086539530272952,3
7547749718377979328,1
7547798524801799244,1
7549129307547399170,0
7549164434640892073,1
7549574386896151044,6
7550682783720572615,1
7550836115352842061,1
7551184974331337151,1
7552082398055937518,1
7552438830274415316,1
7552754153218157253,1
7553424334643742567,0
7553651452502488253,1
7554401601783326511,0
7555017033263052296,1
7556612940268005685,11
7557343402184948395,1
7557534296554263270,4
7559134070762608373,0
7559182155372013356,1
7559285328478048739,3
7559333992354206132,1
7559492802390460438,1
7560289811447971661,1
7561140652540679248,1
7561146629290159829,8
7562110156394809638,1
7562917580450230996,1
7563971601695995553,1
7564435162801845787,6
7564728775837123490,1
7564888957432822946,6
7566087999146898621,0
7566537251287726261,6
7566597039146555790,1
7568558212312106098,11
7568664178545466236,1
7569091501277304174,1
7570156338879487937,1
7572127181884801349,1
7572628348217213577,8
7572752137561275197,4
7572759897406920341,8
7572764076947430519,1
7573308640366204624,1
7574002160222212151,1
7574560395893809634,1
7575552456377926890,1
7576494699959124376,1
7576525677992224739,3
7576596560403326358,1
7576601451979657314,4
7578577240008252384,8
7578708328865625755,1
7578931385196976874,0
7579511796978054226,1
7579606474647124807,0
7580363418403672910,0
7580953969100926099,1
7581468942723495050,1
7582190032193160159,0
7582432086636556112,8
7582662423282124629,0
7583131832632637400,8
7583233254349113406,3
7583430447354033655,0
7583658544685702542,3
7585413687821235868,8
7586253327442560425,1
7586482809671812197,0
7586499934708185153,1
7587167036951526261,0
7587472604222452000,1
7587844277440379899,1
7588386732289774030,8
7588648943239595421,1
7590296981711426113,6
7591653002472475879,0
7591838233060939498,1
7592049322643745263,1
7592435433392397715,1
7592771314513151491,1
7593305817693273458,1
7594704746556807673,6
7595151662947340034,3
7595954631451249416,1
7596566442347952293,1
7596786602987978437,1
7598914267445196527,0
7599047948682032218,1
7599499935762972576,1
7600838121303425850,1
7601761122950932846,3
7602307911230835956,6
7603148066689143023,6
7603149576368282873,1
7604683085433170185,8
7605108814931451408,1
7606292494237075635,8
7606805061613034275,1
7607256793535164646,1
7607280292307240752,1
7607414042855795585,1
7607414969870264629,1
7607670135863836977,1
7608151113726761274,4
7608602775398015763,6
7608608741686326991,1
7609331187624383523,1
7609751594224317584,1
7609812717398873158,1
7609823550304544421,1
7609952593403570191,6
7610852520755842335,8
7611001228405768853,6
7611414838083267542,1
7611910933533944300,0
7611999541002328747,8
7612362880760959356,8
7612371285735786838,1
7612392862046433571,1
7612609930676379051,1
7613312820553929634,4
7613371371458496079,8
7614170055159174331,6
7614814512977470626,0
7616015272949143735,1
7616072419142204198,1
7616839486077096187,1
7616977040808923143,4
7617375569128752052,8
7617786233862846351,8
7619264109509841476,6
7620753927158915019,1
7621070131484025388,0
7621126501645822344,1
7621437832633701631,11
7622680433581957656,1
7622889557253268046,1
7623169154166121407,1
7623335829448973934,1
7623578175095321568,0
7623668146429342732,1
7624625762230858116,6
7626929294512869373,1
7626961845108382808,3
7626996600743221641,1
7627173903279349207,8
7627201990121488151,8
7627563290325093000,1
7628341605572518881,1
7629500198456633228,1
7629672081778551658,4
7629685183842696303,1
7629963053748946134,8
7631312436080480633,1
7631868996070427832,6
7632294272815869341,3
7632395768492139329,6
7632597702248609599,8
7632636225995985216,1
7632677753730458959,1
7632882871718527314,1
7633031385113275060,1
7633159985777134452,8
7633695360193380318,1
7633767606604625883,3
7634095731779334828,1
7636175525424217005,1
7636381600535512733,1
7636508458938611983,6
7636925956443522777,6
7636957734955757789,8
7637127149819411025,1
7637844051133113699,1
7637905061668911833,8
7638118218645913898,0
7638188833213771498,3
7638279807413573226,1
7638416944305693638,0
7638707705508531883,1
7638833065173365892,1
7640036361203321451,1
7640104600327722213,1
7640332039303186837,1
7640719419818198419,1
7640848092899808850,3
7642915762181838814,4
7643384512263184156,1
7643494162898794934,1
7644258787355793712,1
7644446510088097181,1
7646925677904337016,8
7647458932686347208,1
7647493951314469315,8
7648436334209344608,0
7648841107251665766,4
7648932542827762571,1
7649322407634011545,1
7650798056832865072,1
7651009953016899335,6
7651614720272916928,6
7653285697586813831,1
7653368769750971126,4
7654819860764278278,1
7656658505457470376,1
7657226616118806421,1
7657317796800553651,1
7657864626685636463,1
7657931991263656383,3
7658289794260508414,1
7658722198375173115,1
7659024277994477702,4
7659200116995420625,8
7659983015573386858,11
7661370316327638838,1
7664815304107905181,6
7664833420286359642,1
7665175320887918407,6
7665376670323389181,3
7665564724457551479,3
7665645958183720501,1
7666350033985267929,1
7666436111243491910,1
7666583358973642577,1
7666767394569330945,1
7667074426922378737,1
7667132617121930924,8
7667362426249385439,1
7667821205366819561,6
7669305346277744227,1
7670621555544263801,1
7670687397234467299,0
7671420422446007445,1
7671752652817175704,0
7671854471292811133,11
7673231970705749404,3
7673439162784153267,4
7674050002355683781,8
7674272495852262753,1
7674800045116288439,0
7674842973906414763,1
7675089494211178458,8
7675907958411957375,6
7675935598166483301,1
7676827589338767443,8
7676870594302502272,3
7676871324168480817,1
7677355094059548233,0
7677500160260225181,1
7677790159219016242,1
7678719325816557716,1
7679569212972436374,8
7679835180766452653,0
7680128378149214040,8
7680843120489703007,8
7681275098446912608,1
7681467274604913760,8
7681601829156194965,1
7682626440651846486,1
7683113800345868271,1
7683261831716570357,1
7684113295741525092,1
7685475383411010627,1
7686500289863809706,1
7686619216710063737,0
7686751265262542313,1
7687812610086094323,6
7688257838116483813,1
7688398527899484679,1
7689308193552727815,3
7689606229046524103,8
7689982531196174133,3
7690041582726258279,11
7690594148257813389,1
7691031734648878591,8
7691053958911503072,3
7691112261818267354,1
7692269532993532015,1
7693879569597527696,1
7694423528697377290,4
7694848236094739792,1
7695047397340425257,1
7695801296214111206,1
7697279142223280656,1
7698485001245112887,1
7698594412176292958,1
7699696856072578995,3
7700078981453378241,1
7700534626059548430,1
7700556118331241515,8
7701508013157931378,8
7701711577209159966,0
7702150733408050652,6
7702464627003765912,1
7702976695320935021,1
7703011171101191840,1
7703738555891404503,1
7704182432043640839,0
7704739776288259998,1
7704869399914383629,1
7705093066831726824,1
7705518309270121951,1
7706272899520980888,1
7706292249479920081,6
7706762627013929588,8
7706920104719431761,1
7708261815013460524,1
7708647692188701965,8
7709148556364483919,1
7709170671810846607,8
7710097776320495368,1
7710849512547415761,1
7711079888998739347,1
7711166264263691965,1
7711972007763955991,1
7711994677620843447,1
7712906327150740616,1
7713867032014790665,8
7713928286500924477,1
7715755808451352227,8
7717452252994011206,8
7717720559218514250,3
7717722185090537989,0
7717782362699139185,11
7718528022281013257,0
7718650590798040279,8
7719224837916844684,1
7719653631245425984,8
7720109082056885215,6
7721092748801397832,1
7721727698043659465,1
7724118262756353208,1
7724527280952635959,3
7725152461555857927,1
7725753800955686158,1
7727811129895534109,1
7727854953220579075,3
7728080084514906857,1
7728509743693866306,8
7728890202520614284,1
7729019776511663134,6
7729234235203806784,1
7729729094360080147,1
7730682266346618890,1
7730871918997371024,1
7731138884988840896,4
7731212744257500316,8
7731376003102218672,0
7731761066800768770,0
7732056309542169623,3
7732318539850895723,0
7733203438703013473,1
7733769199295053637,1
7734344235907701746,1
7735163881007563284,1
7735443157390146976,1
7735597616330160234,8
7736547940800711457,6
7736699642156382404,1
7737957832578580512,1
7738061392421403602,1
7739024702399551250,8
7739184627093681442,1
7739203788891033646,4
7739722841677672206,1
7739978705391942869,6
7741160365275128465,1
7741354275233814760,1
7741657293206662789,1
7741901533120869547,3
7742031504369312320,1
7742182202591139988,3
7742218304470544991,6
7742747491130748357,8
7743290099177193196,1
7744069283581929345,1
7744384859145599898,6
7744954898081029105,4
7745330378458307842,0
7745688254049680868,8
7746386960136538091,1
7746657848402176273,8
7746961239245184170,1
7747030747815494200,1
7748582503395244316,0
7748920242314152590,1
7749026743660878146,1
7749559198947480006,8
7751480552410328385,8
7751490447745743670,8
7752012540729094726,1
7752063514394690340,8
7752093462398458668,1
7752222042300310734,0
7752660125738206199,1
7752984008092840377,1
7753036217382268026,1
7753548790390950565,8
7754713363355548228,6
7754778580608058753,1
7754972462644191266,1
7755245522906178811,0
7756386829078665325,1
7757125406784890885,11
7757722714854944549,3
7757741267105988151,6
7758349822426052487,1
7760064358254802538,8
7760286989436032475,3
7761218434403399014,1
7762060547458530893,3
7763044171907162911,1
7764909225221131505,1
7764993627728828190,3
7766062093361573347,6
7767178147797570509,1
7767674341327459422,1
7768746849481001838,1
7769516287620926132,1
7770299812845444097,3
7771509380300175416,1
7771663259492530788,1
7772177151935643698,1
7772660107288943600,8
7772665900908029993,6
7774247478913006289,6
7774469051084782952,6
7775444003098708261,6
7775703395393605750,8
7775750675620830000,1
7776073386977048384,1
7776095161437302255,1
7776096471797690329,8
7776984705784892058,1
7778523638748229744,8
7778556768921433996,1
7778577735603343918,1
7778667630552051093,8
7778781947775562290,1
7779552831681365084,0
7780261047727752718,0
7780946467585219159,1
7781571864130347398,6
7781584783801554228,1
7782804482693404135,3
7786264153109869500,1
7787561683806762625,8
7787767964242587218,1
7788680243506353239,8
7789926925619189263,1
7790375293275694565,8
7791183456399334770,1
7792907604679835974,1
7793244075639627323,6
7793269414869162059,8
7793377699167417241,1
7793434340101258788,1
7793509912044931694,1
7795179362846861426,8
7795426895580972821,1
7795696442604950105,1
7795861616657134017,0
7796056674866309845,1
7796097062898214397,3
7796154739038323994,1
7796909078356362918,1
7796969502129144963,1
7798971803223783985,1
7799574046086121742,6
7799896041613634042,1
7800297528756207219,1
7800398215371102945,3
7800531101658200642,1
7800576206608490223,1
7802245654717947152,11
7802516218262291868,1
7802658318145930586,1
7802813173111124958,8
7803279783833326443,1
7804921017961099372,3
7804941502293588658,1
7804990296729770124,1
7805269988834863785,1
7805326741626330560,1
7805571399984177042,11
7805709039972858126,1
7806305399534889842,1
7806803036967394953,1
7807105681154258140,1
7807651439837501516,8
7809049345826555539,1
7809593467822144818,1
7810455670134267747,8
7811126218341652744,4
7812457243179343106,1
7812526314631316486,6
7812792413868956497,3
7813614938783462679,1
7813615865800609642,3
7813747819149027972,1
7814484508541923273,8
7815095995249025016,8
7815287898318176941,1
7815378239731603990,8
7816624562470626302,0
7816876270735948154,8
7816926915214177014,8
7816975914790946724,1
7817972963411002178,11
7818136502556549976,8
7818248521812972615,1
7819031792228524613,1
7819129300327159896,0
7819184375881513205,1
7819521180240471544,6
7820809852431643252,1
7820947932630164372,1
7820948259385640597,0
7821089353214083610,6
7822342539906560899,3
7822419241172800337,0
7822862171691582672,3
7823472861852699854,1
7824928689771452136,1
7825884460925593368,3
7827496923419171350,1
7827805443713875287,6
7827876929572829907,1
7828242638974104160,1
7828258332250783037,6
7828653746088885378,8
7828676157225880270,0
7828736413203775322,1
7828872029350391835,1
7829294788225863914,1
7829511612773028149,1
7829923467534636523,1
7829987361870369705,1
7830067201550857864,1
7830378673671631997,1
7831329818362322562,8
7831752644095893425,0
7831919108202308910,8
7833111200510439149,1
7833166157193748097,1
7833659413818653472,1
7834522543694883059,8
7834967175291914664,1
7836240427064499326,8
7836440990521900547,11
7836674250317277707,1
7838121501849953333,1
7838987921041762283,1
7839389737454777327,1
7839938648050740184,1
7840341017063712969,1
7841166201926857520,0
7841358657363517554,6
7841450763934605452,1
7841740610368178681,3
7841897044844904576,8
7842073774878320282,8
7842327779475670459,6
7843897301030474737,0
7844412133408479717,1
7844604534690312370,1
7845030219194453634,1
7845152494670660101,0
7845198117535823083,8
7845450026285285805,1
7845556774902329973,1
7846063368336366730,8
7846541141124704457,8
7847013803880455570,11
7848073394789603326,8
7849844414764236759,1
7850099720162595783,3
7850638048784260339,1
7850951950837680808,3
7852140646143007055,3
7852640741284446405,0
7853339136020528103,1
7855211480169565499,1
7855441356595363485,1
7856338023554002156,1
7856404141893213073,1
7856764446927554355,3
7857740053621946176,1
7859032812867403399,6
7859201948380526329,1
7859791987754887287,8
7861531394729934170,1
7861747861806560881,1
7861886284494173263,8
7862152122863944221,8
7862552344496250601,1
7862608987560370188,1
7862792064870858855,1
7863291953720079884,8
7863345254350059432,3
7863967042519232678,6
7864075974040843135,1
7864083493660799434,8
7864213869617805924,1
7864582223837020359,1
7864597081884473007,1
7865067746983618020,1
7865660753134838117,0
7865818174831484581,8
7865884391936022212,3
7866977718619159474,1
7867003288536641712,1
7867726325558783257,1
7867768071437065903,8
7867847340150882405,1
7868266439351764055,1
7868285941583770988,1
7869314721563449517,1
7869321611909080393,1
7869582761411218109,1
7869972515620340549,8
7870505862050253523,8
7870637983220491269,1
7871312004935972964,8
7871509301211445656,11
7872574506937249375,8
7873583365228314014,1
7873857050729564409,1
7875223702196072527,0
7875346480461163140,8
7875871134070185134,1
7876218062349838197,3
7876315879024409288,8
7878074349568744368,3
7878892814535357486,1
7879535263907641545,1
7879862435238722740,6
7880097521907828401,8
7880399837702308007,1
7881819887495598071,1
7882315685184399735,1
7882916427077883663,1
7883855422882441735,6
7884211403395058198,8
7884477672424462642,3
7884904907495504677,6
7885569316403974066,1
7885760719047492183,0
7886284637529879244,1
7888346165716308183,1
7888801501065136937,1
7889040165706013403,11
7889091959902502877,3
7889273325166380281,0
7889653372517907372,1
7889864225479968243,1
7890264351118740283,1
7890722873884765421,1
7890861980956354783,1
7890934627526492997,1
7891096120845330482,1
7891669683170415651,1
7891769332290187446,1
7891849631477521749,1
7892342564241432199,1
7892512089437196598,8
7892781713046310468,1
7895004802669466168,8
7895707240020070613,3
7897426045083448062,1
7898052064596281643,8
7898810715033547314,1
7900397200560512220,8
7900404214438374409,1
7900773329179038581,0
7901317440574210055,1
7901373355880005572,8
7901427968067342346,0
7901543610917894083,1
7901779551291069654,1
7904108596620761995,1
7904143727935844068,0
7904261163872580884,1
7904436157399818478,1
7904858839504951832,1
7905404907209578298,1
7905727618171505680,8
7905894709449209101,1
7905944354737670982,1
7907718090146323805,1
7907741883202298190,1
7907862364757998428,1
7907885357074655963,1
7908771321560680309,8
7908900444828116440,1
7909070701495001147,8
7910018943753812839,1
7910587422665058423,6
7910660205648976012,1
7911975247555634816,1
7911983445372989672,1
7914065564896525036,3
7914761209839645833,1
7915242011205185683,3
7915586591795168841,1
7916561888194966841,1
7917346396038484439,1
7917524885505450749,1
7917839154123888703,3
7917860261241434874,0
7918471529152593654,1
7920715416028328307,1
7921224572359101488,1
7921247972648748592,8
7921497398599430230,1
7921961537289388016,1
7922611430517946014,1
7923767819180372349,3
7923857582429090430,8
7924926603785031658,1
7926836198003850816,1
7927222385352044129,1
7927721312487705927,0
7928023599389911280,6
7928763017498851666,8
7928984070069354526,4
7929051914910747842,8
7929562090927263629,3
7929571356162343575,0
7931406697100667221,3
7931735216351358055,3
7931917228059889609,11
7932127672957021250,1
7932319383703911582,8
7934180580499426786,1
7934591276440260829,0
7934982638633628852,1
7936423389955810426,8
7937361825187519811,1
7937475623773260397,0
7937753052843513520,1
7939498436940047197,1
7939676834435152150,1
7940045033613599147,1
7940311323718933727,8
7940397299112355152,1
7940715598757724316,8
7941066958067732033,0
7942115772871938769,0
7942227631752326945,1
7942619949501085898,1
7942900066050332481,1
7943448951091024917,8
7944386850274367760,3
7944592340781088728,1
7944935185586929542,11
7945529119489797576,4
7946007374788719755,1
7946563636339111130,8
7946857578242413999,8
7947313752205336563,3
7949005570723866822,1
7949084438119557564,8
7949181377393280399,4
7949248293345461197,1
7949520862583263222,1
7949815506131303115,6
7949975881134225414,1
7950326769314275957,1
7951884590850562414,8
7952576648603143224,3
7953687032115963791,1
7953834130081023939,1
7955149433701260526,0
7955640304488055299,3
7955681690124930787,0
7956317826230346007,1
7956498280508948504,1
7956543127401791181,8
7957392412711695075,1
7957764067434188387,1
7958357157056072683,1
7958406841578706009,0
7958933188710925277,1
7959420227303309952,1
7960624053986374847,6
7960896097084202781,1
7961328975616304793,0
7962749832348755484,1
7963243402010652895,1
7963267542385764290,1
7963374206994787963,6
7965749993464375016,1
7965899506979982080,6
7965961661981787620,1
7966019996601313072,3
7966244526957028235,8
7966454993547535375,1
7966568826343273675,6
7967079749666190462,6
7967177919441382366,8
7967902769767773318,1
7967903802947153513,6
7969125639734439866,0
7969803589992265709,1
7970104383870773966,1
7970159892880746343,1
7970162826860221838,1
7970990146287153196,1
7971053507280412878,1
7972555265773840075,3
7972851159427015343,1
7972861293363432138,8
7973965349934391625,1
7974179709940650726,0
7974860010735965887,0
7975868418882449579,1
7976327462109800229,4
7976374953602198954,0
7976462483320287037,1
7977260554670206630,1
7977383073648654224,4
7977723995479071782,1
7978980111588025205,3
7979173495996264670,0
7979487599850775522,3
7979567467354613544,1
7979836989771157807,1
7980114123604474301,3
7980439699336901319,8
7980498215527018269,1
7980576003340577161,0
7981000328068870570,1
7981282258206680672,8
7981495372694258118,3
7981676599527810541,1
7982098559271446674,1
7982193940539317320,8
7982319787993798820,8
7982488211337977852,1
7982559691682033683,4
7984608569090833658,8
7984772650922590909,0
7985524981839863080,8
7985863015643186046,1
7985890024146085330,1
7986175492624956594,6
7986393053312431195,1
7986763943424455405,1
7986872601271320682,1
7987068144171899025,0
7987157445208124752,8
7988179731404585578,1
7989298959414081332,1
7990408094853518195,1
7990525593075659090,1
7991424315848997574,1
7993187890644835536,8
7993307969293766480,6
7994256148007352952,1
7994942541248337077,8
7995163103062839724,0
7996757002036632135,1
7997171763211470353,8
7997626470789819216,1
7998410806027549574,1
7999119663790119321,0
7999241143716748934,8
7999338638038110067,1
8000455157752586947,1
8000878636059031144,1
8001024768488497783,6
8001407745867790389,1
8001785891180422666,8
8001953952547546280,1
8002845712641716887,11
8003100931892082034,8
8004259104524606250,8
8004301422987414354,1
8005081090067007411,8
8005333602567443971,0
8006271611835981128,2
8007807717201383422,1
8008490635027547245,3
8008952759644369920,3
8009489747846444061,1
8010280039867279395,0
8011097470639144647,1
8011635561632638448,1
8012059651730816476,1
8012251783063320280,1
8013056805162205802,8
8013722487406303894,3
8013890998059679632,1
8013975826583151875,0
8014167145013348471,1
8014611448539432037,1
8014635294688388136,8
8014876734077749009,8
8014885392687380761,1
8015351614338414049,1
8015831674810455621,1
8016584874626394855,8
8016983963781501849,6
8017161651127810812,1
8018048830298922204,1
8018095273769712279,1
8018693475037666833,6
8018951714726778537,1
8019171825878058719,1
8019465173337710476,1
8020970289115970644,1
8021743556357785322,1
8021790648432717854,8
8023783394623857105,8
8024821395567742257,1
8024968833701488375,0
8025029179154255071,1
8026462875367617516,1
8028068632820559593,6
8028622691329764525,1
8028673119326269084,8
8028863323436891347,8
8028981718984396739,1
8030016829513711459,1
8030659710708493422,1
8030820320494169146,1
8032226246020759194,4
8032319793865058657,8
8032885654484740704,8
8033732579756996735,8
8034046016398967608,6
8035240436499861488,3
8035576111823984175,1
8036483707212065366,3
8037852742688696091,8
8037970118857241668,1
8038239235046356151,1
8039269018276780328,1
8039734861632971737,1
8039823467858678533,0
8039894097081407199,1
8040991963621441858,8
8041383896400672072,1
8041568321788609372,1
8042905975540419743,8
8043042343651392975,1
8044117737851250700,1
8044289387765169497,0
8044933090641029994,6
8045252277669850431,8
8045514054800757849,1
8045933636072624524,8
8047400179901794157,0
8047880127072755222,1
8048594464172649365,6
8048667950268736282,1
8049445771839178948,0
8049490725527643491,1
8049541706188251589,8
8050244226203117187,8
8050750444299153334,1
8050753785061113356,1
8050965965753221607,1
8051243942776065831,1
8051853850075918329,8
8052044896104488531,8
8052431154505374433,1
8053372644384103559,1
8053518032821334928,8
8053681048473550346,1
8054002013983887688,1
8055690936857848447,1
8056697760330485062,1
8057274412426720425,6
8057453041201547336,0
8058302796068493605,0
8058375898220700406,8
8058576807157030619,1
8058664179280880083,0
8058817907505911891,8
8059391119769708668,1
8060218452544934476,1
8060373149653030110,8
8060465091365665269,8
8060489060877532517,1
8061664997027981827,1
8062706185685873330,1
8062900358005407653,8
8063535103049531959,0
8063978382970173719,8
8064275417216996631,1
8064721057950325425,4
8065120248309205717,6
8065171434648464909,1
8065317379137806685,1
8065408830281429596,1
8066075367372179238,3
8066379364442558135,1
8066655003013677783,1
8067162863848114765,0
8067471121391249682,0
8067875908212230743,0
8068079515720481461,0
8068480867752312519,1
8070402617867482719,1
8070517105930106152,1
8070643309553504322,1
8070872619128551790,1
8071186367567514966,1
8072105428039369414,8
8072415692236325542,8
8072541888538413513,1
8074191249935269840,8
8074212168939615439,1
8074764299476278402,8
8075660858123476485,0
8075805088203879400,8
8076232912516551236,8
8076514186902353814,1
8076927871094084975,6
8077074950002191680,1
8077077304737168905,0
8077572895903519164,1
8078300314770020813,1
8078548870323053674,1
8079189052508409660,0
8079277122748479308,1
8080134917603475561,3
8080517003483918420,1
8081477596440264587,1
8082594146604295377,8
8082772940973368166,0
8083837084595537307,6
8084522386149418042,1
8084694045488792801,8
8084974946914804342,1
8085135783040518166,2
8085560080764392907,1
8085632516168283084,8
8085678596604697115,8
8087947521276878701,1
8088039405396200884,8
8088390247519157526,8
8088737427349814816,1
8088780363440536195,1
8089014586180515825,8
8090640564530417217,1
8090777223182143301,1
8091075433387934252,8
8091957158305166924,1
8093629045470682940,8
8093790278658399543,1
8095235295419829181,0
8095327265705951964,1
8095512464329197839,6
8095975495846246139,1
8096036062417238862,4
8096057244221293066,8
8096729063236845269,1
8097256829982358433,1
8097398728367627531,8
8097564879082559325,8
8098902285679445104,4
8099058204787659409,1
8099287077910139065,1
8101987524618390616,1
8102006269324788282,0
8102565672093755841,0
8102914646678377423,0
8102923003061907916,8
8103282884172584917,3
8103349581282530291,1
8103491264953580886,1
8104208919363202117,1
8104327852533774678,1
8104343414761859674,1
8104458125826039676,8
8105935363794838367,1
8107047540607272383,8
8107685261524366730,1
8108180043847541325,1
8108756579195654163,0
8109777695100867673,8
8110013397425755693,1
8110708863790308621,8
8110719374064642444,0
8111526829023621414,1
8112211760276572843,0
8113034056798082091,8
8113696303882440369,0
8113796428286657312,1
8114128224383830269,1
8114203228185135275,11
8114475085462065936,3
8114932933796214678,8
8114960424849004099,8
8115456048796517250,8
8115732552715194206,8
8115909744128905720,8
8115974950638302570,0
8116153349204948534,3
8116430199180139202,1
8117278507689371218,8
8117355442072215809,8
8117609636690475843,1
8117760249286429215,1
8117779818464749699,1
8118306845360264899,8
8118432346824562739,3
8118514630701510177,1
8118640284103190827,1
8118677977805385598,1
8119209053638664450,8
8119555937840772027,8
8120536530154813592,1
8120619795359051336,8
8122184978326048139,1
8122219743087224472,1
8122381680952299577,1
8122557485927001518,1
8122614211526045330,8
8122739010469948299,8
8124348291413536085,8
8124396891530947943,8
8124786507601815789,1
8124898745193374803,1
8127259549851875239,3
8127831813280305375,8
8127961378229538889,8
8128702640718037543,8
8128968847817392650,8
8129094966313981821,6
8129390726275738337,1
8129961643498538563,6
8130330332582721353,1
8130443375272310237,6
8130771893895952309,8
8131190656534137274,1
8131385485080675446,4
8131404450474102892,1
8131632872143363322,1
8131962107083142362,8
8132435469590357782,1
8133021040609900647,8
8133631686685315996,1
8133939776207978471,6
8134536106781271231,1
8134670044437384955,8
8134797147698088439,8
8134836100353720548,8
8135019579502454192,1
8135100536150728040,1
8135115166609800973,1
8135292087230413975,8
8136283920026763708,1
8136563919887077800,1
8136667780614490003,1
8137554077158816097,0
8137796965524000220,1
8137896293132792722,8
8139514389788756323,1
8139785053361759250,1
8140201876973811533,1
8140462549793049116,3
8140667486069277153,1
8140820538493773459,1
8141309105522669951,1
8141385840356221555,1
8141825371777965659,1
8141843150202787673,8
8141865418437350906,8
8142027033960297150,1
8142283193114313085,8
8142769808864331129,1
8142783048223668908,8
8142851643861752003,1
8143102910667261264,1
8143370377639295452,8
8143508261046403699,4
8143600458686854628,8
8143778072848007063,8
8144076352106012507,8
8144189717296124205,8
8144193914156153738,8
8144841232242618041,8
8145061383134799293,8
8145184945505156699,1
8145517039942620265,1
8146308496497412320,1
8146567789728509894,3
8146668259378067274,11
8147201766183984064,8
8147226720720578547,0
8147760587281949309,0
8147760841047876333,8
8148697241624229931,8
8149047638317257350,3
8151454409814804008,1
8151535007994132260,1
8151554589379490011,8
8151975100213479706,1
8152117543897742065,8
8152423572984346126,1
8152504660057551212,3
8152562623485407682,8
8152787349347627632,3
8153093380423260913,1
8153619043939031284,1
8154226321729518371,8
8154366174817091570,8
8155525482297145877,1
8156059094274952229,0
8156514969688064600,1
8156709250431663669,8
8156783381398720438,0
8157007602552620601,8
8158152791201184685,1
8158268069590372680,1
8158496247348511171,8
8158905399020261272,1
8160178242341782049,3
8160268096354249942,8
8160425070770725047,8
8160478979617043519,0
8160577380254089429,1
8160935005735480776,1
8161485959645896869,1
8161823916258765959,1
8161872843588335662,8
8162107365246960119,1
8162246819056315578,8
8162471666846764002,1
8162491537299316965,1
8162553582006408607,1
8163129323168555990,8
8163387391852097103,11
8163461308186071414,8
8163472139512333118,8
8163917118333822854,1
8163923829916206390,6
8164277714512880815,8
8164289894095145290,1
8165106945153614793,8
8165490604725507886,8
8166000571893225532,8
8166196595677978106,1
8166543537433262180,6
8166890690857153761,8
8167011656388500966,1
8167133920493961033,8
8168237672535404218,1
8168266437308048577,8
8168970971430245965,8
8169028540269973787,3
8169664761722335673,1
8170207931964930781,8
8170425582713356870,8
8171253626478194576,8
8171296460634550470,1
8171305877643048897,1
8171314629590400600,1
8171491589579016368,0
8171969091614546948,1
8172501552385698406,1
8172841905902242001,8
8172850113585605633,8
8172958788979792263,1
8173060690007680942,1
8173151252375831059,1
8173205658265593676,1
8173291705084544699,1
8173754126250020272,1
8173876253744340102,8
8174646007617946149,8
8174793042164778864,8
8176753742210481335,8
8176798625733484253,8
8177250543757748018,0
8177701765699421044,6
8177898174777783524,1
8178350735925918359,8
8179855411104787069,8
8180239868228767772,1
8181119353716306719,8
8181549678675893334,8
8181993091797661153,8
8182050621891540505,8
8182608024271107147,1
8183796119856089033,8
8183914755536696703,0
8183985704739842888,8
8183994687655608718,8
8184016686996902211,8
8184127184313960440,3
8184460545867171342,8
8184522783473956056,1
8184786860109161804,8
8185022742916448840,1
8185064880853243385,8
8185477975332134611,1
8186144383614020989,8
8186201511568751076,3
8186702159395470478,8
8188103816139528409,3
8188142181692395827,8
8188181964588261150,1
8188311184232072101,3
8190021118839333707,1
8191527034384296154,1
8191836524723389339,1
8193793979351518113,1
8194134920492115188,8
8195369024535604680,1
8195514490541913489,8
8195592937453625765,8
8195950165010715427,1
8195971747793577510,8
8197504397858002850,1
8197714063795623725,8
8197947359884151737,8
8198176738685442793,1
8198414395809600400,8
8198625979956528398,8
8198631685745990741,0
8199550931573381828,8
8199742027439188550,8
8200886267211418720,3
8200959502677837108,1
8201117867106038775,3
8201761475967143849,0
8202049511359160630,1
8202429591178665008,8
8203002584598871255,0
8203008819447290324,6
8205570529791176657,3
8205625516695898741,1
8206426068889797526,3
8207318386620197032,6
8207336978199999011,8
8207492027125685146,8
8208273772076372588,8
8208877410371365020,1
8209023888520829646,8
8209378702790988089,8
8209797687849297415,0
8209924026884619472,3
8210126315056474168,1
8210610031364451068,1
8210861958769620103,8
8211239762270319182,8
8211540385263698577,8
8212224026615209719,1
8212905379547777192,3
8213042711434594409,8
8213754690798192426,1
8214177894243203241,1
8214290183736808205,6
8214304021774959746,6
8214308878113213279,8
8214908395215393834,1
8215281754023858130,0
8216176854794450265,0
8217066237657620645,6
8217676083041366711,0
8217805557113364813,0
8218908929543016607,8
8219671379759071586,1
8220118220830076704,8
8220345006364305051,6
8221116406361055276,1
8221546597765424250,8
8221818807350023565,1
8222348941027084737,8
8222478544368936582,8
8222688825752575045,8
8223148999290527403,1
8223229324414002890,8
8223601520738328368,8
8224190405675190649,0
8224288112693669720,1
8224703703678191808,1
8225451996519902271,8
8226794226769235122,8
8227133095928812750,8
8227813613926010209,1
8227888859236279560,3
8228405546284830553,6
8228458858525239742,8
8229303561868153387,8
8230020110645585263,8
8230132282539603062,3
8230134841795598563,1
8230174028369191163,1
8230253103449429875,1
8230702888193151685,1
8232017193990649459,1
8232130150314415292,3
8232169820580048948,1
8232386247865849177,1
8232988695166315630,8
8233307593125479120,1
8233409964705740253,6
8234085482033448348,8
8234858690572948833,1
8235389274401824561,8
8235430182285859198,8
8236085799502320269,1
8236385701919745468,8
8236984515417647527,0
8237036827257530920,8
8237261886390227838,8
8238660969414746675,1
8238944862088726671,8
8239091154553217655,1
8239323489440610674,8
8239617037971499474,8
8239670469931309025,8
8240034805238412376,8
8240042894352190894,1
8240097537137039695,1
8240913160336830189,8
8242177754434939111,8
8242381673699890768,8
8242528388713292240,1
8243115418049685740,8
8243260815275659613,8
8244251485921895513,8
8244382499450877092,8
8245038029668802385,1
8245731862759993604,8
8245735740013520252,8
8245763149513942194,1
8246144392978602685,8
8246232111557904498,8
8246640784664624144,8
8247431359365267989,1
8247865030743054179,3
8249736819641644634,1
8250100086073716654,1
8250104112988882341,8
8250322697299189070,1
8250888573839535416,6
8251348239335334092,1
8251359911027527969,8
8251486711300358020,1
8251590063127595844,0
8252305048508196536,1
8252324714480298425,8
8252411641750633815,1
8252611073231070517,1
8252637336303204365,8
8252838993822132356,8
8253324067484070054,1
8253737315764006466,3
8254365398802493426,1
8254922601507338939,8
8255830627861805759,6
8256068056888422939,6
8257302957105182577,3
8258379123792613198,4
8258391279410467333,1
8258634876625473862,1
8258876574174532902,0
8260106495917076776,8
8260288462935389354,1
8261179750444574391,1
8261243647449972922,0
8261478329362189747,8
8262969949141880326,1
8262988763161228001,1
8263445520288317388,8
8263784764418722581,1
8264030477609772242,1
8264505102865865630,8
8265194627835393460,8
8265244730718191323,11
8265575104542255265,1
8265600409964117043,0
8266804567382378192,8
8267106025383984706,8
8267739806892809710,1
8268188862214922630,6
8268272134059526317,1
8268389679534591342,0
8268794893550310536,1
8269073725809602919,8
8270163030672666260,1
8270421319005923469,6
8271149703789350761,1
8271966817549337117,1
8272242278763143203,1
8272255072098160681,1
8272560976634395893,1
8272698438262522174,1
8272729539575766700,1
8273738018961161449,6
8273881183386450607,8
8274136613400155071,0
8274151692200444884,0
8274423513365487397,8
8274812310640956402,1
8275179600949786072,8
8275479918764501150,3
8275529078474821570,1
8275600003474704970,1
8275608869097205057,1
8275865267035362978,8
8275918843012667796,8
8276025118399548462,3
8276478677730147008,8
8277429727722645510,8
8278806460707160802,1
8279141088351117322,1
8279277495935606463,1
8280162924437316474,8
8280366670606588272,8
8280568043836410371,4
8280568904597422013,1
8280974852793632621,4
8281841080297307461,3
8282155783802230318,1
8282438813041563242,0
8282492529902660157,0
8283576116520337323,1
8284119320889546902,0
8284458587262749025,6
8286740651066526431,0
8286997930828113946,1
8288112817182153272,1
8288227535802709727,8
8288450935293784765,1
8289125920509538287,1
8289670816529110089,8
8289912569877844030,8
8290245308499885410,8
8291374049531051449,1
8291394536987763101,1
8291474514619517889,1
8291583100261321648,0
8292129349816328684,8
8292304981695165232,8
8292931358079066902,8
8293107528282291244,3
8293534143730973649,1
8293696234575731658,8
8293803025629105098,8
8293844257258679343,8
8294397421488838976,1
8294545860693251528,1
8296230852796863880,8
8297289686549083762,1
8297722568368941746,8
8297782310907117417,8
8297866318552621643,1
8299097098705730803,8
8299265938824170055,1
8299616726009073150,1
8299778930074514470,8
8301142931595549139,1
8301241074209159290,8
8301985470397963141,8
8302147136824669856,1
8302714372135683747,3
8303206585497340329,1
8303413189200230139,8
8305038488585082297,1
8305303756816900080,1
8305330044595670869,6
8306020498792651472,8
8306048640694147137,6
8306139925676004219,1
8307673712932619446,1
8309241480078632459,1
8309430630801660430,1
8309767809208787824,3
8310213224152022614,8
8310266693567724842,8
8310382492972554245,1
8311715189722278410,1
8312228105732292558,0
8313501664485736034,1
8314178152199120976,8
8314206842687951482,8
8314861979685823270,8
8315123013247533672,6
8315345119495023293,1
8315581174831917286,4
8315954118219237272,1
8316604396152647415,8
8316604585610438123,1
8317049859859238573,11
8317423248106012432,0
8317919040498699513,3
8318656814643090292,8
8318715057179023964,8
8319323512423029353,8
8320428262550318303,1
8321099409647051332,1
8321182769620644361,1
8321243236616059836,8
8321699623275269543,8
8321914969262280275,1
8321954007568163778,1
8322031721579428906,1
8322162523751849661,1
8322626977621512080,1
8322982512878783376,1
8322987244790249079,1
8323687467229208482,1
8323836458356851433,1
8323931960216855540,8
8324163952677825395,3
8324385775399150870,3
8324713162835271869,6
8324742061823640460,1
8324828814657706586,1
8325507247419130105,8
8325633322447893527,3
8325665548664970738,0
8326323269767370691,8
8326670788166650545,8
8327206313618674630,8
8327525702152728870,1
8327871714077643321,1
8327990107264021334,8
8328413850210074024,8
8329333527018871271,1
8329493730632951778,1
8329579997235511514,1
8330015014693468824,1
8330347699749901956,3
8330478536110405061,8
8330738407093883375,8
8331039915283648054,8
8331230491973251887,3
8332111402582119335,8
8332714041043952681,1
8332836013426864517,6
8333277989273608747,8
8333504522901324883,8
8333688830992549025,0
8334201158179754715,0
8334464915291471396,1
8334675863089095012,8
8334941449830542538,8
8335945263120084738,8
8336666489474092451,8
8337177737632835282,1
8337226166059423434,8
8337972792492393476,8
8338984135278551128,3
8340190725657617992,0
8340692875528334536,8
8340881995241460958,8
8341035617999301583,6
8341956404969090868,3
8342213972413455107,1
8342260827094820123,1
8342752978385670567,8
8343509891822709889,1
8343881043178179376,1
8345096202136028863,1
8345370973869196558,1
8346244451847870880,8
8347248007069285152,6
8347353090475790564,3
8347494878543260829,1
8347538594348555851,3
8348095532682839620,1
8348244786737435793,8
8348425125709462625,1
8348679014300855582,1
8348748667699989041,1
8349790820372576975,1
8349817539379301348,8
8350754796855449220,8
8350766915522970734,1
8351348333012138986,1
8351506178782871227,1
8352478141848456933,1
8352545958321634647,8
8353019247312686891,8
8353167777213625466,8
8353804423194015535,11
8353963113950991573,8
8354294154923880419,3
8354429573212560108,3
8354504436270521691,8
8354796962152054377,8
8355257333260028788,1
8356197230001974031,6
8357695072530714808,8
8357809048707696288,8
8358311242463645164,1
8358597032496526300,1
8359009529179064498,8
8359046852656110173,1
8359282243099177241,8
8359658759124323820,0
8359755926868485387,8
8359787124575741887,8
8360436528292546966,8
8362041572545726221,1
8362325295506522506,8
8363220788042233340,8
8363455268795890445,0
8363656790205637596,8
8363683358723482147,1
8363825967761106923,11
8364130179411997240,1
8364486706195421389,1
8365608084714177713,1
8365793534529564361,1
8366126217793406394,1
8367050868814263035,8
8367170317404288928,8
8367369631761580197,8
8367791625462110565,8
8367840304328978841,1
8367877982728385398,1
8367929131143527826,1
8368066831838818040,3
8368108431609433211,8
8368126441494009020,6
8368462942611406484,1
8368634758637751306,8
8368818354673517151,1
8368842798257870513,8
8369110636105526271,1
8369688107369197337,1
8369903806697250972,8
8370322625840217655,1
8370636016317795655,1
8371540036761649164,1
8371908956560742527,1
8372315003906167306,8
8372571535953858764,1
8372855870911322126,8
8373032129127033515,0
8373338951302391112,1
8373822017264913331,11
8374306272210032908,1
8374463444812312196,6
8374531527964144981,1
8374934788122737375,8
8375085335900408039,1
8375513663514265665,3
8375633962533932144,0
8376181370666552206,8
8376188688993317319,1
8376302400524164897,8
8376304650304651012,1
8376983891067480898,1
8378096477943076690,1
8378721230245145281,3
8379101421027779666,8
8379543712678291246,6
8379544667333030973,11
8379801281638627448,8
8380140924894581690,1
8380169031793713089,8
8380380189477325937,3
8380432363569920916,1
8380886323505320761,1
8380977132722288587,8
8381369633357388331,1
8381499722011104750,0
8381532731417899614,8
8381604945512758958,0
8381624076716599867,1
8381755577966404855,0
8381805726294576517,8
8382028561380365047,1
8382087002247876763,8
8382500069144517770,8
8382718997114321915,0
8382996173825198048,8
8383095480445166907,1
8383910394920932562,0
8383964056047792538,1
8384493877718958077,0
8385520003844667647,3
8385734748761204156,1
8385848170438460419,3
8385876508934777593,1
8385981168332727134,8
8386048690170007297,1
8386155670234862721,8
8386551062780189789,1
8386821785713272642,3
8386989199878956344,1
8388120454934972602,4
8388642701725277995,8
8388929160031989818,1
8389882560481519147,1
8390692283505484476,6
8391112948168343871,4
8391471583330990092,1
8391490706717686739,8
8391830131091330374,8
8392647346978487388,1
8392974048696691646,8
8393522820119825440,1
8393544457564860785,1
8393566204968523379,8
8393782589776441456,1
8394028607741276998,8
8394082747083537947,8
8394643924196677926,1
8394822877051067786,1
8394851163430957252,8
8395229788237403828,8
8395400997771115448,8
8395685768578074886,6
8396034636202463369,1
8396042225054080389,1
8396539045292881005,1
8396551645263736868,8
8396808703006293911,6
8396866334654406836,8
8397582410051192417,1
8398045678296253932,8
8398168491894500919,1
8398325026949583934,8
8398679968429681157,8
8398984411303750669,6
8399052326387924815,1
8399405525265821056,1
8399455727857719361,0
8399486770364614250,6
8400809861268880762,1
8401046100870347403,6
8401678419492335633,1
8402133516730733050,1
8402309860468067106,0
8402515203979028192,1
8402677068976226694,1
8403067155298593355,1
8403104007132796247,0
8403651428768810538,8
8404726894370898388,1
8404846426350083009,8
8404850871200681096,8
8404873041753801240,6
8406312639618424261,8
8406359876891600461,8
8406434849656132792,0
8406707732182275154,1
8406844264869509970,1
8407532628114517548,1
8407740633807599692,1
8408080606186591000,8
8408125361497769001,8
8408613196579195399,1
8409121738488983359,8
8410191029735463476,6
8410808885909925369,3
8411007229983513574,1
8411117399576389793,1
8411288744161592202,8
8411324691057050010,1
8411494971406892752,1
8411575722358447630,4
8411976490559326697,1
8412163306694739917,3
8412203397917901314,6
8412416217840344359,1
8412631030524279220,6
8413116528496199744,1
8413730281224501690,8
8413918071707182615,8
8414424445158157486,1
8414588721163249261,8
8414640668793794766,8
8415071146989307053,8
8415118150938605713,8
8415171329581136106,3
8415589348408995409,8
8416071207226708876,1
8416113886592384117,8
8416619017818158566,8
8417185853412340970,1
8417371116626867703,6
8417590290604275219,1
8417806984419047873,8
8418139667690215460,1
8419489741722389504,0
8419661094244469703,3
8419758312265159089,6
8421001479706318506,1
8421991549663104187,1
8423055913295975838,1
8423388367334316263,1
8424619398612866719,8
8425076694100510296,3
8425126422204732451,8
8425679952075895954,6
8425688564562965194,1
8426161567693719633,1
8426223118349452056,8
8426231508540624859,3
8426389882315362991,0
8426657646920119237,6
8426731525153053587,1
8426834574463781354,8
8427254544368294426,0
8427895476353593708,8
8428549218707454122,1
8429495349626724408,0
8429518486138261777,1
8429793834994730436,8
8429922437716288242,8
8430159182871322032,3
8431665233369987751,3
8432450707449219262,1
8432995890005138660,1
8433243583594342872,1
8433457289924360738,1
8433479495183065828,1
8433617337354661445,8
8433992833423941042,1
8434212465661638915,1
8434507904897734617,1
8434571561436838322,1
8435324172980006783,1
8435840551858978102,8
8436411888915869930,1
8436588577131724541,1
8437334765201279843,1
8437880763642726827,1
8438877587908664763,8
8439242750556225488,1
8439283288654894346,1
8439298356095302674,1
8439952933246239681,1
8440976036202255000,6
8441115285408070385,8
8441347481868585838,1
8442216082543082384,0
8442299221783075692,8
8443821911859675786,8
8444030391455893232,1
8444085425803913532,1
8444107581442503074,8
8444215961847808846,1
8444836064301695105,1
8445743390796137132,8
8446397119190875084,1
8446964447639047481,1
8447282804405627397,1
8447304555216442361,3
8448900153780491480,8
8449324691093002833,1
8449671276190277764,8
8449716917719764776,1
8449844618908035987,8
8449897190284126518,1
8449993011615201897,8
8450429829847274214,8
8451960762770212708,1
8452611001478377251,1
8452829946957058507,1
8452845046760761774,8
8453210061546816295,8
8453441471767478057,8
8453817838472150603,6
8453935154689795185,8
8454317414177080625,6
8454968575225076374,0
8455621917740555297,1
8457663426490381020,1
8457680559975994708,1
8457796130245353745,1
8458618733143265960,1
8460166739012773997,1
8460275217115374184,1
8460451136861358800,1
8460780835701785775,1
8461044041177848052,8
8461332176725551478,1
8461766432696369960,1
8462687553742484299,1
8463173423554545912,0
8463300034035192488,1
8463436497526932981,1
8463526001713578807,6
8463824629765479118,8
8464056021668582878,8
8464597405873962181,1
8464988795253443943,1
8465015266040628194,1
8465702984833642147,1
8467276072569817049,1
8467410800493582782,3
8467655557837171125,1
8467663825182443355,1
8468168480990433353,1
8468497855051454454,8
8468617696387184430,4
8469140280429317759,3
8469294028120645192,8
8469294311234358517,1
8469589286751499711,8
8469653325352383858,3
8469957985916689291,3
8470870046526746848,3
8471194807000878932,1
8471251193316097948,8
8472175876345602986,1
8472429604052262138,8
8473288734099711546,8
8473511505719594427,1
8473515517194693163,0
8473728677587404018,6
8473835466777453859,8
8474023037146780938,3
8474069508889507444,1
8474861266894777623,1
8475014078547641718,6
8475316634395873384,8
8475485879944820175,3
8476242154773987127,1
8476484394182537503,1
8477450469604647346,1
8477531901061355333,0
8477865291379689459,8
8478127920305726634,8
8478472804602447411,1
8479561290378594838,4
8479806752543745900,8
8480296503184420941,4
8481328261289697702,8
8481640719132794798,8
8481684471962016751,3
8481750094690435185,6
8482590428431422891,8
8482695892217155833,1
8483299944948057911,1
8483848473254499625,8
8484263349135952054,6
8484823806494191989,1
8485196682887581506,1
8485306340426634529,8
8485464413120592258,0
8485492464227188775,1
8485634802897955525,3
8486131247779487439,8
8486355478273768083,3
8486624570226531375,0
8487448510225867547,1
8487674980821644145,1
8488725168527977746,8
8488776635144181299,1
8489007252127237671,8
8489028136442465906,1
8489191709484917758,8
8489331817885600578,3
8489585718859415004,0
8490580439615020929,8
8490981591607142068,8
8491036849355010669,8
8491300596351893305,1
8491395125353054635,1
8491971867438278117,8
8492243156060939307,8
8492271327426415441,1
8492314071250217772,8
8493024014742530884,1
8493100498254357956,4
8493254572816124914,1
8493348424032030380,4
8493475293443011845,0
8493572623810296338,8
8493711059100867930,1
8493889915483495891,8
8494511456775841379,8
8495266328658330231,1
8495293234632350357,0
8495702892531808976,8
8496217663473504728,0
8496719830013145561,1
8496732299192419808,1
8497184476607886349,1
8497197021510612887,8
8497363499618134437,3
8498107948268901156,1
8498401613791720690,8
8498593820148603359,0
8498975414943670298,1
8499564592079583837,6
8500863617906228241,8
8501490608612742008,8
8501876766283065111,1
8501957753609895085,0
8501978490214499982,1
8502257761772885781,1
8502446789439078837,1
8502518116987423035,3
8502582496423470192,1
8502732762370827268,1
8504104227421056984,8
8504420738292229261,0
8504479239280762282,1
8504951344098302583,1
8505102527239242818,1
8505738838978296527,8
8506107502689579875,0
8506145006510298778,11
8506351132157165604,1
8506792417816072316,0
8507203918801163329,1
8507612822578254621,8
8507718461284393537,6
8507733310191565779,8
8508825815488188923,8
8508961413064452083,8
8509328013649051336,8
8509543660058921853,8
8509955782298107904,11
8510844235090517218,1
8511647817803461150,6
8512486568302453295,0
8512492991744147619,1
8514375271013148207,8
8514428182658451440,8
8514537906439788824,6
8514710845924480038,8
8514726986328169563,1
8515024859265789234,8
8515049290381722907,6
8515563158714651617,1
8516348879272449802,8
8516616325149469651,2
8517222510013069799,1
8517248181706492922,1
8517305018453684989,1
8517660671019303856,1
8517699911881863286,8
8518094637614358509,1
8518117099499983444,1
8519611909381248159,1
8519685572775705435,1
8519785750584089331,1
8520206368822773725,8
8520238754901860870,8
8520283088437720503,1
8520286286742880038,1
8520477356994781265,8
8520721369739431294,1
8521136436236029772,1
8521172293850960104,0
8522440494057928612,8
8522868074871437312,6
8523305123183953942,1
8523537443007933859,8
8523885483686925468,1
8523941067418833425,1
8523949860006906607,8
8523953311210307776,1
8524028728063965384,1
8524137039838588217,1
8524369225208699656,1
8524604061594041373,3
8524775081645338354,8
8525337284219979482,0
8526022726705299881,1
8526611494153813402,8
8526745667393974593,8
8526920044571988071,0
8528642966277767480,0
8529037507982264656,8
8529546495758933996,1
8529951703047487237,3
8530712498527254275,8
8530969647437208697,1
8531116036202232995,0
8531262612320747353,8
8531298190762870723,8
8531352523758255035,1
8531493275655862116,1
8532374373806593343,8
8533312052273757435,8
8533574215608282528,1
8534237707549154279,8
8534888292821547841,1
8535334386517758600,1
8535438078477916071,8
8535559092234063128,1
8535945193170232873,8
8536412611327151568,3
8536530284170363793,1
8536675281727984540,8
8537815276078159753,0
8538001168552760876,8
8538287894826359032,11
8538636368365286465,0
8539390646071970735,8
8539435014073485242,6
8539742462344095371,8
8539925173407769217,8
8540468447364516926,1
8541001610387508523,1
8541431573595533224,4
8541490362309287942,8
8542191505673802891,1
8542237024714744438,1
8542278191875757399,1
8542407423597760709,8
8542648147308959588,8
8542762486739162614,1
8542944140256845408,8
8542945160746774511,0
8543804214636282851,1
8543869052593757598,1
8543913618293245331,8
8543955788152073798,8
8544431781093344153,1
8545214406441981839,8
8546059327389994628,1
8547066074902573702,8
8547431769358537442,1
8547674320501689503,1
8547702444960884941,8
8547823310675924679,0
8548002679263783012,0
8548136394258705026,8
8548216844146869823,1
8548403489370807366,3
8548535322773254204,1
8549150692992393740,1
8549276602649357445,1
8549303699698775250,1
8549515429541442568,0
8549709322104029153,1
8550805870192590260,1
8551874640890975503,8
8551891729374876848,8
8552552787596618126,8
8552808668594364341,1
8553366700445586620,4
8553668231871047222,3
8553783576534068987,1
8553857901542845509,1
8554127919602009145,1
8554401366568742969,3
8555164537917099054,11
8555307049559933996,1
8555422981586118838,1
8555801167998062634,1
8556187503962239420,0
8556755737644582759,8
8556783396059801409,8
8557033017806873967,8
8557090994340971856,6
8557172101111875221,8
8557213432596323767,1
8557483605408740143,1
8557832759482461674,8
8558398758634011764,3
8559420293606250161,1
8560241403245707155,8
8560359902393263290,8
8560411160394195959,1
8561725939676191583,3
8561799060784978336,8
8562341721574560868,1
8562388230695399477,1
8562577070223490552,1
8562629431164909272,0
8562895652286608254,1
8563141820285150345,1
8563275254946185161,1
8563433617956233031,1
8563643616041478697,1
8563775826945231292,8
8564012236391557714,0
8564089435727720715,1
8564669570918395074,6
8564998656840635383,8
8565291968367230609,8
8565347864937569521,3
8565602787763324157,8
8566337635757756964,1
8566460544785126980,8
8567179669582865725,1
8567643044966991956,8
8567989116932530516,1
8568741244192961090,8
8568890189248458961,8
8569946404824078605,1
8570047464668273487,1
8570221041269580983,8
8570621347414698415,4
8570660710651456265,0
8571110639754269068,1
8571396939235976514,1
8571773533134799069,1
8572134891710634203,8
8572759598275258608,8
8574135221556602405,8
8574505807538818447,8
8574605354716529777,1
8574643559696924609,1
8575561176812906371,8
8575631330075601468,8
8576849728203563956,1
8577122683361285800,8
8577305400527324033,1
8577426433238850823,8
8577825989309436837,8
8578232509017923691,8
8578576634567164640,1
8579156398632716252,1
8579240340173890762,3
8579261759183785667,8
8579491952537803471,8
8579556956173460652,1
8580160985690428930,0
8580468626188960551,4
8580504522095735651,1
8581063789570235006,1
8581581433902438340,6
8581931412463011274,1
8582181734275842017,8
8582284089036449238,6
8582481403296656809,8
8582734954776886685,1
8582970738191859541,8
8583024881776239269,1
8583609883851289399,8
8583815423248642000,8
8584194374464968343,1
8584304618809329187,3
8584354030256194749,1
8584355247273137610,1
8584715266616317360,1
8585191539734158585,0
8585606239503744966,6
8585897203307243105,0
8587254513010477530,1
8588092147579675223,0
8588201730392483808,8
8589292951329959246,8
8589534320256554863,3
8589618445790577353,3
8590987231007790584,1
8591158188244054462,8
8591525911569550677,8
8591542202077771197,0
8591808158722287017,1
8592983560257358579,0
8593249562250230178,1
8593839839954790717,3
8594083790371130325,8
8594433696457101329,8
8594880095852495695,8
8594937973291674981,1
8595185478247498108,8
8595305244359949362,6
8595953129858897576,8
8596415768699496595,3
8596630697311238677,3
8597009801317551392,1
8597562782454775399,8
8597914169465321458,8
8597934507273536831,1
8598554449292137296,8
8599217540864904942,1
8600022513583758230,1
8601145745561593551,8
8601912865320451150,3
8602006350179719793,8
8602449196142999271,8
8602496359012842630,8
8603591900851525088,8
8603940200949205209,3
8604055292286422044,6
8604677682781828626,1
8604864911152573318,8
8606262182309864566,1
8606589252126234056,4
8607259955180873118,1
8607502700268326839,1
8607570141249326904,1
8608388110424654333,1
8608475802360185115,8
8608498379767753153,1
8608502302378900202,1
8608578792915750172,1
8608835883649142934,1
8608974154783629388,8
8609015785451338060,8
8609168139049614543,1
8610334192888214946,4
8610886297134706441,8
8611496393152276653,8
8611895968067587958,6
8612916790671798711,1
8612939592227166913,1
8613091578552487934,8
8613275684208863633,8
8613348452125089910,8
8614470359881726523,1
8615534056534354585,8
8615694007179369012,6
8615730595579088911,3
8615822261693450572,8
8616028175453141868,1
8616064752439084787,8
8616142540876798340,0
8616338807790955032,1
8616601669937726394,3
8616700456362091670,8
8616987661227068741,3
8617946374827439117,8
8618901283575751835,1
8619325198668017688,1
8619400434059983061,4
8619413814104890632,1
8620168693542617014,4
8620693458110829581,1
8620961165414035110,6
8621576871119280966,1
8621836416060146145,8
8621839627868916093,1
8621894156965843175,8
8622674167057724702,0
8623959815311427246,1
8624205361590820147,6
8624352941929402194,8
8625407238548038689,1
8625745742213617176,8
8625976611703610227,1
8626108898809473394,8
8626412864232622672,1
8626711065462283082,3
8626981570578162877,1
8628081519000992082,1
8628742091277941522,1
8628770436402159432,6
8629941919071568515,8
8630078496109920609,8
8630783050008274404,8
8631321807354316128,0
8631346999890011599,1
8631570670917611969,3
8631610650808315063,1
8631694450708881066,8
8631940382343074273,8
8632082717111348253,8
8632608539772295383,3
8633122040036177184,8
8633570169930094802,1
8634650906998493779,4
8635156319704060244,8
8636501068566544158,1
8636545757243824715,8
8637491520029902295,8
8637542703734801092,0
8637922975921228585,6
8638317821994847744,1
8638363240589355071,0
8639460484144786084,1
8639990150318071844,0
8640012991444498286,8
8640154598689975819,3
8640522092434339849,8
8641179039498506245,1
8641370432792626090,1
8641684524056550993,0
8641740999566266974,8
8642212944893556725,8
8643061419542392376,0
8643717621734879460,1
8643841918795043879,1
8644101590710596050,6
8644444045648315777,1
8644804979408669327,0
8644999873641606319,8
8645400871772877628,8
8645621046290520763,1
8645670186562524960,0
8645744192997433997,1
8645832982630892964,6
8647896470996458739,1
8648485749515869285,1
8648593286686338902,8
8649307090129218834,1
8649803402640590367,8
8649856055754897421,1
8650192496727819221,8
8650384132270790870,8
8650671644529477649,6
8650849500810853162,8
8651456023987418714,1
8651805203575533692,1
8651970783815872348,3
8652141522587754870,8
8652445550883310810,8
8652689820716548716,0
8652779608730262978,8
8652893475214955391,8
8653585768954461739,1
8654932322341931715,1
8654954716767218568,0
8655093577484099755,8
8655362588981430005,8
8655430944995263407,1
8655606054894708525,8
8655663822615343875,0
8656833636504944627,8
8657588407550063728,1
8658569384303480696,0
8658875088486450960,1
8659066051810776773,1
8659601644775926160,1
8659862848836877600,1
8660315377473081828,1
8660936967833596757,1
8661235890126764840,8
8661855853227975735,1
8662914238518290176,6
8663668591927127630,8
8663938221791705301,6
8663978196853685461,1
8664357690478740680,6
8664777003837308388,1
8664984985766018973,1
8665338740243252787,8
8665477760806353877,3
8665759265281187837,3
8666079187913886729,1
8666553044607031537,1
8666672339686204860,8
8666708531544010548,1
8666997314427077152,1
8667431395212782417,4
8667691608955784496,8
8667706173295692717,1
8668096299874370733,1
8669022613841903602,8
8669216175735562689,8
8669378559409529359,1
8669830267799584560,8
8670684812413917498,8
8670687221368759992,1
8671852005415699783,0
8672049225832688644,8
8672344672672069517,8
8673842304989139603,1
8674413826212569730,8
8674985994367284744,1
8675251051163991631,8
8675349200757624382,1
8675551780268109202,8
8676860471006989929,8
8677508548950488590,1
8677581861693205830,1
8678431064356885798,8
8678813454381849228,0
8678959310040850389,1
8679174482132087440,1
8679212975633980951,6
8679869832505764977,8
8680232825605765170,8
8680476722931215376,1
8680628370491044991,0
8680948705984091459,1
8682118427078868281,8
8682503297142485483,8
8682640889642129205,4
8682999462607371576,1
8683154482382662920,6
8683216660534934017,0
8683338347046621836,1
8683410841398018525,1
8683418933952560485,8
8684337239469759114,8
8684353274426756417,8
8684372323878621788,1
8685168852996440708,1
8685519846200759830,1
8685978339834488699,4
8686401382491198120,8
8686779298165385949,8
8686850587771206731,1
8686910865303845086,8
8687300722271711987,8
8687740010360535130,1
8688728481655387836,1
8689700088832123422,8
8689807428678287616,1
8690111168385984177,6
8690891353641463631,1
8690944583481580061,8
8691116426563007814,1
8691444518565218262,8
8691549876755499074,8
8691662935882023985,6
8692968033377987047,8
8693745658422093509,8
8693960090226565974,8
8694618707705970357,6
8695369165312104323,8
8696003226124334733,8
8696850099245905081,1
8697321460215167496,1
8698041851682406150,1
8698381943396479640,6
8698558890654460860,1
8699364577687926041,0
8699428832134251754,1
8699617220023797227,3
8700367367657448822,0
8700524442473263896,1
8701833450529760976,8
8702645966464391457,8
8702679344131899479,8
8702894439974117241,4
8703050682475625050,6
8703172145986803277,8
8704262283564404685,3
8704470484017517454,6
8704845539004007734,1
8705185806069097838,6
8705444600791843639,3
8706262614710946762,8
8706280628800674808,0
8706323259251094486,8
8706601874630001410,1
8706736060472444258,8
8706920276050572609,1
8707388138665114083,8
8707506678041249004,1
8708671235353398324,8
8708859294106086419,8
8709646797539264595,1
8709876257045736701,4
8712364908456355416,4
8713076459497500949,1
8713390869120911580,1
8713711568809444976,1
8715198256407388074,1
8715252589898667746,1
8715273568631560123,3
8715348998508384037,8
8715477848754686748,1
8716244237763720958,8
8716438613782604792,3
8717072267468231918,8
8717759609161495372,8
8717778549211172348,1
8717831413859455442,8
8718076773821563691,4
8718894937528042123,8
8719195783634585917,8
8719761081897723376,1
8719781548059412557,1
8720054945627462310,8
8720258781904224889,1
8721294543454274584,8
8721956434678592937,8
8722120357524151345,8
8722254813604207237,1
8722342621033117759,1
8723007059818079734,8
8723320943458863250,8
8723658678027153555,1
8723830762758118563,1
8724599106653620799,8
8724704497737349885,1
8725027681958404206,0
8725199284366264745,8
8725273964136146388,1
8725967312875006142,1
8726501658872170740,8
8726545299624768721,8
8726931894940565117,1
8727408422679245422,3
8727778946002636414,1
8727924347164838366,8
8728666930679242085,8
8729162853545308118,8
8729768707867317330,8
8729944638084105345,1
8731773449675021682,1
8732509479546292978,3
8732514773828092932,8
8733161019474565190,1
8733207307274707905,4
8733414572438386825,3
8734149061880276256,8
8734733726834129185,8
8734825241846474519,1
8735116521302426421,8
8735208876999553498,1
8735226198662297372,8
8735511649963483707,1
8735624807316225501,1
8735780187364565357,1
8735823784662388403,6
8736279171330014423,8
8736944570769798602,1
8737023597617234355,8
8737212007762227498,8
8737298905842985006,8
8738373566265906941,8
8738662578755007140,1
8739761680416453069,1
8739792171471203455,8
8740102980001033032,1
8740338228636510570,8
8740873472498118847,1
8741006236402306816,1
8741059725075462636,8
8741916475958902694,1
8742094650136679500,1
8742363894371007302,1
8742451109038788974,1
8742597323308353974,1
8743064300288943396,1
8744455227027015216,6
8744948007825102086,8
8745019905349343550,8
8745164697674344447,8
8745593605934633390,8
8745608231183806143,3
8745865993757221176,1
8746139427503550426,4
8746498067690094543,1
8746855890221758152,1
8747015025512290420,1
8747530760423128990,1
8747600560347089677,8
8747730550218611727,1
8748149480480855173,0
8748151115349016398,1
8748609602444106276,8
8748799408403516947,1
8748847738424564579,0
8750037421605976835,1
8750121584376493184,1
8750545437531537389,1
8750997530106786888,8
8751371316128210434,8
8751446418791214913,8
8751943170120435611,1
8751977529982396662,8
8752300758631579338,8
8752664924189179338,6
8753069428043143673,8
8753850190800086287,8
8754181397267894497,1
8754491757692651074,1
8754766463234290615,8
8754856045637284126,1
8755391027627875697,1
8756003579903968740,8
8756176916713584149,1
8756285630201423891,8
8756619748084321884,1
8756781367453648854,6
8757168740754741153,8
8757248996987043371,1
8759432819898821134,1
8760194989437700952,1
8760456151941397737,1
8760653398513218399,8
8761234720624758679,1
8761834957091365116,1
8763765612086630559,1
8764067746997896385,1
8764266762356298873,8
8764546720010794259,6
8764693703744759187,8
8765130716391973873,1
8765347691095872360,1
8765497757030451941,8
8765601758654707054,8
8766041518043577033,0
8767307462965133460,3
8767659770273416805,1
8768182913877648137,8
8768718200407235170,1
8770647281106133163,1
8770731907241018776,6
8770736891029233107,1
8770826538596752688,8
8771288091731001404,1
8772278242464378189,3
8772429763876514764,8
8772608922158946268,1
8772727246758225236,6
8772734125164050764,1
8772764534688071554,1
8773205518284318670,0
8773559995743326229,8
8775539960927727146,1
8775822041464785899,8
8776141508825954539,1
8776187785546312967,8
8776541468782357879,8
8776901251248519321,8
8777130398971511307,1
8777631886892868935,1
8778099101336433917,1
8778297835340841956,1
8778690542254370358,8
8778872766281273690,1
8779485623994151591,3
8779807551724100237,1
8780247424142171169,3
8780349862988518161,1
8782208400278719319,8
8782645076252368341,1
8782703022625382051,8
8783151766348941155,1
8783198489530755930,3
8783529621068494730,8
8783868643333860956,8
8784312619164233931,1
8784508689193899165,1
8785276941576499509,1
8785857288187202937,8
8785887476660313433,8
8786572442448082593,1
8787388248503834040,6
8787656642683881295,8
8788137958529378959,1
8788565503562530469,8
8788754688695348102,8
8789618321158175858,8
8789754531858881743,8
8789884844952315471,3
8790934797180700357,3
8791969614332093188,8
8792183387998129268,8
8793299235396264740,8
8795348913988012372,1
8795580267481538201,0
8796501731404478748,1
8796614920959351664,1
8796957614254050152,1
8797313073258269136,8
8797604198749672894,3
8797694679589832630,4
8799427167471793213,1
8799466901736871973,1
8799611824548055804,8
8799682561931742266,8
8800329227846825551,1
8800871400485157924,3
8801062673116411807,1
8801209196724885008,3
8801530388469039105,8
8802108631160776542,1
8802902121641532414,1
8803304948793769862,8
8804873946794173956,8
8805335539924304993,1
8805372327064853172,8
8805382119191737207,1
8805610655338701577,8
8805713428449192384,1
8806638885432594349,1
8807888007253870353,1
8808777200987856233,8
8809181567863476639,6
8810526725548259509,4
8810869420895978128,8
8811057218613016001,8
8811499013300019261,1
8811773992876682195,3
8811989840310911686,1
8812123404231457998,4
8812245747377305947,0
8813270173405967887,8
8813324454403027080,8
8813452148583512472,8
8814243306550388868,4
8814519257118570248,6
8814904044738494686,1
8814922706018612195,1
8815728754346249469,1
8816044822883429005,6
8816186948417355797,8
8816551365262114224,1
8816618222621065627,1
8817374089832812292,8
8817701495758489375,1
8817816844315170010,3
8820461934491111395,1
8820495090659861403,8
8821212462398569321,1
8821862001523789576,1
8822367354748556905,8
8822775702627284108,8
8822920937739019933,6
8822934521715787943,8
8823728168387957296,8
8824171478511605541,4
8824666674803543321,6
8824771257683179992,8
8825940437153254252,8
8826612150064563038,1
8827951563980824329,8
8828044118621618977,8
8828814086481251776,1
8828832584795635948,1
8829457195512099801,4
8829464682101975993,0
8830409497919366001,1
8831127585963837991,1
8831263113997963392,6
8831455006572826911,1
8831469466819312061,1
8831741332716712039,3
8832720111042390005,1
8833845968529616933,8
8834028107409242953,1
8834199392847238847,1
8834438050396854308,1
8834626913642469522,3
8834859543757565196,3
8835936952985812930,1
8836454340925085047,1
8836886530050728585,6
8836985390831826114,0
8837041067367761327,11
8837078498691101493,8
8837499025943651212,1
8838404057697016940,1
8838558743332268154,8
8838837797955603502,8
8838878004289457401,8
8839449461991208613,1
8839869583094447902,1
8840239402126490809,8
8841015001000832502,1
8841101419103300225,8
8841568888977677342,1
8843328736120314700,0
8843445370754770405,1
8843961337039671035,1
8844045896712965415,6
8845521564139098870,8
8845832782376674185,1
8845925035435653416,8
8846169782768598045,8
8846489805058010231,1
8846704023636103514,1
8847059727360033382,8
8847226917135986483,6
8847396805876704040,0
8848074318379726606,4
8848508140263999122,8
8848830665382066889,8
8848848429332880468,1
8849869965997183231,0
8850105819968430651,6
8850601027878831826,3
8850961699921360030,8
8851526630141274729,6
8851911003950121734,0
8852762272208634666,6
8852988976376405873,1
8853071724461769717,1
8853095383011210998,1
8853300933096612209,8
8853406539915067123,1
8853921332227873682,0
8854001315529565741,8
8854631274842312397,1
8854707710898376047,8
8855200704848231461,1
8855528296556361576,0
8855628190418004805,6
8855851970478773403,8
8856145753895189557,1
8856802872909039049,0
8857259817880096722,0
8857803375564647650,1
8858905083822182644,8
8859004482589058286,8
8859065152132099604,8
8859444356326017799,1
8859532456937089640,4
8861474138336696834,8
8862415961498614965,3
8862473428814858478,8
8863164562088434847,8
8864687405745695627,1
8864770418455586137,1
8865361513016627244,1
8865694981632383804,1
8865747562745146184,3
8866075993692694342,8
8866273499066251815,0
8867313957836680132,1
8867472143242405646,8
8867775509445445431,8
8867935263680687246,1
8868106941010522145,8
8868262532179556424,8
8868644359108549177,1
8868833899692311385,8
8868914713718928327,1
8869736409186522879,8
8870162918057351296,1
8870285448764392415,1
8870429688197765256,8
8870613069807843625,1
8871121203077918146,1
8871166573144812912,1
8871633463338725282,8
8871950392059638225,1
8871970988160121568,1
8872235928096481845,1
8872315816339487446,1
8872434747963800150,1
8872511631938748982,1
8872559280184694656,8
8872575642130634144,1
8872732845191854558,0
8872978857132845137,1
8873079684766103129,0
8873322164119075580,8
8873779054322077423,0
8873957930613462244,1
8874013015076168993,8
8874258781300765146,6
8874696782002528035,1
8874770445720943886,8
8874785313801447629,1
8874891016731416879,1
8874955276590390119,8
8875277782374948250,8
8876837731212193148,1
8877440886592861613,1
8877627695479728149,6
8877980813843031963,3
8878081545625451484,8
8878283326128389578,8
8878784167411179610,0
8878793526484799983,1
8878946884642399095,3
8879630430757531084,1
8880076370881176208,6
8880147850318024781,1
8880470339488354263,8
8881439299255789204,8
8881973184776509781,1
8882947689052473837,8
8883421841578607942,6
8884000530704838654,8
8884019972260708240,8
8884489135799470154,6
8884608374670487838,1
8885265203790362704,3
8885371208355920271,0
8885483585603891742,1
8886016133095082071,8
8886236314753450253,1
8886952006574206315,8
8886958101596092617,8
8887278125177891682,8
8888731502548349769,1
8889313337999913493,0
8889553807189507860,8
8889952571796550338,1
8889958898243963108,1
8889993572100232756,8
8890037908451684840,1
8890204816573200573,4
8890233040985796680,8
8891019197806619386,3
8891048077762227743,1
8891303702523189498,3
8891536163156997777,3
8892221565963068875,8
8892475663906819663,8
8892567588389535988,8
8892637456908782715,8
8892828343488963377,1
8893282743128243130,0
8893588080172489326,1
8894334107354324777,6
8894846928854396344,0
8895702479656648033,1
8895848565963921586,0
8895865269873724116,1
8895902915186477154,11
8895996987918469659,2
8896013786275207896,8
8896029066967450130,1
8896190382245751951,1
8896636893730851752,8
8897009968816991260,8
8897151087946954310,1
8897265509337882961,1
8897326596629029936,11
8897645960277401081,1
8898082804015526608,1
8898097999374734432,1
8898134333906522876,3
8898390659480763956,11
8898577418110156227,1
8898984138355879299,1
8899414873403004789,1
8901208993266402201,1
8901276286276627374,1
8901862938730976957,0
8902400845113007843,8
8902542273035012990,3
8902650196621789803,8
8902770467298325980,1
8902874290653812711,8
8903135874045905030,6
8903981789934271114,8
8904216628368785473,1
8904415928561775848,1
8905040636633477019,1
8905503109098051044,1
8906406441196983618,1
8906769888707938042,11
8906804779706530530,1
8906839415546866344,8
8907738821052531402,6
8909107483987085802,8
8909251221258560318,1
8909854022061202842,8
8910558739819385122,1
8911579684514002849,6
8911768737080407515,1
8912171450589846136,3
8912758845149252958,0
8913625021274048408,1
8914097591061069088,1
8914520167960054903,1
8915426233655465091,1
8916135077338748126,1
8916576558666831790,1
8917089320998981698,1
8917483303506831031,1
8917977303683265620,3
8918137400413385255,8
8918440911006295945,8
8918844802935803403,6
8919643097922915396,1
8920211426198399025,1
8920348999455240261,8
8920483528514627344,1
8920676305860835882,6
8920836391245141175,1
8920866151460959669,8
8921374609411791103,0
8921974568564019710,1
8922149771287899100,1
8922279868486704699,1
8922322307316583481,1
8922631970703894492,1
8922692504150928377,8
8922711032787683139,3
8922908760262576700,1
8923065925467365507,1
8923586133176594487,8
8923889684258235517,3
8924088331610259195,0
8924424955007514979,8
8924513900062642795,1
8924614436446471110,1
8924898010760626604,8
8925364256337411451,8
8925950185677325539,1
8926099987976921977,1
8926701520762027040,11
8926847478991029518,8
8928390345318878230,1
8928546048935803847,8
8928610723081189622,8
8928678379432789813,1
8929107803467731944,3
8929213848214220730,1
8929847895072561921,0
8930226231603995946,1
8930624398932834895,8
8930921046673072537,1
8930996215523480201,8
8931775374547499337,8
8933910278056120347,8
8934212273708126526,8
8934746470591811999,0
8934766225352454790,0
8936510448582058190,8
8937275791084624917,8
8937962129072092044,1
8938338692959143642,8
8938558716067156865,8
8938581803595569624,8
8938921868547430719,3
8939100211767327858,8
8940363094872729375,8
8940643578562639095,1
8940690218458530441,1
8941707168947090060,4
8942177243914480208,1
8942486865292502579,8
8943297743885528425,8
8943463543219266917,8
8943620861846230512,6
8944810499861196598,8
8944820119899642747,1
8945045932207269665,8
8945085431540773797,1
8945249905137156084,3
8945499297038111733,1
8946665733095747609,1
8947805822222050346,8
8948624301149724995,8
8948713223716586084,8
8948955483367639182,1
8949188526543490637,1
8949295909988603332,6
8949480174104655844,1
8950039394661948292,1
8950526359211125095,0
8950952552344454918,0
8951873949076073485,1
8951972176187782284,1
8952823070061332957,1
8953306806886092572,1
8953317922466832766,0
8953546895412175945,1
8953601491229553650,8
8954137953407386498,0
8954458708846501822,8
8954648207262181363,8
8955019103629391894,0
8955065764529527487,1
8955348857469093464,1
8955557319732740741,0
8955999924171357790,8
8956029894348668245,8
8956059284525525462,8
8956532717568639077,8
8956702445188509598,1
8956968992941673065,1
8957157770546670932,8
8957662049129882363,1
8958084612078887745,8
8958334536367616955,0
8958355328377083085,8
8958462207970357693,8
8959012163763225369,6
8959362903440008543,1
8959440609781564858,1
8960658558596373448,6
8960916807569692295,1
8960988967323505791,1
8961068871113969258,1
8961429591384283360,1
8962130923772345427,1
8962958687853490928,6
8962962002465420026,1
8963052321499171482,8
8963200069762869540,1
8963360737049765336,6
8963568540682036266,1
8965421218503802566,8
8967882744595653018,1
8968730668433643962,1
8969301481277353542,1
8969367841058459902,8
8969526759900603105,1
8969604242933019914,8
8969997430443544981,1
8970589593783399545,1
8970682121266029206,6
8971347197982752465,0
8971356803795460488,1
8971893898579544235,1
8972611305827962300,0
8972706523028362649,8
8973590052978388634,1
8973653075817507587,3
8974440909033797056,1
8975718954643926675,8
8975784420855095283,8
8976270480154958019,3
8976302663591062890,1
8976574737301331436,1
8976810084627894474,3
8977176930212855126,1
8977339736179150741,4
8980371745930422011,1
8980501981904226310,1
8980724468505580682,1
8980848270513853208,1
8981758584345798463,3
8981993897471075094,1
8982544553986882726,1
8982767783584650270,1
8982805650799378169,8
8983031575413955734,1
8983173133290051410,8
8983205884748051801,1
8983305661660794877,8
8983945376181950484,1
8984014746248002447,8
8984100706904000358,3
8984546788451133017,1
8985025729276028209,1
8985058745089969885,1
8985095335846292121,1
8985375940405940118,8
8985398501672028637,1
8985809717514332570,0
8986307711563571423,1
8987704776229160529,4
8988628109856603092,8
8990891064389045014,3
8990996985511854842,1
8991057035619124422,1
8991109991111185097,6
8991392783961114486,4
8991556480343053777,1
8991644566753997103,1
8991707809612560521,4
8992483325052034988,1
8992646941411182891,1
8993243400688409735,11
8993378903813550922,8
8993478604643147457,1
8994571870264567677,1
8994966168110607541,8
8995146590279388004,8
8995311210631816283,6
8995442491169536841,3
8995709096442880345,8
8995851513578358678,8
8995931082938650697,1
8996398513509601567,1
8996749936814406753,4
8996799242456455488,8
8996902686354142332,6
8996949364548003780,1
8997462447789755124,1
8999214655925058798,1
9000771204998110874,8
9000961538466370926,1
9001420902997644663,8
9001519821228036486,1
9002135441116972665,1
9003566261008349036,1
9003621419356147183,8
9003644053871783214,6
9004374707568491570,8
9004388971716358698,6
9005074589255916392,8
9005275008606191176,1
9005307345802680442,8
9006210192600460116,1
9006472696520985818,1
9006659858139883720,1
9007396849497712397,1
9007401704635396120,1
9007611800238243140,1
9007642564539681747,8
9007973551563568550,1
9008763276587232601,3
9008945102274674861,0
9009284017231286782,1
9009365188330241461,8
9009385716225296669,1
9011015043180587864,1
9011288431719195543,3
9011566452376446465,8
9012228938744967057,1
9012549334834184398,0
9013058016674726105,8
9013789673747238825,6
9014433312276149339,0
9015011368271454247,1
9015578759836118995,8
9017608835020002856,8
9018257599476340135,8
9018444317477814910,11
9018751463920492920,0
9018891217132754153,1
9019266009355394096,8
9019315704807298268,8
9019451566026670270,1
9019774374352638222,0
9020255327506186364,1
9021430064056291484,8
9021901068198747258,1
9022495020731189329,6
9023619674688985651,1
9023716494654158652,8
9023801774322989704,8
9024328372474120795,3
9024772562379259601,8
9025048566377032009,1
9026081388125339020,8
9026173842402590672,1
9026395315887190620,8
9027088718554184032,6
9027377314758302019,8
9027411545537058517,8
9027639107792328528,0
9027966133851263617,8
9028126124252846550,8
9028134109367327560,1
9028190919380409226,8
9028635466975731204,1
9028778444775289686,6
9029283098058218625,1
9030539814686132531,0
9030599393820114361,1
9030971470914625612,6
9031832835842620344,1
9033631136663420216,1
9034114946032467285,0
9034660489720902941,1
9035869480030726062,8
9036192668962862099,11
9036792835896472805,8
9036962293154594303,8
9037104230533367569,0
9037615507776759103,1
9037925295414673597,6
9038122176116949542,1
9038394119506199701,1
9039005170383073463,8
9040103790844851062,8
9040165155263418551,6
9040173335548872659,8
9040634339558707717,0
9040775989549699396,1
9040791865370476433,8
9042039039731646385,3
9043158998352825348,1
9043612407528628711,1
9044397588478547420,1
9044400665378275616,1
9044512413224431860,11
9044900396738187207,8
9046468955176268339,0
9046507638377758757,0
9046819808866501448,1
9047207447315409564,3
9047244576407600764,8
9047593030233623852,8
9047594669927952686,1
9047962867338216332,8
9048325645522759023,1
9048894982065930066,3
9049754432020047798,3
9049863164616766759,8
9049955275257359098,8
9050456197296055738,8
9050583045688203146,1
9051809728697216750,8
9052568679748269605,8
9052710867505054970,8
9053313828449682033,1
9053361956697310554,8
9053403394183598014,4
9053691299457743827,8
9054547341939978697,1
9054584496858087360,1
9055133799717587307,1
9055169951804696048,1
9055523770639991590,1
9055594058992683014,1
9056083130550606306,1
9056184301479389255,3
9056355225562175899,1
9056514806795308459,1
9056592750807420850,3
9056683740324508658,8
9057345255370657397,1
9057587203849397163,1
9057728538753515963,1
9058263837749030301,8
9058333415804874030,8
9059032859135132039,8
9059213897892511730,3
9060044816498144189,1
9060189346543278218,8
9060964400089016309,1
9061587914329730665,8
9061925472135159783,1
9062477815895154585,1
9062610801395765492,1
9062770293838510026,1
9063660469991395462,6
9063817031571069294,1
9063892169285685898,8
9064712496364997032,1
9066258123085977620,1
9066449669370922763,6
9066975219689833606,1
9067584930766562681,1
9068860419652805931,1
9069072878483793581,8
9069130822344827695,1
9069298448421972079,8
9069370118730609541,1
9070168471900439177,6
9070307145884998919,8
9070723343903080514,1
9070930357384479211,1
9071771347098105771,0
9071946488426089891,3
9072125597345387464,6
9072460925378291246,1
9073207481435726763,0
9073584542849836549,1
9073778480849393753,8
9073864383312239828,3
9074108147429915974,3
9074146197608057038,8
9074693416402189198,1
9074741707655472997,1
9075186058745327157,1
9076368596083780815,8
9076591253727580376,8
9077460163663143252,1
9077520314572908351,1
9077524628403014551,8
9078256672028374355,1
9078296081381416140,1
9079253804849871732,8
9079697238805116583,1
9079794730242861331,8
9080047896716934701,1
9080975400161482590,3
9082181832583846724,0
9082270954877785441,8
9082860047241105801,0
9083077642262159134,1
9083654111707458735,1
9084103254188316217,0
9084375688896438906,1
9084651920920896647,1
9084664046034070511,1
9085251769409668667,0
9085967344169486025,8
9086825041638526343,8
9088130072498160875,1
9088607960539178771,8
9088847198327361067,1
9089233838444061529,8
9089658210789929081,1
9090093084481278055,11
9090255889763398181,1
9090514259289206027,8
9091587520291596910,1
9092327335107862886,1
9092573201169973668,8
9093004977777326726,8
9093188544802346306,3
9093974597872111165,8
9094259447096012026,8
9094609036005862326,1
9094645416903774658,8
9094648702883519761,8
9095181562028237026,1
9095218002367950937,4
9095333657335970069,1
9095349436258991553,8
9096364236352637646,8
9097064431920485391,1
9097103872941318696,1
9097589278338830437,8
9097741862555430196,8
9098001840058558144,8
9098065145754408806,8
9098425648091017554,8
9098605519954113292,8
9099146398975592518,1
9099447004863711723,5
9099704590345628710,1
9099862364233072108,1
9100083268743938405,8
9100464758258986016,8
9100688196939078960,1
9100707992214153645,1
9100836002078795452,0
9100952590115939151,0
9101441027185481223,1
9101481688845222238,1
9101942982087725184,8
9102512765360507234,8
9103054198594380869,1
9103746516362227170,3
9103847891596385120,8
9104998009873411039,1
9105440943211972090,1
9105510332823761841,0
9105629454314160458,0
9106486738521144699,1
9106539216890983295,1
9107906013425720603,0
9108396934435978495,1
9108605362510651330,1
9110291877265321612,1
9110362646316091393,8
9110395254156304653,1
9110851464384306724,1
9111164680303112068,1
9111178935447269327,8
9111664317936429838,1
9111983111267246692,1
9112181808465248846,1
9112269304249619573,8
9112636776649251903,1
9112926285989360500,1
9113094324444377341,8
9113125642376994331,6
9113164824428648432,8
9113502853794122698,1
9114667524443302739,1
9115312341304836820,8
9115325316665927197,3
9115563210670458584,1
9115876864836084428,6
9116199246190160481,8
9116205260683111378,1
9117253482540248277,6
9117498942824808012,8
9117882283049457682,1
9119327923924313591,8
9119436228613123200,8
9119592715327765510,3
9120453351656744501,1
9121170434910458913,0
9121856348985804226,1
9122191049866965645,1
9122545005616428671,1
9122594212566191686,6
9122720022222323339,9
9122751315491517858,1
9122773597393286408,8
9123850117872008090,1
9123910480732447611,8
9124220390778049005,3
9125043291531745695,1
9125229960123824727,8
9125811960799044517,6
9126289351156365450,8
9126453726862678799,3
9126694151667606112,8
9127128872713018045,3
9127994684820788760,1
9128177608810368221,1
9128803943391698679,6
9128831853445274881,3
9128939391119796205,1
9129430728954362322,3
9129497990145696927,8
9129544887386418917,1
9129707937428447703,6
9130425776279626077,8
9130749013017524441,8
9131213622745930460,3
9131322749325367191,8
9131425422376605409,1
9131640351725865160,8
9131756766214278687,1
9131790212323912039,1
9131917864331359001,6
9132118022176312425,8
9132224857593453884,8
9132263680218907127,0
9132395381875564429,1
9133538753330037079,0
9133657471863002141,1
9134391641163987789,8
9134608239542342509,8
9135142315688951456,8
9135407675197435306,8
9135484207943551399,8
9135973196405955995,1
9136888108718069106,8
9136995682915759828,8
9137223848045084313,1
9137413275291568968,1
9137879399207941225,1
9137967587871021981,1
9138189815581532682,8
9138612887499075154,8
9138667875548009818,1
9138668631665346165,1
9138730918332605342,1
9139341550656909467,8
9139444617933965463,0
9139560756135435610,0
9139925071504479887,0
9141468556859127580,8
9142549957341239787,8
9143335924069836173,8
9143425825556720969,4
9143596085073025381,1
9143765293303233994,8
9143859155191059265,8
9143966419732839340,1
9144161541089840745,8
9144622778681551290,1
9144626960290779683,1
9145074741161645331,1
9145098164322554528,1
9145141077235292320,8
9146244940595989753,3
9146842121687262105,1
9146865366890002551,8
9147057237115723559,1
9147768130676230733,1
9147922508017029091,3
9148272126183834303,0
9148442421530482614,8
9148685705154305448,6
9148822325284907068,3
9148981013505340877,8
9149074988619727961,8
9149371175549128815,1
9149399742990572918,1
9149800035882505500,1
9150941583356469432,1
9151083662936476325,8
9151372253159010431,1
9151649219313603452,1
9151689281583792216,8
9152508399262035105,1
9153002895322464544,0
9153262456554122465,1
9153498090919115089,8
9153752713974144002,6
9154263072537405220,3
9154494052593036691,8
9154542182486651656,4
9155223539654781852,1
9155794368658100122,8
9156159853778851166,8
9156412407404362096,1
9156775308476327593,1
9156863266937013958,8
9156902191299441177,1
9157461364354584152,1
9157743944478646706,1
9159128948169600619,8
9159173646254577392,1
9159362682227746032,1
9160299037157948203,1
9160796703302881264,2
9161267399509284623,1
9161278863401044490,0
9161530482690745528,8
9162586155917718423,1
9163290113392533914,8
9163807899833139121,1
9164345825328850105,8
9165293430447129787,1
9165542771552085305,1
9165566185540517782,1
9165568172412334733,8
9165820135569728315,1
9165833467335663059,1
9166223071766490924,1
9167231625828790307,8
9167304824792138185,1
9167866805153896691,1
9167969729828872003,8
9168385482041509450,1
9168658336172042417,0
9168813959310450058,8
9169060823261137688,8
9169137031804201760,1
9169347186137987633,8
9169585828319160736,8
9170031546534583071,8
9172802364261573026,0
9173199815015538212,8
9173359130005151383,1
9173511916752047960,1
9174032171704567024,1
9174110971798374934,3
9174224644246303358,1
9174401014317023352,1
9174592858900706223,1
9174720966448299466,3
9175125117326979185,1
9175388788008788314,4
9175472514094625994,0
9175537553827366976,0
9175791667485679246,1
9175864394669213733,3
9176190371223348485,8
9176263204797010146,11
9177324316247652938,1
9178322782668526841,1
9178477233266598338,3
9178484260564226328,3
9178952839479514813,0
9178995605594223010,0
9179356874703281551,1
9180164792650622841,3
9180807388475493280,6
9180991745573265742,8
9181257092387158847,4
9181414274741530589,1
9181742166220417076,1
9181863108539738899,8
9182166073655194136,1
9182267430703070080,1
9182697679249765023,3
9183029228356285844,8
9183289340489989286,1
9184180712933300744,8
9184559404755254377,8
9184959526239969163,1
9185617829711213989,8
9186241875640781721,8
9186264294774983360,8
9187102382437816347,3
9187317312273890726,6
9188308593588332373,3
9189575208098729931,1
9189829757055547204,1
9190184723818081905,3
9191390943315740642,1
9191637875257566594,1
9191711831261586882,8
9192646673768189325,8
9193869219664618844,8
9195104608897052150,1
9195374981811260935,1
9195657944928104324,1
9196033909272165480,6
9196168655630883602,8
9196531134688770229,1
9197371713182649170,8
9197800302062636934,8
9197959447185136185,1
9198591376250280513,8
9198849030420592774,8
9198888305681860769,1
9198976590944778834,1
9199468486289714987,1
9201186293149821635,8
9201591223171152596,8
9201658649856236994,8
9202490228969250789,1
9203332014457947707,1
9203599689587740364,8
9203652544205034024,1
9203790828755100013,8
9203820802864452282,1
9204149969329725788,8
9204151410991164318,8
9204192421072332616,8
9204198101376364948,8
9204833991506865129,1
9205178156268639640,8
9205770903192067975,8
9205813210619045111,0
9206388400430929829,1
9207307544525686447,6
9207438706845635627,6
9207746179131534896,1
9207775101962733174,1
9207848331571087403,8
9208483601823077132,1
9209004015729845555,8
9209043668482415835,8
9209076609323196224,1
9209203305668322710,8
9209337043266813528,8
9209498710003289081,8
9210224656797211884,8
9210510568252792087,1
9210786274748256990,1
9211120551220754330,1
9211607823870317301,8
9213222644398971094,8
9213456897588288451,1
9214280434151316605,8
9214599138352366254,8
9214796566095378408,8
9214873536294101325,1
9215067244773439263,8
9215619501037341339,8
9216023949759677457,8
9216027822061146985,8
9216544003932784678,8
9216586288937763843,0
9217320841919922730,1
9217669094222521548,8
9218091593933700758,0
9219629885111570880,1
9219908584075827823,1
9219929557141091422,1
9220264484457339243,8
9221006514329176999,6
9221184527699631149,8
9221362645235132963,1
9221919337691889137,3
9222253247673918333,8
